2025-07-15 23:40:07,166 [DEBUG] [asyncio] [proactor_events.py:631] Using proactor: IocpProactor
2025-07-15 23:40:08,505 [INFO] [apscheduler.scheduler] [base.py:214] Scheduler started
2025-07-15 23:40:08,526 [INFO] [__main__] [main.py:116] Bot starting… version MasterBot 12.92‑refactor
2025-07-15 23:40:08,543 [INFO] [__main__] [main.py:62] [startup] config.json loaded
2025-07-15 23:40:08,790 [INFO] [__main__] [main.py:71] [startup] tokens.json loaded
2025-07-15 23:40:08,865 [INFO] [__main__] [main.py:81] [startup] admin_chat_id=-4738242986
2025-07-15 23:40:08,894 [DEBUG] [aiosqlite] [core.py:104] executing <function connect.<locals>.connector at 0x000002CB7EAEEAC0>
2025-07-15 23:40:08,908 [DEBUG] [apscheduler.scheduler] [base.py:1151] Looking for jobs to run
2025-07-15 23:40:08,920 [DEBUG] [apscheduler.scheduler] [base.py:1252] No jobs; waiting until a job is added
2025-07-15 23:40:09,020 [DEBUG] [aiosqlite] [core.py:106] operation <function connect.<locals>.connector at 0x000002CB7EAEEAC0> completed
2025-07-15 23:40:09,021 [DEBUG] [aiosqlite] [core.py:104] executing functools.partial(<built-in method execute of sqlite3.Connection object at 0x000002CB7E8AB880>, '\nCREATE TABLE IF NOT EXISTS users (\n    user_id         INTEGER PRIMARY KEY,\n    first_name      TEXT,\n    last_name       TEXT,\n    role            TEXT,\n    scenario_access TEXT,\n    updated_at      TIMESTAMP DEFAULT CURRENT_TIMESTAMP\n);\n', [])
2025-07-15 23:40:09,028 [DEBUG] [aiosqlite] [core.py:106] operation functools.partial(<built-in method execute of sqlite3.Connection object at 0x000002CB7E8AB880>, '\nCREATE TABLE IF NOT EXISTS users (\n    user_id         INTEGER PRIMARY KEY,\n    first_name      TEXT,\n    last_name       TEXT,\n    role            TEXT,\n    scenario_access TEXT,\n    updated_at      TIMESTAMP DEFAULT CURRENT_TIMESTAMP\n);\n', []) completed
2025-07-15 23:40:09,030 [DEBUG] [aiosqlite] [core.py:104] executing functools.partial(<built-in method execute of sqlite3.Connection object at 0x000002CB7E8AB880>, "INSERT OR IGNORE INTO users(user_id, role) VALUES (?, 'руководитель')", (1018880781,))
2025-07-15 23:40:09,032 [DEBUG] [aiosqlite] [core.py:106] operation functools.partial(<built-in method execute of sqlite3.Connection object at 0x000002CB7E8AB880>, "INSERT OR IGNORE INTO users(user_id, role) VALUES (?, 'руководитель')", (1018880781,)) completed
2025-07-15 23:40:09,034 [DEBUG] [aiosqlite] [core.py:104] executing functools.partial(<built-in method commit of sqlite3.Connection object at 0x000002CB7E8AB880>)
2025-07-15 23:40:09,035 [DEBUG] [aiosqlite] [core.py:106] operation functools.partial(<built-in method commit of sqlite3.Connection object at 0x000002CB7E8AB880>) completed
2025-07-15 23:40:09,036 [DEBUG] [aiosqlite] [core.py:104] executing functools.partial(<built-in method close of sqlite3.Connection object at 0x000002CB7E8AB880>)
2025-07-15 23:40:09,037 [DEBUG] [aiosqlite] [core.py:106] operation functools.partial(<built-in method close of sqlite3.Connection object at 0x000002CB7E8AB880>) completed
2025-07-15 23:40:09,038 [INFO] [__main__] [main.py:87] [startup] DB initialised (C:\Users\DELL\Desktop\gpt\Masterbot1\checklists.db)
2025-07-15 23:40:09,038 [INFO] [__main__] [main.py:92] [startup] MasterBot MasterBot 12.92‑refactor ready
2025-07-15 23:40:09,039 [INFO] [aiogram.dispatcher] [dispatcher.py:566] Start polling
2025-07-15 23:40:09,650 [INFO] [aiogram.dispatcher] [dispatcher.py:363] Run polling for bot @masbot12_bot id=7637424219 - 'masterbot12'
2025-07-15 23:41:20,730 [INFO] [aiogram.event] [dispatcher.py:172] Update id=861001229 is not handled. Duration 67 ms by bot id=7637424219
2025-07-16 00:10:49,374 [DEBUG] [asyncio:631] Using proactor: IocpProactor
2025-07-16 09:34:43,131 [DEBUG] [asyncio:631] Using proactor: IocpProactor
2025-07-16 09:41:39,573 [DEBUG] [asyncio:631] Using proactor: IocpProactor
2025-07-16 09:41:41,126 [INFO] [apscheduler.scheduler:214] Scheduler started
2025-07-16 09:41:41,156 [INFO] [__main__:102] Bot starting… version MasterBot 12.92‑refactor
2025-07-16 09:41:41,705 [DEBUG] [apscheduler.scheduler:1151] Looking for jobs to run
2025-07-16 09:41:41,705 [DEBUG] [apscheduler.scheduler:1252] No jobs; waiting until a job is added
2025-07-16 09:43:20,229 [DEBUG] [asyncio:631] Using proactor: IocpProactor
2025-07-16 09:43:21,011 [INFO] [apscheduler.scheduler:214] Scheduler started
2025-07-16 09:43:21,011 [INFO] [__main__:94] Bot starting… version MasterBot 12.92‑refactor
2025-07-16 09:43:21,013 [DEBUG] [aiosqlite:104] executing <function connect.<locals>.connector at 0x0000026EC82B28E0>
2025-07-16 09:43:21,013 [DEBUG] [apscheduler.scheduler:1151] Looking for jobs to run
2025-07-16 09:43:21,044 [DEBUG] [apscheduler.scheduler:1252] No jobs; waiting until a job is added
2025-07-16 09:43:21,199 [DEBUG] [aiosqlite:106] operation <function connect.<locals>.connector at 0x0000026EC82B28E0> completed
2025-07-16 09:43:21,200 [DEBUG] [aiosqlite:104] executing functools.partial(<built-in method execute of sqlite3.Connection object at 0x0000026EC80B75B0>, '\nCREATE TABLE IF NOT EXISTS users (\n    user_id         INTEGER PRIMARY KEY,\n    first_name      TEXT,\n    last_name       TEXT,\n    role            TEXT,\n    scenario_access TEXT,\n    updated_at      TIMESTAMP DEFAULT CURRENT_TIMESTAMP\n);\n', [])
2025-07-16 09:43:21,205 [DEBUG] [aiosqlite:106] operation functools.partial(<built-in method execute of sqlite3.Connection object at 0x0000026EC80B75B0>, '\nCREATE TABLE IF NOT EXISTS users (\n    user_id         INTEGER PRIMARY KEY,\n    first_name      TEXT,\n    last_name       TEXT,\n    role            TEXT,\n    scenario_access TEXT,\n    updated_at      TIMESTAMP DEFAULT CURRENT_TIMESTAMP\n);\n', []) completed
2025-07-16 09:43:21,206 [DEBUG] [aiosqlite:104] executing functools.partial(<built-in method execute of sqlite3.Connection object at 0x0000026EC80B75B0>, "INSERT OR IGNORE INTO users(user_id, role) VALUES (?, 'руководитель')", (1018880781,))
2025-07-16 09:43:21,207 [DEBUG] [aiosqlite:106] operation functools.partial(<built-in method execute of sqlite3.Connection object at 0x0000026EC80B75B0>, "INSERT OR IGNORE INTO users(user_id, role) VALUES (?, 'руководитель')", (1018880781,)) completed
2025-07-16 09:43:21,208 [DEBUG] [aiosqlite:104] executing functools.partial(<built-in method commit of sqlite3.Connection object at 0x0000026EC80B75B0>)
2025-07-16 09:43:21,209 [DEBUG] [aiosqlite:106] operation functools.partial(<built-in method commit of sqlite3.Connection object at 0x0000026EC80B75B0>) completed
2025-07-16 09:43:21,210 [DEBUG] [aiosqlite:104] executing functools.partial(<built-in method close of sqlite3.Connection object at 0x0000026EC80B75B0>)
2025-07-16 09:43:21,211 [DEBUG] [aiosqlite:106] operation functools.partial(<built-in method close of sqlite3.Connection object at 0x0000026EC80B75B0>) completed
2025-07-16 09:43:21,212 [INFO] [__main__:49] [startup] Leader‑ID 1018880781 гарантирован в БД
2025-07-16 09:43:21,213 [INFO] [aiogram.dispatcher:566] Start polling
2025-07-16 09:43:23,796 [INFO] [aiogram.dispatcher:363] Run polling for bot @masbot12_bot id=7637424219 - 'masterbot12'
2025-07-16 09:43:50,378 [INFO] [aiogram.event:172] Update id=861001230 is not handled. Duration 135 ms by bot id=7637424219
2025-07-16 09:43:50,379 [ERROR] [aiogram.event:315] Cause exception while process update id=861001230 by bot id=7637424219
AttributeError: type object 'Bot' has no attribute 'get_current'
Traceback (most recent call last):
  File "C:\Users\DELL\AppData\Local\Programs\Python\Python313\Lib\site-packages\aiogram\dispatcher\dispatcher.py", line 309, in _process_update
    response = await self.feed_update(bot, update, **kwargs)
               ^^^^^^^^^^^^^^^^^^^^^^^^^^^^^^^^^^^^^^^^^^^^^
  File "C:\Users\DELL\AppData\Local\Programs\Python\Python313\Lib\site-packages\aiogram\dispatcher\dispatcher.py", line 158, in feed_update
    response = await self.update.wrap_outer_middleware(
               ^^^^^^^^^^^^^^^^^^^^^^^^^^^^^^^^^^^^^^^^
    ...<7 lines>...
    )
    ^
  File "C:\Users\DELL\AppData\Local\Programs\Python\Python313\Lib\site-packages\aiogram\dispatcher\middlewares\error.py", line 25, in __call__
    return await handler(event, data)
           ^^^^^^^^^^^^^^^^^^^^^^^^^^
  File "C:\Users\DELL\AppData\Local\Programs\Python\Python313\Lib\site-packages\aiogram\dispatcher\middlewares\user_context.py", line 56, in __call__
    return await handler(event, data)
           ^^^^^^^^^^^^^^^^^^^^^^^^^^
  File "C:\Users\DELL\AppData\Local\Programs\Python\Python313\Lib\site-packages\aiogram\fsm\middleware.py", line 42, in __call__
    return await handler(event, data)
           ^^^^^^^^^^^^^^^^^^^^^^^^^^
  File "C:\Users\DELL\AppData\Local\Programs\Python\Python313\Lib\site-packages\aiogram\dispatcher\event\telegram.py", line 121, in trigger
    return await wrapped_inner(event, kwargs)
           ^^^^^^^^^^^^^^^^^^^^^^^^^^^^^^^^^^
  File "C:\Users\DELL\AppData\Local\Programs\Python\Python313\Lib\site-packages\aiogram\dispatcher\event\handler.py", line 43, in call
    return await wrapped()
           ^^^^^^^^^^^^^^^
  File "C:\Users\DELL\AppData\Local\Programs\Python\Python313\Lib\site-packages\aiogram\dispatcher\dispatcher.py", line 276, in _listen_update
    return await self.propagate_event(update_type=update_type, event=event, **kwargs)
           ^^^^^^^^^^^^^^^^^^^^^^^^^^^^^^^^^^^^^^^^^^^^^^^^^^^^^^^^^^^^^^^^^^^^^^^^^^
  File "C:\Users\DELL\AppData\Local\Programs\Python\Python313\Lib\site-packages\aiogram\dispatcher\router.py", line 146, in propagate_event
    return await observer.wrap_outer_middleware(_wrapped, event=event, data=kwargs)
           ^^^^^^^^^^^^^^^^^^^^^^^^^^^^^^^^^^^^^^^^^^^^^^^^^^^^^^^^^^^^^^^^^^^^^^^^
  File "C:\Users\DELL\AppData\Local\Programs\Python\Python313\Lib\site-packages\aiogram\dispatcher\router.py", line 141, in _wrapped
    return await self._propagate_event(
           ^^^^^^^^^^^^^^^^^^^^^^^^^^^^
        observer=observer, update_type=update_type, event=telegram_event, **data
        ^^^^^^^^^^^^^^^^^^^^^^^^^^^^^^^^^^^^^^^^^^^^^^^^^^^^^^^^^^^^^^^^^^^^^^^^
    )
    ^
  File "C:\Users\DELL\AppData\Local\Programs\Python\Python313\Lib\site-packages\aiogram\dispatcher\router.py", line 166, in _propagate_event
    response = await observer.trigger(event, **kwargs)
               ^^^^^^^^^^^^^^^^^^^^^^^^^^^^^^^^^^^^^^^
  File "C:\Users\DELL\AppData\Local\Programs\Python\Python313\Lib\site-packages\aiogram\dispatcher\event\telegram.py", line 121, in trigger
    return await wrapped_inner(event, kwargs)
           ^^^^^^^^^^^^^^^^^^^^^^^^^^^^^^^^^^
  File "C:\Users\DELL\AppData\Local\Programs\Python\Python313\Lib\site-packages\aiogram\dispatcher\event\handler.py", line 43, in call
    return await wrapped()
           ^^^^^^^^^^^^^^^
  File "C:\Users\DELL\Desktop\gpt\Masterbot1\main.py", line 58, in start_handler
    await delete_previous_private_messages(uid)
  File "C:\Users\DELL\Desktop\gpt\Masterbot1\core\utils.py", line 43, in delete_previous_private_messages
    bot = Bot.get_current()
          ^^^^^^^^^^^^^^^
AttributeError: type object 'Bot' has no attribute 'get_current'
2025-07-16 09:52:30,958 [DEBUG] [asyncio:631] Using proactor: IocpProactor
2025-07-16 09:52:31,657 [INFO] [apscheduler.scheduler:214] Scheduler started
2025-07-16 09:52:31,657 [INFO] [__main__:101] Bot starting… version MasterBot 12.92‑refactor
2025-07-16 09:52:31,672 [DEBUG] [aiosqlite:104] executing <function connect.<locals>.connector at 0x000001EBE8902980>
2025-07-16 09:52:31,673 [DEBUG] [apscheduler.scheduler:1151] Looking for jobs to run
2025-07-16 09:52:31,674 [DEBUG] [apscheduler.scheduler:1252] No jobs; waiting until a job is added
2025-07-16 09:52:31,692 [DEBUG] [aiosqlite:106] operation <function connect.<locals>.connector at 0x000001EBE8902980> completed
2025-07-16 09:52:31,692 [DEBUG] [aiosqlite:104] executing functools.partial(<built-in method execute of sqlite3.Connection object at 0x000001EBE87075B0>, '\nCREATE TABLE IF NOT EXISTS users (\n    user_id         INTEGER PRIMARY KEY,\n    first_name      TEXT,\n    last_name       TEXT,\n    role            TEXT,\n    scenario_access TEXT,\n    updated_at      TIMESTAMP DEFAULT CURRENT_TIMESTAMP\n);\n', [])
2025-07-16 09:52:31,695 [DEBUG] [aiosqlite:106] operation functools.partial(<built-in method execute of sqlite3.Connection object at 0x000001EBE87075B0>, '\nCREATE TABLE IF NOT EXISTS users (\n    user_id         INTEGER PRIMARY KEY,\n    first_name      TEXT,\n    last_name       TEXT,\n    role            TEXT,\n    scenario_access TEXT,\n    updated_at      TIMESTAMP DEFAULT CURRENT_TIMESTAMP\n);\n', []) completed
2025-07-16 09:52:31,700 [DEBUG] [aiosqlite:104] executing functools.partial(<built-in method execute of sqlite3.Connection object at 0x000001EBE87075B0>, "INSERT OR IGNORE INTO users(user_id, role) VALUES (?, 'руководитель')", (1018880781,))
2025-07-16 09:52:31,702 [DEBUG] [aiosqlite:106] operation functools.partial(<built-in method execute of sqlite3.Connection object at 0x000001EBE87075B0>, "INSERT OR IGNORE INTO users(user_id, role) VALUES (?, 'руководитель')", (1018880781,)) completed
2025-07-16 09:52:31,703 [DEBUG] [aiosqlite:104] executing functools.partial(<built-in method commit of sqlite3.Connection object at 0x000001EBE87075B0>)
2025-07-16 09:52:31,704 [DEBUG] [aiosqlite:106] operation functools.partial(<built-in method commit of sqlite3.Connection object at 0x000001EBE87075B0>) completed
2025-07-16 09:52:31,704 [DEBUG] [aiosqlite:104] executing functools.partial(<built-in method close of sqlite3.Connection object at 0x000001EBE87075B0>)
2025-07-16 09:52:31,705 [DEBUG] [aiosqlite:106] operation functools.partial(<built-in method close of sqlite3.Connection object at 0x000001EBE87075B0>) completed
2025-07-16 09:52:31,706 [INFO] [__main__:50] [startup] Leader‑ID 1018880781 гарантирован в БД
2025-07-16 09:52:31,707 [INFO] [aiogram.dispatcher:566] Start polling
2025-07-16 09:52:33,251 [INFO] [aiogram.dispatcher:363] Run polling for bot @masbot12_bot id=7637424219 - 'masterbot12'
2025-07-16 09:58:17,774 [INFO] [aiogram.event:172] Update id=861001231 is not handled. Duration 1 ms by bot id=7637424219
2025-07-16 09:58:17,775 [ERROR] [aiogram.event:315] Cause exception while process update id=861001231 by bot id=7637424219
RuntimeError: asyncio.run() cannot be called from a running event loop
Traceback (most recent call last):
  File "C:\Users\DELL\AppData\Local\Programs\Python\Python313\Lib\site-packages\aiogram\dispatcher\dispatcher.py", line 309, in _process_update
    response = await self.feed_update(bot, update, **kwargs)
               ^^^^^^^^^^^^^^^^^^^^^^^^^^^^^^^^^^^^^^^^^^^^^
  File "C:\Users\DELL\AppData\Local\Programs\Python\Python313\Lib\site-packages\aiogram\dispatcher\dispatcher.py", line 158, in feed_update
    response = await self.update.wrap_outer_middleware(
               ^^^^^^^^^^^^^^^^^^^^^^^^^^^^^^^^^^^^^^^^
    ...<7 lines>...
    )
    ^
  File "C:\Users\DELL\AppData\Local\Programs\Python\Python313\Lib\site-packages\aiogram\dispatcher\middlewares\error.py", line 25, in __call__
    return await handler(event, data)
           ^^^^^^^^^^^^^^^^^^^^^^^^^^
  File "C:\Users\DELL\AppData\Local\Programs\Python\Python313\Lib\site-packages\aiogram\dispatcher\middlewares\user_context.py", line 56, in __call__
    return await handler(event, data)
           ^^^^^^^^^^^^^^^^^^^^^^^^^^
  File "C:\Users\DELL\AppData\Local\Programs\Python\Python313\Lib\site-packages\aiogram\fsm\middleware.py", line 42, in __call__
    return await handler(event, data)
           ^^^^^^^^^^^^^^^^^^^^^^^^^^
  File "C:\Users\DELL\AppData\Local\Programs\Python\Python313\Lib\site-packages\aiogram\dispatcher\event\telegram.py", line 121, in trigger
    return await wrapped_inner(event, kwargs)
           ^^^^^^^^^^^^^^^^^^^^^^^^^^^^^^^^^^
  File "C:\Users\DELL\AppData\Local\Programs\Python\Python313\Lib\site-packages\aiogram\dispatcher\event\handler.py", line 43, in call
    return await wrapped()
           ^^^^^^^^^^^^^^^
  File "C:\Users\DELL\AppData\Local\Programs\Python\Python313\Lib\site-packages\aiogram\dispatcher\dispatcher.py", line 276, in _listen_update
    return await self.propagate_event(update_type=update_type, event=event, **kwargs)
           ^^^^^^^^^^^^^^^^^^^^^^^^^^^^^^^^^^^^^^^^^^^^^^^^^^^^^^^^^^^^^^^^^^^^^^^^^^
  File "C:\Users\DELL\AppData\Local\Programs\Python\Python313\Lib\site-packages\aiogram\dispatcher\router.py", line 146, in propagate_event
    return await observer.wrap_outer_middleware(_wrapped, event=event, data=kwargs)
           ^^^^^^^^^^^^^^^^^^^^^^^^^^^^^^^^^^^^^^^^^^^^^^^^^^^^^^^^^^^^^^^^^^^^^^^^
  File "C:\Users\DELL\AppData\Local\Programs\Python\Python313\Lib\site-packages\aiogram\dispatcher\router.py", line 141, in _wrapped
    return await self._propagate_event(
           ^^^^^^^^^^^^^^^^^^^^^^^^^^^^
        observer=observer, update_type=update_type, event=telegram_event, **data
        ^^^^^^^^^^^^^^^^^^^^^^^^^^^^^^^^^^^^^^^^^^^^^^^^^^^^^^^^^^^^^^^^^^^^^^^^
    )
    ^
  File "C:\Users\DELL\AppData\Local\Programs\Python\Python313\Lib\site-packages\aiogram\dispatcher\router.py", line 166, in _propagate_event
    response = await observer.trigger(event, **kwargs)
               ^^^^^^^^^^^^^^^^^^^^^^^^^^^^^^^^^^^^^^^
  File "C:\Users\DELL\AppData\Local\Programs\Python\Python313\Lib\site-packages\aiogram\dispatcher\event\telegram.py", line 121, in trigger
    return await wrapped_inner(event, kwargs)
           ^^^^^^^^^^^^^^^^^^^^^^^^^^^^^^^^^^
  File "C:\Users\DELL\AppData\Local\Programs\Python\Python313\Lib\site-packages\aiogram\dispatcher\event\handler.py", line 43, in call
    return await wrapped()
           ^^^^^^^^^^^^^^^
  File "C:\Users\DELL\Desktop\gpt\Masterbot1\main.py", line 62, in start_handler
    kb = await get_main_menu(uid)
               ~~~~~~~~~~~~~^^^^^
  File "C:\Users\DELL\Desktop\gpt\Masterbot1\handlers\polls.py", line 48, in get_main_menu
    ui = asyncio.run(get_user_info(user_id))
  File "C:\Users\DELL\AppData\Local\Programs\Python\Python313\Lib\asyncio\runners.py", line 191, in run
    raise RuntimeError(
        "asyncio.run() cannot be called from a running event loop")
RuntimeError: asyncio.run() cannot be called from a running event loop
2025-07-16 10:10:18,910 [DEBUG] [asyncio:631] Using proactor: IocpProactor
2025-07-16 10:10:19,738 [INFO] [apscheduler.scheduler:214] Scheduler started
2025-07-16 10:10:19,760 [INFO] [__main__:131] Bot starting… version MasterBot 12.92‑refactor
2025-07-16 10:10:19,837 [DEBUG] [aiosqlite:104] executing <function connect.<locals>.connector at 0x00000106F3B52980>
2025-07-16 10:10:19,851 [DEBUG] [apscheduler.scheduler:1151] Looking for jobs to run
2025-07-16 10:10:19,870 [DEBUG] [apscheduler.scheduler:1252] No jobs; waiting until a job is added
2025-07-16 10:10:19,942 [DEBUG] [aiosqlite:106] operation <function connect.<locals>.connector at 0x00000106F3B52980> completed
2025-07-16 10:10:19,943 [DEBUG] [aiosqlite:104] executing functools.partial(<built-in method execute of sqlite3.Connection object at 0x00000106F394F790>, '\nCREATE TABLE IF NOT EXISTS users (\n    user_id         INTEGER PRIMARY KEY,\n    first_name      TEXT,\n    last_name       TEXT,\n    role            TEXT,\n    scenario_access TEXT,\n    updated_at      TIMESTAMP DEFAULT CURRENT_TIMESTAMP\n);\n', [])
2025-07-16 10:10:19,949 [DEBUG] [aiosqlite:106] operation functools.partial(<built-in method execute of sqlite3.Connection object at 0x00000106F394F790>, '\nCREATE TABLE IF NOT EXISTS users (\n    user_id         INTEGER PRIMARY KEY,\n    first_name      TEXT,\n    last_name       TEXT,\n    role            TEXT,\n    scenario_access TEXT,\n    updated_at      TIMESTAMP DEFAULT CURRENT_TIMESTAMP\n);\n', []) completed
2025-07-16 10:10:19,951 [DEBUG] [aiosqlite:104] executing functools.partial(<built-in method execute of sqlite3.Connection object at 0x00000106F394F790>, "INSERT OR IGNORE INTO users(user_id, role) VALUES (?, 'руководитель')", (1018880781,))
2025-07-16 10:10:19,952 [DEBUG] [aiosqlite:106] operation functools.partial(<built-in method execute of sqlite3.Connection object at 0x00000106F394F790>, "INSERT OR IGNORE INTO users(user_id, role) VALUES (?, 'руководитель')", (1018880781,)) completed
2025-07-16 10:10:19,953 [DEBUG] [aiosqlite:104] executing functools.partial(<built-in method commit of sqlite3.Connection object at 0x00000106F394F790>)
2025-07-16 10:10:19,954 [DEBUG] [aiosqlite:106] operation functools.partial(<built-in method commit of sqlite3.Connection object at 0x00000106F394F790>) completed
2025-07-16 10:10:19,954 [DEBUG] [aiosqlite:104] executing functools.partial(<built-in method close of sqlite3.Connection object at 0x00000106F394F790>)
2025-07-16 10:10:19,955 [DEBUG] [aiosqlite:106] operation functools.partial(<built-in method close of sqlite3.Connection object at 0x00000106F394F790>) completed
2025-07-16 10:10:19,956 [INFO] [__main__:53] [startup] Leader‑ID 1018880781 гарантирован в БД
2025-07-16 10:10:19,968 [INFO] [aiogram.dispatcher:566] Start polling
2025-07-16 10:10:25,294 [INFO] [aiogram.dispatcher:363] Run polling for bot @masbot12_bot id=7637424219 - 'masterbot12'
2025-07-16 10:14:08,916 [DEBUG] [aiosqlite:104] executing <function connect.<locals>.connector at 0x00000106F3B800E0>
2025-07-16 10:14:08,918 [DEBUG] [aiosqlite:106] operation <function connect.<locals>.connector at 0x00000106F3B800E0> completed
2025-07-16 10:14:08,919 [DEBUG] [aiosqlite:104] executing functools.partial(<built-in method execute of sqlite3.Connection object at 0x00000106F394FD30>, 'SELECT first_name, last_name, role FROM users WHERE user_id = ?', (1018880781,))
2025-07-16 10:14:08,936 [DEBUG] [aiosqlite:106] operation functools.partial(<built-in method execute of sqlite3.Connection object at 0x00000106F394FD30>, 'SELECT first_name, last_name, role FROM users WHERE user_id = ?', (1018880781,)) completed
2025-07-16 10:14:08,939 [DEBUG] [aiosqlite:104] executing functools.partial(<built-in method fetchone of sqlite3.Cursor object at 0x00000106F3B753C0>)
2025-07-16 10:14:08,941 [DEBUG] [aiosqlite:106] operation functools.partial(<built-in method fetchone of sqlite3.Cursor object at 0x00000106F3B753C0>) completed
2025-07-16 10:14:08,974 [DEBUG] [aiosqlite:104] executing functools.partial(<built-in method close of sqlite3.Connection object at 0x00000106F394FD30>)
2025-07-16 10:14:08,977 [DEBUG] [aiosqlite:106] operation functools.partial(<built-in method close of sqlite3.Connection object at 0x00000106F394FD30>) completed
2025-07-16 10:14:10,307 [INFO] [aiogram.event:172] Update id=861001232 is handled. Duration 1444 ms by bot id=7637424219
2025-07-16 10:14:20,112 [DEBUG] [aiosqlite:104] executing <function connect.<locals>.connector at 0x00000106F3B802C0>
2025-07-16 10:14:20,113 [DEBUG] [aiosqlite:106] operation <function connect.<locals>.connector at 0x00000106F3B802C0> completed
2025-07-16 10:14:20,114 [DEBUG] [aiosqlite:104] executing functools.partial(<built-in method execute of sqlite3.Connection object at 0x00000106F3B94310>, 'SELECT first_name, last_name, role FROM users WHERE user_id = ?', (1018880781,))
2025-07-16 10:14:20,115 [DEBUG] [aiosqlite:106] operation functools.partial(<built-in method execute of sqlite3.Connection object at 0x00000106F3B94310>, 'SELECT first_name, last_name, role FROM users WHERE user_id = ?', (1018880781,)) completed
2025-07-16 10:14:20,116 [DEBUG] [aiosqlite:104] executing functools.partial(<built-in method fetchone of sqlite3.Cursor object at 0x00000106F3B766C0>)
2025-07-16 10:14:20,117 [DEBUG] [aiosqlite:106] operation functools.partial(<built-in method fetchone of sqlite3.Cursor object at 0x00000106F3B766C0>) completed
2025-07-16 10:14:20,118 [DEBUG] [aiosqlite:104] executing functools.partial(<built-in method close of sqlite3.Connection object at 0x00000106F3B94310>)
2025-07-16 10:14:20,119 [DEBUG] [aiosqlite:106] operation functools.partial(<built-in method close of sqlite3.Connection object at 0x00000106F3B94310>) completed
2025-07-16 10:14:20,122 [INFO] [services.cache:29] [cache] Connected to redis://localhost:6379/0
2025-07-16 10:14:24,232 [INFO] [aiogram.event:172] Update id=861001233 is not handled. Duration 4121 ms by bot id=7637424219
2025-07-16 10:14:24,233 [ERROR] [aiogram.event:315] Cause exception while process update id=861001233 by bot id=7637424219
ConnectionError: Error 22 connecting to localhost:6379. Удаленный компьютер отклонил это сетевое подключение.
Traceback (most recent call last):
  File "C:\Users\DELL\AppData\Local\Programs\Python\Python313\Lib\site-packages\redis\asyncio\connection.py", line 302, in connect_check_health
    await self.retry.call_with_retry(
        lambda: self._connect(), lambda error: self.disconnect()
    )
  File "C:\Users\DELL\AppData\Local\Programs\Python\Python313\Lib\site-packages\redis\asyncio\retry.py", line 71, in call_with_retry
    return await do()
           ^^^^^^^^^^
  File "C:\Users\DELL\AppData\Local\Programs\Python\Python313\Lib\site-packages\redis\asyncio\connection.py", line 755, in _connect
    reader, writer = await asyncio.open_connection(
                     ^^^^^^^^^^^^^^^^^^^^^^^^^^^^^^
        **self._connection_arguments()
        ^^^^^^^^^^^^^^^^^^^^^^^^^^^^^^
    )
    ^
  File "C:\Users\DELL\AppData\Local\Programs\Python\Python313\Lib\asyncio\streams.py", line 48, in open_connection
    transport, _ = await loop.create_connection(
                   ^^^^^^^^^^^^^^^^^^^^^^^^^^^^^
        lambda: protocol, host, port, **kwds)
        ^^^^^^^^^^^^^^^^^^^^^^^^^^^^^^^^^^^^^
  File "C:\Users\DELL\AppData\Local\Programs\Python\Python313\Lib\asyncio\base_events.py", line 1171, in create_connection
    raise exceptions[0]
  File "C:\Users\DELL\AppData\Local\Programs\Python\Python313\Lib\asyncio\base_events.py", line 1141, in create_connection
    sock = await self._connect_sock(
           ^^^^^^^^^^^^^^^^^^^^^^^^^
        exceptions, addrinfo, laddr_infos)
        ^^^^^^^^^^^^^^^^^^^^^^^^^^^^^^^^^^
  File "C:\Users\DELL\AppData\Local\Programs\Python\Python313\Lib\asyncio\base_events.py", line 1044, in _connect_sock
    await self.sock_connect(sock, address)
  File "C:\Users\DELL\AppData\Local\Programs\Python\Python313\Lib\asyncio\proactor_events.py", line 726, in sock_connect
    return await self._proactor.connect(sock, address)
           ^^^^^^^^^^^^^^^^^^^^^^^^^^^^^^^^^^^^^^^^^^^
  File "C:\Users\DELL\AppData\Local\Programs\Python\Python313\Lib\asyncio\windows_events.py", line 804, in _poll
    value = callback(transferred, key, ov)
  File "C:\Users\DELL\AppData\Local\Programs\Python\Python313\Lib\asyncio\windows_events.py", line 600, in finish_connect
    ov.getresult()
    ~~~~~~~~~~~~^^
ConnectionRefusedError: [WinError 1225] Удаленный компьютер отклонил это сетевое подключение

During handling of the above exception, another exception occurred:

Traceback (most recent call last):
  File "C:\Users\DELL\AppData\Local\Programs\Python\Python313\Lib\site-packages\aiogram\dispatcher\dispatcher.py", line 309, in _process_update
    response = await self.feed_update(bot, update, **kwargs)
               ^^^^^^^^^^^^^^^^^^^^^^^^^^^^^^^^^^^^^^^^^^^^^
  File "C:\Users\DELL\AppData\Local\Programs\Python\Python313\Lib\site-packages\aiogram\dispatcher\dispatcher.py", line 158, in feed_update
    response = await self.update.wrap_outer_middleware(
               ^^^^^^^^^^^^^^^^^^^^^^^^^^^^^^^^^^^^^^^^
    ...<7 lines>...
    )
    ^
  File "C:\Users\DELL\AppData\Local\Programs\Python\Python313\Lib\site-packages\aiogram\dispatcher\middlewares\error.py", line 25, in __call__
    return await handler(event, data)
           ^^^^^^^^^^^^^^^^^^^^^^^^^^
  File "C:\Users\DELL\AppData\Local\Programs\Python\Python313\Lib\site-packages\aiogram\dispatcher\middlewares\user_context.py", line 56, in __call__
    return await handler(event, data)
           ^^^^^^^^^^^^^^^^^^^^^^^^^^
  File "C:\Users\DELL\AppData\Local\Programs\Python\Python313\Lib\site-packages\aiogram\fsm\middleware.py", line 42, in __call__
    return await handler(event, data)
           ^^^^^^^^^^^^^^^^^^^^^^^^^^
  File "C:\Users\DELL\AppData\Local\Programs\Python\Python313\Lib\site-packages\aiogram\dispatcher\event\telegram.py", line 121, in trigger
    return await wrapped_inner(event, kwargs)
           ^^^^^^^^^^^^^^^^^^^^^^^^^^^^^^^^^^
  File "C:\Users\DELL\AppData\Local\Programs\Python\Python313\Lib\site-packages\aiogram\dispatcher\event\handler.py", line 43, in call
    return await wrapped()
           ^^^^^^^^^^^^^^^
  File "C:\Users\DELL\AppData\Local\Programs\Python\Python313\Lib\site-packages\aiogram\dispatcher\dispatcher.py", line 276, in _listen_update
    return await self.propagate_event(update_type=update_type, event=event, **kwargs)
           ^^^^^^^^^^^^^^^^^^^^^^^^^^^^^^^^^^^^^^^^^^^^^^^^^^^^^^^^^^^^^^^^^^^^^^^^^^
  File "C:\Users\DELL\AppData\Local\Programs\Python\Python313\Lib\site-packages\aiogram\dispatcher\router.py", line 146, in propagate_event
    return await observer.wrap_outer_middleware(_wrapped, event=event, data=kwargs)
           ^^^^^^^^^^^^^^^^^^^^^^^^^^^^^^^^^^^^^^^^^^^^^^^^^^^^^^^^^^^^^^^^^^^^^^^^
  File "C:\Users\DELL\AppData\Local\Programs\Python\Python313\Lib\site-packages\aiogram\dispatcher\router.py", line 141, in _wrapped
    return await self._propagate_event(
           ^^^^^^^^^^^^^^^^^^^^^^^^^^^^
        observer=observer, update_type=update_type, event=telegram_event, **data
        ^^^^^^^^^^^^^^^^^^^^^^^^^^^^^^^^^^^^^^^^^^^^^^^^^^^^^^^^^^^^^^^^^^^^^^^^
    )
    ^
  File "C:\Users\DELL\AppData\Local\Programs\Python\Python313\Lib\site-packages\aiogram\dispatcher\router.py", line 174, in _propagate_event
    response = await router.propagate_event(update_type=update_type, event=event, **kwargs)
               ^^^^^^^^^^^^^^^^^^^^^^^^^^^^^^^^^^^^^^^^^^^^^^^^^^^^^^^^^^^^^^^^^^^^^^^^^^^^
  File "C:\Users\DELL\AppData\Local\Programs\Python\Python313\Lib\site-packages\aiogram\dispatcher\router.py", line 146, in propagate_event
    return await observer.wrap_outer_middleware(_wrapped, event=event, data=kwargs)
           ^^^^^^^^^^^^^^^^^^^^^^^^^^^^^^^^^^^^^^^^^^^^^^^^^^^^^^^^^^^^^^^^^^^^^^^^
  File "C:\Users\DELL\AppData\Local\Programs\Python\Python313\Lib\site-packages\aiogram\dispatcher\router.py", line 141, in _wrapped
    return await self._propagate_event(
           ^^^^^^^^^^^^^^^^^^^^^^^^^^^^
        observer=observer, update_type=update_type, event=telegram_event, **data
        ^^^^^^^^^^^^^^^^^^^^^^^^^^^^^^^^^^^^^^^^^^^^^^^^^^^^^^^^^^^^^^^^^^^^^^^^
    )
    ^
  File "C:\Users\DELL\AppData\Local\Programs\Python\Python313\Lib\site-packages\aiogram\dispatcher\router.py", line 166, in _propagate_event
    response = await observer.trigger(event, **kwargs)
               ^^^^^^^^^^^^^^^^^^^^^^^^^^^^^^^^^^^^^^^
  File "C:\Users\DELL\AppData\Local\Programs\Python\Python313\Lib\site-packages\aiogram\dispatcher\event\telegram.py", line 121, in trigger
    return await wrapped_inner(event, kwargs)
           ^^^^^^^^^^^^^^^^^^^^^^^^^^^^^^^^^^
  File "C:\Users\DELL\AppData\Local\Programs\Python\Python313\Lib\site-packages\aiogram\dispatcher\event\handler.py", line 43, in call
    return await wrapped()
           ^^^^^^^^^^^^^^^
  File "C:\Users\DELL\Desktop\gpt\Masterbot1\handlers\games.py", line 173, in new_games_handler
    await show_games(
    ...<5 lines>...
    )
  File "C:\Users\DELL\Desktop\gpt\Masterbot1\handlers\games.py", line 125, in show_games
    deals = await get_amocrm_deals(spread_id)
            ^^^^^^^^^^^^^^^^^^^^^^^^^^^^^^^^^
  File "C:\Users\DELL\Desktop\gpt\Masterbot1\services\amocrm.py", line 344, in get_amocrm_deals
    cached = await redis_cache.get(cache_key)
             ^^^^^^^^^^^^^^^^^^^^^^^^^^^^^^^^
  File "C:\Users\DELL\Desktop\gpt\Masterbot1\services\cache.py", line 38, in get
    raw = await redis.get(key)
          ^^^^^^^^^^^^^^^^^^^^
  File "C:\Users\DELL\AppData\Local\Programs\Python\Python313\Lib\site-packages\redis\asyncio\client.py", line 672, in execute_command
    conn = self.connection or await pool.get_connection()
                              ^^^^^^^^^^^^^^^^^^^^^^^^^^^
  File "C:\Users\DELL\AppData\Local\Programs\Python\Python313\Lib\site-packages\redis\asyncio\connection.py", line 1141, in get_connection
    await self.ensure_connection(connection)
  File "C:\Users\DELL\AppData\Local\Programs\Python\Python313\Lib\site-packages\redis\asyncio\connection.py", line 1174, in ensure_connection
    await connection.connect()
  File "C:\Users\DELL\AppData\Local\Programs\Python\Python313\Lib\site-packages\redis\asyncio\connection.py", line 296, in connect
    await self.connect_check_health(check_health=True)
  File "C:\Users\DELL\AppData\Local\Programs\Python\Python313\Lib\site-packages\redis\asyncio\connection.py", line 310, in connect_check_health
    raise ConnectionError(self._error_message(e))
redis.exceptions.ConnectionError: Error 22 connecting to localhost:6379. Удаленный компьютер отклонил это сетевое подключение.
2025-07-16 10:14:32,834 [DEBUG] [aiosqlite:104] executing <function connect.<locals>.connector at 0x00000106F3B802C0>
2025-07-16 10:14:32,835 [DEBUG] [aiosqlite:106] operation <function connect.<locals>.connector at 0x00000106F3B802C0> completed
2025-07-16 10:14:32,836 [DEBUG] [aiosqlite:104] executing functools.partial(<built-in method execute of sqlite3.Connection object at 0x00000106F3B944F0>, 'SELECT first_name, last_name, role FROM users WHERE user_id = ?', (1018880781,))
2025-07-16 10:14:32,837 [DEBUG] [aiosqlite:106] operation functools.partial(<built-in method execute of sqlite3.Connection object at 0x00000106F3B944F0>, 'SELECT first_name, last_name, role FROM users WHERE user_id = ?', (1018880781,)) completed
2025-07-16 10:14:32,838 [DEBUG] [aiosqlite:104] executing functools.partial(<built-in method fetchone of sqlite3.Cursor object at 0x00000106F3C6ACC0>)
2025-07-16 10:14:32,838 [DEBUG] [aiosqlite:106] operation functools.partial(<built-in method fetchone of sqlite3.Cursor object at 0x00000106F3C6ACC0>) completed
2025-07-16 10:14:32,839 [DEBUG] [aiosqlite:104] executing functools.partial(<built-in method close of sqlite3.Connection object at 0x00000106F3B944F0>)
2025-07-16 10:14:32,839 [DEBUG] [aiosqlite:106] operation functools.partial(<built-in method close of sqlite3.Connection object at 0x00000106F3B944F0>) completed
2025-07-16 10:14:36,849 [INFO] [aiogram.event:172] Update id=861001234 is not handled. Duration 4015 ms by bot id=7637424219
2025-07-16 10:14:36,849 [ERROR] [aiogram.event:315] Cause exception while process update id=861001234 by bot id=7637424219
ConnectionError: Error 22 connecting to localhost:6379. Удаленный компьютер отклонил это сетевое подключение.
Traceback (most recent call last):
  File "C:\Users\DELL\AppData\Local\Programs\Python\Python313\Lib\site-packages\redis\asyncio\connection.py", line 302, in connect_check_health
    await self.retry.call_with_retry(
        lambda: self._connect(), lambda error: self.disconnect()
    )
  File "C:\Users\DELL\AppData\Local\Programs\Python\Python313\Lib\site-packages\redis\asyncio\retry.py", line 71, in call_with_retry
    return await do()
           ^^^^^^^^^^
  File "C:\Users\DELL\AppData\Local\Programs\Python\Python313\Lib\site-packages\redis\asyncio\connection.py", line 755, in _connect
    reader, writer = await asyncio.open_connection(
                     ^^^^^^^^^^^^^^^^^^^^^^^^^^^^^^
        **self._connection_arguments()
        ^^^^^^^^^^^^^^^^^^^^^^^^^^^^^^
    )
    ^
  File "C:\Users\DELL\AppData\Local\Programs\Python\Python313\Lib\asyncio\streams.py", line 48, in open_connection
    transport, _ = await loop.create_connection(
                   ^^^^^^^^^^^^^^^^^^^^^^^^^^^^^
        lambda: protocol, host, port, **kwds)
        ^^^^^^^^^^^^^^^^^^^^^^^^^^^^^^^^^^^^^
  File "C:\Users\DELL\AppData\Local\Programs\Python\Python313\Lib\asyncio\base_events.py", line 1171, in create_connection
    raise exceptions[0]
  File "C:\Users\DELL\AppData\Local\Programs\Python\Python313\Lib\asyncio\base_events.py", line 1141, in create_connection
    sock = await self._connect_sock(
           ^^^^^^^^^^^^^^^^^^^^^^^^^
        exceptions, addrinfo, laddr_infos)
        ^^^^^^^^^^^^^^^^^^^^^^^^^^^^^^^^^^
  File "C:\Users\DELL\AppData\Local\Programs\Python\Python313\Lib\asyncio\base_events.py", line 1044, in _connect_sock
    await self.sock_connect(sock, address)
  File "C:\Users\DELL\AppData\Local\Programs\Python\Python313\Lib\asyncio\proactor_events.py", line 726, in sock_connect
    return await self._proactor.connect(sock, address)
           ^^^^^^^^^^^^^^^^^^^^^^^^^^^^^^^^^^^^^^^^^^^
  File "C:\Users\DELL\AppData\Local\Programs\Python\Python313\Lib\asyncio\windows_events.py", line 804, in _poll
    value = callback(transferred, key, ov)
  File "C:\Users\DELL\AppData\Local\Programs\Python\Python313\Lib\asyncio\windows_events.py", line 600, in finish_connect
    ov.getresult()
    ~~~~~~~~~~~~^^
ConnectionRefusedError: [WinError 1225] Удаленный компьютер отклонил это сетевое подключение

During handling of the above exception, another exception occurred:

Traceback (most recent call last):
  File "C:\Users\DELL\AppData\Local\Programs\Python\Python313\Lib\site-packages\aiogram\dispatcher\dispatcher.py", line 309, in _process_update
    response = await self.feed_update(bot, update, **kwargs)
               ^^^^^^^^^^^^^^^^^^^^^^^^^^^^^^^^^^^^^^^^^^^^^
  File "C:\Users\DELL\AppData\Local\Programs\Python\Python313\Lib\site-packages\aiogram\dispatcher\dispatcher.py", line 158, in feed_update
    response = await self.update.wrap_outer_middleware(
               ^^^^^^^^^^^^^^^^^^^^^^^^^^^^^^^^^^^^^^^^
    ...<7 lines>...
    )
    ^
  File "C:\Users\DELL\AppData\Local\Programs\Python\Python313\Lib\site-packages\aiogram\dispatcher\middlewares\error.py", line 25, in __call__
    return await handler(event, data)
           ^^^^^^^^^^^^^^^^^^^^^^^^^^
  File "C:\Users\DELL\AppData\Local\Programs\Python\Python313\Lib\site-packages\aiogram\dispatcher\middlewares\user_context.py", line 56, in __call__
    return await handler(event, data)
           ^^^^^^^^^^^^^^^^^^^^^^^^^^
  File "C:\Users\DELL\AppData\Local\Programs\Python\Python313\Lib\site-packages\aiogram\fsm\middleware.py", line 42, in __call__
    return await handler(event, data)
           ^^^^^^^^^^^^^^^^^^^^^^^^^^
  File "C:\Users\DELL\AppData\Local\Programs\Python\Python313\Lib\site-packages\aiogram\dispatcher\event\telegram.py", line 121, in trigger
    return await wrapped_inner(event, kwargs)
           ^^^^^^^^^^^^^^^^^^^^^^^^^^^^^^^^^^
  File "C:\Users\DELL\AppData\Local\Programs\Python\Python313\Lib\site-packages\aiogram\dispatcher\event\handler.py", line 43, in call
    return await wrapped()
           ^^^^^^^^^^^^^^^
  File "C:\Users\DELL\AppData\Local\Programs\Python\Python313\Lib\site-packages\aiogram\dispatcher\dispatcher.py", line 276, in _listen_update
    return await self.propagate_event(update_type=update_type, event=event, **kwargs)
           ^^^^^^^^^^^^^^^^^^^^^^^^^^^^^^^^^^^^^^^^^^^^^^^^^^^^^^^^^^^^^^^^^^^^^^^^^^
  File "C:\Users\DELL\AppData\Local\Programs\Python\Python313\Lib\site-packages\aiogram\dispatcher\router.py", line 146, in propagate_event
    return await observer.wrap_outer_middleware(_wrapped, event=event, data=kwargs)
           ^^^^^^^^^^^^^^^^^^^^^^^^^^^^^^^^^^^^^^^^^^^^^^^^^^^^^^^^^^^^^^^^^^^^^^^^
  File "C:\Users\DELL\AppData\Local\Programs\Python\Python313\Lib\site-packages\aiogram\dispatcher\router.py", line 141, in _wrapped
    return await self._propagate_event(
           ^^^^^^^^^^^^^^^^^^^^^^^^^^^^
        observer=observer, update_type=update_type, event=telegram_event, **data
        ^^^^^^^^^^^^^^^^^^^^^^^^^^^^^^^^^^^^^^^^^^^^^^^^^^^^^^^^^^^^^^^^^^^^^^^^
    )
    ^
  File "C:\Users\DELL\AppData\Local\Programs\Python\Python313\Lib\site-packages\aiogram\dispatcher\router.py", line 174, in _propagate_event
    response = await router.propagate_event(update_type=update_type, event=event, **kwargs)
               ^^^^^^^^^^^^^^^^^^^^^^^^^^^^^^^^^^^^^^^^^^^^^^^^^^^^^^^^^^^^^^^^^^^^^^^^^^^^
  File "C:\Users\DELL\AppData\Local\Programs\Python\Python313\Lib\site-packages\aiogram\dispatcher\router.py", line 146, in propagate_event
    return await observer.wrap_outer_middleware(_wrapped, event=event, data=kwargs)
           ^^^^^^^^^^^^^^^^^^^^^^^^^^^^^^^^^^^^^^^^^^^^^^^^^^^^^^^^^^^^^^^^^^^^^^^^
  File "C:\Users\DELL\AppData\Local\Programs\Python\Python313\Lib\site-packages\aiogram\dispatcher\router.py", line 141, in _wrapped
    return await self._propagate_event(
           ^^^^^^^^^^^^^^^^^^^^^^^^^^^^
        observer=observer, update_type=update_type, event=telegram_event, **data
        ^^^^^^^^^^^^^^^^^^^^^^^^^^^^^^^^^^^^^^^^^^^^^^^^^^^^^^^^^^^^^^^^^^^^^^^^
    )
    ^
  File "C:\Users\DELL\AppData\Local\Programs\Python\Python313\Lib\site-packages\aiogram\dispatcher\router.py", line 166, in _propagate_event
    response = await observer.trigger(event, **kwargs)
               ^^^^^^^^^^^^^^^^^^^^^^^^^^^^^^^^^^^^^^^
  File "C:\Users\DELL\AppData\Local\Programs\Python\Python313\Lib\site-packages\aiogram\dispatcher\event\telegram.py", line 121, in trigger
    return await wrapped_inner(event, kwargs)
           ^^^^^^^^^^^^^^^^^^^^^^^^^^^^^^^^^^
  File "C:\Users\DELL\AppData\Local\Programs\Python\Python313\Lib\site-packages\aiogram\dispatcher\event\handler.py", line 43, in call
    return await wrapped()
           ^^^^^^^^^^^^^^^
  File "C:\Users\DELL\Desktop\gpt\Masterbot1\handlers\games.py", line 173, in new_games_handler
    await show_games(
    ...<5 lines>...
    )
  File "C:\Users\DELL\Desktop\gpt\Masterbot1\handlers\games.py", line 125, in show_games
    deals = await get_amocrm_deals(spread_id)
            ^^^^^^^^^^^^^^^^^^^^^^^^^^^^^^^^^
  File "C:\Users\DELL\Desktop\gpt\Masterbot1\services\amocrm.py", line 344, in get_amocrm_deals
    cached = await redis_cache.get(cache_key)
             ^^^^^^^^^^^^^^^^^^^^^^^^^^^^^^^^
  File "C:\Users\DELL\Desktop\gpt\Masterbot1\services\cache.py", line 38, in get
    raw = await redis.get(key)
          ^^^^^^^^^^^^^^^^^^^^
  File "C:\Users\DELL\AppData\Local\Programs\Python\Python313\Lib\site-packages\redis\asyncio\client.py", line 672, in execute_command
    conn = self.connection or await pool.get_connection()
                              ^^^^^^^^^^^^^^^^^^^^^^^^^^^
  File "C:\Users\DELL\AppData\Local\Programs\Python\Python313\Lib\site-packages\redis\asyncio\connection.py", line 1141, in get_connection
    await self.ensure_connection(connection)
  File "C:\Users\DELL\AppData\Local\Programs\Python\Python313\Lib\site-packages\redis\asyncio\connection.py", line 1174, in ensure_connection
    await connection.connect()
  File "C:\Users\DELL\AppData\Local\Programs\Python\Python313\Lib\site-packages\redis\asyncio\connection.py", line 296, in connect
    await self.connect_check_health(check_health=True)
  File "C:\Users\DELL\AppData\Local\Programs\Python\Python313\Lib\site-packages\redis\asyncio\connection.py", line 310, in connect_check_health
    raise ConnectionError(self._error_message(e))
redis.exceptions.ConnectionError: Error 22 connecting to localhost:6379. Удаленный компьютер отклонил это сетевое подключение.
2025-07-16 10:18:32,059 [DEBUG] [asyncio:631] Using proactor: IocpProactor
2025-07-16 10:18:32,674 [INFO] [apscheduler.scheduler:214] Scheduler started
2025-07-16 10:18:32,674 [INFO] [__main__:131] Bot starting… version MasterBot 12.92‑refactor
2025-07-16 10:18:32,689 [DEBUG] [aiosqlite:104] executing <function connect.<locals>.connector at 0x000001CC077D28E0>
2025-07-16 10:18:32,689 [DEBUG] [apscheduler.scheduler:1151] Looking for jobs to run
2025-07-16 10:18:32,690 [DEBUG] [apscheduler.scheduler:1252] No jobs; waiting until a job is added
2025-07-16 10:18:32,690 [DEBUG] [aiosqlite:106] operation <function connect.<locals>.connector at 0x000001CC077D28E0> completed
2025-07-16 10:18:32,691 [DEBUG] [aiosqlite:104] executing functools.partial(<built-in method execute of sqlite3.Connection object at 0x000001CC075CF880>, '\nCREATE TABLE IF NOT EXISTS users (\n    user_id         INTEGER PRIMARY KEY,\n    first_name      TEXT,\n    last_name       TEXT,\n    role            TEXT,\n    scenario_access TEXT,\n    updated_at      TIMESTAMP DEFAULT CURRENT_TIMESTAMP\n);\n', [])
2025-07-16 10:18:32,692 [DEBUG] [aiosqlite:106] operation functools.partial(<built-in method execute of sqlite3.Connection object at 0x000001CC075CF880>, '\nCREATE TABLE IF NOT EXISTS users (\n    user_id         INTEGER PRIMARY KEY,\n    first_name      TEXT,\n    last_name       TEXT,\n    role            TEXT,\n    scenario_access TEXT,\n    updated_at      TIMESTAMP DEFAULT CURRENT_TIMESTAMP\n);\n', []) completed
2025-07-16 10:18:32,693 [DEBUG] [aiosqlite:104] executing functools.partial(<built-in method execute of sqlite3.Connection object at 0x000001CC075CF880>, "INSERT OR IGNORE INTO users(user_id, role) VALUES (?, 'руководитель')", (1018880781,))
2025-07-16 10:18:32,694 [DEBUG] [aiosqlite:106] operation functools.partial(<built-in method execute of sqlite3.Connection object at 0x000001CC075CF880>, "INSERT OR IGNORE INTO users(user_id, role) VALUES (?, 'руководитель')", (1018880781,)) completed
2025-07-16 10:18:32,695 [DEBUG] [aiosqlite:104] executing functools.partial(<built-in method commit of sqlite3.Connection object at 0x000001CC075CF880>)
2025-07-16 10:18:32,696 [DEBUG] [aiosqlite:106] operation functools.partial(<built-in method commit of sqlite3.Connection object at 0x000001CC075CF880>) completed
2025-07-16 10:18:32,696 [DEBUG] [aiosqlite:104] executing functools.partial(<built-in method close of sqlite3.Connection object at 0x000001CC075CF880>)
2025-07-16 10:18:32,697 [DEBUG] [aiosqlite:106] operation functools.partial(<built-in method close of sqlite3.Connection object at 0x000001CC075CF880>) completed
2025-07-16 10:18:32,698 [INFO] [__main__:53] [startup] Leader‑ID 1018880781 гарантирован в БД
2025-07-16 10:18:32,699 [INFO] [aiogram.dispatcher:566] Start polling
2025-07-16 10:18:33,903 [INFO] [aiogram.dispatcher:363] Run polling for bot @masbot12_bot id=7637424219 - 'masterbot12'
2025-07-16 10:20:15,288 [DEBUG] [aiosqlite:104] executing <function connect.<locals>.connector at 0x000001CC07804040>
2025-07-16 10:20:15,292 [DEBUG] [aiosqlite:106] operation <function connect.<locals>.connector at 0x000001CC07804040> completed
2025-07-16 10:20:15,294 [DEBUG] [aiosqlite:104] executing functools.partial(<built-in method execute of sqlite3.Connection object at 0x000001CC07800310>, 'SELECT first_name, last_name, role FROM users WHERE user_id = ?', (1018880781,))
2025-07-16 10:20:15,296 [DEBUG] [aiosqlite:106] operation functools.partial(<built-in method execute of sqlite3.Connection object at 0x000001CC07800310>, 'SELECT first_name, last_name, role FROM users WHERE user_id = ?', (1018880781,)) completed
2025-07-16 10:20:15,297 [DEBUG] [aiosqlite:104] executing functools.partial(<built-in method fetchone of sqlite3.Cursor object at 0x000001CC077EBF40>)
2025-07-16 10:20:15,299 [DEBUG] [aiosqlite:106] operation functools.partial(<built-in method fetchone of sqlite3.Cursor object at 0x000001CC077EBF40>) completed
2025-07-16 10:20:15,301 [DEBUG] [aiosqlite:104] executing functools.partial(<built-in method close of sqlite3.Connection object at 0x000001CC07800310>)
2025-07-16 10:20:15,302 [DEBUG] [aiosqlite:106] operation functools.partial(<built-in method close of sqlite3.Connection object at 0x000001CC07800310>) completed
2025-07-16 10:20:21,053 [INFO] [aiogram.event:172] Update id=861001235 is handled. Duration 5767 ms by bot id=7637424219
2025-07-16 10:20:23,949 [DEBUG] [aiosqlite:104] executing <function connect.<locals>.connector at 0x000001CC07804220>
2025-07-16 10:20:23,952 [DEBUG] [aiosqlite:106] operation <function connect.<locals>.connector at 0x000001CC07804220> completed
2025-07-16 10:20:23,953 [DEBUG] [aiosqlite:104] executing functools.partial(<built-in method execute of sqlite3.Connection object at 0x000001CC075CFC40>, 'SELECT first_name, last_name, role FROM users WHERE user_id = ?', (1018880781,))
2025-07-16 10:20:23,957 [DEBUG] [aiosqlite:106] operation functools.partial(<built-in method execute of sqlite3.Connection object at 0x000001CC075CFC40>, 'SELECT first_name, last_name, role FROM users WHERE user_id = ?', (1018880781,)) completed
2025-07-16 10:20:23,959 [DEBUG] [aiosqlite:104] executing functools.partial(<built-in method fetchone of sqlite3.Cursor object at 0x000001CC0780D4C0>)
2025-07-16 10:20:23,961 [DEBUG] [aiosqlite:106] operation functools.partial(<built-in method fetchone of sqlite3.Cursor object at 0x000001CC0780D4C0>) completed
2025-07-16 10:20:23,963 [DEBUG] [aiosqlite:104] executing functools.partial(<built-in method close of sqlite3.Connection object at 0x000001CC075CFC40>)
2025-07-16 10:20:23,965 [DEBUG] [aiosqlite:106] operation functools.partial(<built-in method close of sqlite3.Connection object at 0x000001CC075CFC40>) completed
2025-07-16 10:20:27,980 [DEBUG] [services.cache:42] [cache] GET amocrm:deals:11wjq2kXi_FHqx1yzzQ8weqr5PngvJpOVu9VQo--hJMI failed: Error 22 connecting to localhost:6379. Удаленный компьютер отклонил это сетевое подключение.
2025-07-16 10:20:28,011 [INFO] [aiogram.event:172] Update id=861001236 is not handled. Duration 4066 ms by bot id=7637424219
2025-07-16 10:20:28,011 [ERROR] [aiogram.event:315] Cause exception while process update id=861001236 by bot id=7637424219
AttributeError: 'RedisCache' object has no attribute 'remember'
Traceback (most recent call last):
  File "C:\Users\DELL\AppData\Local\Programs\Python\Python313\Lib\site-packages\aiogram\dispatcher\dispatcher.py", line 309, in _process_update
    response = await self.feed_update(bot, update, **kwargs)
               ^^^^^^^^^^^^^^^^^^^^^^^^^^^^^^^^^^^^^^^^^^^^^
  File "C:\Users\DELL\AppData\Local\Programs\Python\Python313\Lib\site-packages\aiogram\dispatcher\dispatcher.py", line 158, in feed_update
    response = await self.update.wrap_outer_middleware(
               ^^^^^^^^^^^^^^^^^^^^^^^^^^^^^^^^^^^^^^^^
    ...<7 lines>...
    )
    ^
  File "C:\Users\DELL\AppData\Local\Programs\Python\Python313\Lib\site-packages\aiogram\dispatcher\middlewares\error.py", line 25, in __call__
    return await handler(event, data)
           ^^^^^^^^^^^^^^^^^^^^^^^^^^
  File "C:\Users\DELL\AppData\Local\Programs\Python\Python313\Lib\site-packages\aiogram\dispatcher\middlewares\user_context.py", line 56, in __call__
    return await handler(event, data)
           ^^^^^^^^^^^^^^^^^^^^^^^^^^
  File "C:\Users\DELL\AppData\Local\Programs\Python\Python313\Lib\site-packages\aiogram\fsm\middleware.py", line 42, in __call__
    return await handler(event, data)
           ^^^^^^^^^^^^^^^^^^^^^^^^^^
  File "C:\Users\DELL\AppData\Local\Programs\Python\Python313\Lib\site-packages\aiogram\dispatcher\event\telegram.py", line 121, in trigger
    return await wrapped_inner(event, kwargs)
           ^^^^^^^^^^^^^^^^^^^^^^^^^^^^^^^^^^
  File "C:\Users\DELL\AppData\Local\Programs\Python\Python313\Lib\site-packages\aiogram\dispatcher\event\handler.py", line 43, in call
    return await wrapped()
           ^^^^^^^^^^^^^^^
  File "C:\Users\DELL\AppData\Local\Programs\Python\Python313\Lib\site-packages\aiogram\dispatcher\dispatcher.py", line 276, in _listen_update
    return await self.propagate_event(update_type=update_type, event=event, **kwargs)
           ^^^^^^^^^^^^^^^^^^^^^^^^^^^^^^^^^^^^^^^^^^^^^^^^^^^^^^^^^^^^^^^^^^^^^^^^^^
  File "C:\Users\DELL\AppData\Local\Programs\Python\Python313\Lib\site-packages\aiogram\dispatcher\router.py", line 146, in propagate_event
    return await observer.wrap_outer_middleware(_wrapped, event=event, data=kwargs)
           ^^^^^^^^^^^^^^^^^^^^^^^^^^^^^^^^^^^^^^^^^^^^^^^^^^^^^^^^^^^^^^^^^^^^^^^^
  File "C:\Users\DELL\AppData\Local\Programs\Python\Python313\Lib\site-packages\aiogram\dispatcher\router.py", line 141, in _wrapped
    return await self._propagate_event(
           ^^^^^^^^^^^^^^^^^^^^^^^^^^^^
        observer=observer, update_type=update_type, event=telegram_event, **data
        ^^^^^^^^^^^^^^^^^^^^^^^^^^^^^^^^^^^^^^^^^^^^^^^^^^^^^^^^^^^^^^^^^^^^^^^^
    )
    ^
  File "C:\Users\DELL\AppData\Local\Programs\Python\Python313\Lib\site-packages\aiogram\dispatcher\router.py", line 174, in _propagate_event
    response = await router.propagate_event(update_type=update_type, event=event, **kwargs)
               ^^^^^^^^^^^^^^^^^^^^^^^^^^^^^^^^^^^^^^^^^^^^^^^^^^^^^^^^^^^^^^^^^^^^^^^^^^^^
  File "C:\Users\DELL\AppData\Local\Programs\Python\Python313\Lib\site-packages\aiogram\dispatcher\router.py", line 146, in propagate_event
    return await observer.wrap_outer_middleware(_wrapped, event=event, data=kwargs)
           ^^^^^^^^^^^^^^^^^^^^^^^^^^^^^^^^^^^^^^^^^^^^^^^^^^^^^^^^^^^^^^^^^^^^^^^^
  File "C:\Users\DELL\AppData\Local\Programs\Python\Python313\Lib\site-packages\aiogram\dispatcher\router.py", line 141, in _wrapped
    return await self._propagate_event(
           ^^^^^^^^^^^^^^^^^^^^^^^^^^^^
        observer=observer, update_type=update_type, event=telegram_event, **data
        ^^^^^^^^^^^^^^^^^^^^^^^^^^^^^^^^^^^^^^^^^^^^^^^^^^^^^^^^^^^^^^^^^^^^^^^^
    )
    ^
  File "C:\Users\DELL\AppData\Local\Programs\Python\Python313\Lib\site-packages\aiogram\dispatcher\router.py", line 166, in _propagate_event
    response = await observer.trigger(event, **kwargs)
               ^^^^^^^^^^^^^^^^^^^^^^^^^^^^^^^^^^^^^^^
  File "C:\Users\DELL\AppData\Local\Programs\Python\Python313\Lib\site-packages\aiogram\dispatcher\event\telegram.py", line 121, in trigger
    return await wrapped_inner(event, kwargs)
           ^^^^^^^^^^^^^^^^^^^^^^^^^^^^^^^^^^
  File "C:\Users\DELL\AppData\Local\Programs\Python\Python313\Lib\site-packages\aiogram\dispatcher\event\handler.py", line 43, in call
    return await wrapped()
           ^^^^^^^^^^^^^^^
  File "C:\Users\DELL\Desktop\gpt\Masterbot1\handlers\games.py", line 173, in new_games_handler
    await show_games(
    ...<5 lines>...
    )
  File "C:\Users\DELL\Desktop\gpt\Masterbot1\handlers\games.py", line 125, in show_games
    deals = await get_amocrm_deals(spread_id)
            ^^^^^^^^^^^^^^^^^^^^^^^^^^^^^^^^^
  File "C:\Users\DELL\Desktop\gpt\Masterbot1\services\amocrm.py", line 348, in get_amocrm_deals
    deals = await fetch_amocrm_deals(spreadsheet_id)
            ^^^^^^^^^^^^^^^^^^^^^^^^^^^^^^^^^^^^^^^^
  File "C:\Users\DELL\Desktop\gpt\Masterbot1\services\amocrm.py", line 278, in fetch_amocrm_deals
    custom_fields, stages = await asyncio.gather(
                            ^^^^^^^^^^^^^^^^^^^^^
        get_custom_fields(), get_pipeline_stages()
        ^^^^^^^^^^^^^^^^^^^^^^^^^^^^^^^^^^^^^^^^^^
    )
    ^
  File "C:\Users\DELL\Desktop\gpt\Masterbot1\services\amocrm.py", line 140, in get_custom_fields
    return await redis_cache.remember("amocrm:custom_fields", 3600, _fetch)
                 ^^^^^^^^^^^^^^^^^^^^
AttributeError: 'RedisCache' object has no attribute 'remember'
2025-07-16 10:23:13,431 [DEBUG] [asyncio:631] Using proactor: IocpProactor
2025-07-16 10:23:13,975 [INFO] [apscheduler.scheduler:214] Scheduler started
2025-07-16 10:23:13,975 [INFO] [__main__:131] Bot starting… version MasterBot 12.92‑refactor
2025-07-16 10:23:13,977 [DEBUG] [aiosqlite:104] executing <function connect.<locals>.connector at 0x0000014DA5902980>
2025-07-16 10:23:13,977 [DEBUG] [apscheduler.scheduler:1151] Looking for jobs to run
2025-07-16 10:23:13,978 [DEBUG] [apscheduler.scheduler:1252] No jobs; waiting until a job is added
2025-07-16 10:23:13,978 [DEBUG] [aiosqlite:106] operation <function connect.<locals>.connector at 0x0000014DA5902980> completed
2025-07-16 10:23:13,979 [DEBUG] [aiosqlite:104] executing functools.partial(<built-in method execute of sqlite3.Connection object at 0x0000014DA5703790>, '\nCREATE TABLE IF NOT EXISTS users (\n    user_id         INTEGER PRIMARY KEY,\n    first_name      TEXT,\n    last_name       TEXT,\n    role            TEXT,\n    scenario_access TEXT,\n    updated_at      TIMESTAMP DEFAULT CURRENT_TIMESTAMP\n);\n', [])
2025-07-16 10:23:13,980 [DEBUG] [aiosqlite:106] operation functools.partial(<built-in method execute of sqlite3.Connection object at 0x0000014DA5703790>, '\nCREATE TABLE IF NOT EXISTS users (\n    user_id         INTEGER PRIMARY KEY,\n    first_name      TEXT,\n    last_name       TEXT,\n    role            TEXT,\n    scenario_access TEXT,\n    updated_at      TIMESTAMP DEFAULT CURRENT_TIMESTAMP\n);\n', []) completed
2025-07-16 10:23:13,981 [DEBUG] [aiosqlite:104] executing functools.partial(<built-in method execute of sqlite3.Connection object at 0x0000014DA5703790>, "INSERT OR IGNORE INTO users(user_id, role) VALUES (?, 'руководитель')", (1018880781,))
2025-07-16 10:23:13,981 [DEBUG] [aiosqlite:106] operation functools.partial(<built-in method execute of sqlite3.Connection object at 0x0000014DA5703790>, "INSERT OR IGNORE INTO users(user_id, role) VALUES (?, 'руководитель')", (1018880781,)) completed
2025-07-16 10:23:13,982 [DEBUG] [aiosqlite:104] executing functools.partial(<built-in method commit of sqlite3.Connection object at 0x0000014DA5703790>)
2025-07-16 10:23:13,983 [DEBUG] [aiosqlite:106] operation functools.partial(<built-in method commit of sqlite3.Connection object at 0x0000014DA5703790>) completed
2025-07-16 10:23:13,983 [DEBUG] [aiosqlite:104] executing functools.partial(<built-in method close of sqlite3.Connection object at 0x0000014DA5703790>)
2025-07-16 10:23:13,984 [DEBUG] [aiosqlite:106] operation functools.partial(<built-in method close of sqlite3.Connection object at 0x0000014DA5703790>) completed
2025-07-16 10:23:13,984 [INFO] [__main__:53] [startup] Leader‑ID 1018880781 гарантирован в БД
2025-07-16 10:23:13,985 [INFO] [aiogram.dispatcher:566] Start polling
2025-07-16 10:23:15,965 [INFO] [aiogram.dispatcher:363] Run polling for bot @masbot12_bot id=7637424219 - 'masterbot12'
2025-07-16 10:23:19,418 [DEBUG] [aiosqlite:104] executing <function connect.<locals>.connector at 0x0000014DA59302C0>
2025-07-16 10:23:19,420 [DEBUG] [aiosqlite:106] operation <function connect.<locals>.connector at 0x0000014DA59302C0> completed
2025-07-16 10:23:19,421 [DEBUG] [aiosqlite:104] executing functools.partial(<built-in method execute of sqlite3.Connection object at 0x0000014DA5703F10>, 'SELECT first_name, last_name, role FROM users WHERE user_id = ?', (1018880781,))
2025-07-16 10:23:19,423 [DEBUG] [aiosqlite:106] operation functools.partial(<built-in method execute of sqlite3.Connection object at 0x0000014DA5703F10>, 'SELECT first_name, last_name, role FROM users WHERE user_id = ?', (1018880781,)) completed
2025-07-16 10:23:19,423 [DEBUG] [aiosqlite:104] executing functools.partial(<built-in method fetchone of sqlite3.Cursor object at 0x0000014DA591B3C0>)
2025-07-16 10:23:19,424 [DEBUG] [aiosqlite:106] operation functools.partial(<built-in method fetchone of sqlite3.Cursor object at 0x0000014DA591B3C0>) completed
2025-07-16 10:23:19,425 [DEBUG] [aiosqlite:104] executing functools.partial(<built-in method close of sqlite3.Connection object at 0x0000014DA5703F10>)
2025-07-16 10:23:19,426 [DEBUG] [aiosqlite:106] operation functools.partial(<built-in method close of sqlite3.Connection object at 0x0000014DA5703F10>) completed
2025-07-16 10:23:23,435 [DEBUG] [services.cache:42] [cache] GET amocrm:deals:11wjq2kXi_FHqx1yzzQ8weqr5PngvJpOVu9VQo--hJMI failed: Error 22 connecting to localhost:6379. Удаленный компьютер отклонил это сетевое подключение.
2025-07-16 10:23:27,446 [DEBUG] [services.cache:42] [cache] GET amocrm:custom_fields failed: Error 22 connecting to localhost:6379. Удаленный компьютер отклонил это сетевое подключение.
2025-07-16 10:23:27,450 [INFO] [aiogram.event:172] Update id=861001237 is not handled. Duration 8034 ms by bot id=7637424219
2025-07-16 10:23:27,452 [ERROR] [aiogram.event:315] Cause exception while process update id=861001237 by bot id=7637424219
KeyError: 'domain'
Traceback (most recent call last):
  File "C:\Users\DELL\AppData\Local\Programs\Python\Python313\Lib\site-packages\aiogram\dispatcher\dispatcher.py", line 309, in _process_update
    response = await self.feed_update(bot, update, **kwargs)
               ^^^^^^^^^^^^^^^^^^^^^^^^^^^^^^^^^^^^^^^^^^^^^
  File "C:\Users\DELL\AppData\Local\Programs\Python\Python313\Lib\site-packages\aiogram\dispatcher\dispatcher.py", line 158, in feed_update
    response = await self.update.wrap_outer_middleware(
               ^^^^^^^^^^^^^^^^^^^^^^^^^^^^^^^^^^^^^^^^
    ...<7 lines>...
    )
    ^
  File "C:\Users\DELL\AppData\Local\Programs\Python\Python313\Lib\site-packages\aiogram\dispatcher\middlewares\error.py", line 25, in __call__
    return await handler(event, data)
           ^^^^^^^^^^^^^^^^^^^^^^^^^^
  File "C:\Users\DELL\AppData\Local\Programs\Python\Python313\Lib\site-packages\aiogram\dispatcher\middlewares\user_context.py", line 56, in __call__
    return await handler(event, data)
           ^^^^^^^^^^^^^^^^^^^^^^^^^^
  File "C:\Users\DELL\AppData\Local\Programs\Python\Python313\Lib\site-packages\aiogram\fsm\middleware.py", line 42, in __call__
    return await handler(event, data)
           ^^^^^^^^^^^^^^^^^^^^^^^^^^
  File "C:\Users\DELL\AppData\Local\Programs\Python\Python313\Lib\site-packages\aiogram\dispatcher\event\telegram.py", line 121, in trigger
    return await wrapped_inner(event, kwargs)
           ^^^^^^^^^^^^^^^^^^^^^^^^^^^^^^^^^^
  File "C:\Users\DELL\AppData\Local\Programs\Python\Python313\Lib\site-packages\aiogram\dispatcher\event\handler.py", line 43, in call
    return await wrapped()
           ^^^^^^^^^^^^^^^
  File "C:\Users\DELL\AppData\Local\Programs\Python\Python313\Lib\site-packages\aiogram\dispatcher\dispatcher.py", line 276, in _listen_update
    return await self.propagate_event(update_type=update_type, event=event, **kwargs)
           ^^^^^^^^^^^^^^^^^^^^^^^^^^^^^^^^^^^^^^^^^^^^^^^^^^^^^^^^^^^^^^^^^^^^^^^^^^
  File "C:\Users\DELL\AppData\Local\Programs\Python\Python313\Lib\site-packages\aiogram\dispatcher\router.py", line 146, in propagate_event
    return await observer.wrap_outer_middleware(_wrapped, event=event, data=kwargs)
           ^^^^^^^^^^^^^^^^^^^^^^^^^^^^^^^^^^^^^^^^^^^^^^^^^^^^^^^^^^^^^^^^^^^^^^^^
  File "C:\Users\DELL\AppData\Local\Programs\Python\Python313\Lib\site-packages\aiogram\dispatcher\router.py", line 141, in _wrapped
    return await self._propagate_event(
           ^^^^^^^^^^^^^^^^^^^^^^^^^^^^
        observer=observer, update_type=update_type, event=telegram_event, **data
        ^^^^^^^^^^^^^^^^^^^^^^^^^^^^^^^^^^^^^^^^^^^^^^^^^^^^^^^^^^^^^^^^^^^^^^^^
    )
    ^
  File "C:\Users\DELL\AppData\Local\Programs\Python\Python313\Lib\site-packages\aiogram\dispatcher\router.py", line 174, in _propagate_event
    response = await router.propagate_event(update_type=update_type, event=event, **kwargs)
               ^^^^^^^^^^^^^^^^^^^^^^^^^^^^^^^^^^^^^^^^^^^^^^^^^^^^^^^^^^^^^^^^^^^^^^^^^^^^
  File "C:\Users\DELL\AppData\Local\Programs\Python\Python313\Lib\site-packages\aiogram\dispatcher\router.py", line 146, in propagate_event
    return await observer.wrap_outer_middleware(_wrapped, event=event, data=kwargs)
           ^^^^^^^^^^^^^^^^^^^^^^^^^^^^^^^^^^^^^^^^^^^^^^^^^^^^^^^^^^^^^^^^^^^^^^^^
  File "C:\Users\DELL\AppData\Local\Programs\Python\Python313\Lib\site-packages\aiogram\dispatcher\router.py", line 141, in _wrapped
    return await self._propagate_event(
           ^^^^^^^^^^^^^^^^^^^^^^^^^^^^
        observer=observer, update_type=update_type, event=telegram_event, **data
        ^^^^^^^^^^^^^^^^^^^^^^^^^^^^^^^^^^^^^^^^^^^^^^^^^^^^^^^^^^^^^^^^^^^^^^^^
    )
    ^
  File "C:\Users\DELL\AppData\Local\Programs\Python\Python313\Lib\site-packages\aiogram\dispatcher\router.py", line 166, in _propagate_event
    response = await observer.trigger(event, **kwargs)
               ^^^^^^^^^^^^^^^^^^^^^^^^^^^^^^^^^^^^^^^
  File "C:\Users\DELL\AppData\Local\Programs\Python\Python313\Lib\site-packages\aiogram\dispatcher\event\telegram.py", line 121, in trigger
    return await wrapped_inner(event, kwargs)
           ^^^^^^^^^^^^^^^^^^^^^^^^^^^^^^^^^^
  File "C:\Users\DELL\AppData\Local\Programs\Python\Python313\Lib\site-packages\aiogram\dispatcher\event\handler.py", line 43, in call
    return await wrapped()
           ^^^^^^^^^^^^^^^
  File "C:\Users\DELL\Desktop\gpt\Masterbot1\handlers\games.py", line 173, in new_games_handler
    await show_games(
    ...<5 lines>...
    )
  File "C:\Users\DELL\Desktop\gpt\Masterbot1\handlers\games.py", line 125, in show_games
    deals = await get_amocrm_deals(spread_id)
            ^^^^^^^^^^^^^^^^^^^^^^^^^^^^^^^^^
  File "C:\Users\DELL\Desktop\gpt\Masterbot1\services\amocrm.py", line 348, in get_amocrm_deals
    deals = await fetch_amocrm_deals(spreadsheet_id)
            ^^^^^^^^^^^^^^^^^^^^^^^^^^^^^^^^^^^^^^^^
  File "C:\Users\DELL\Desktop\gpt\Masterbot1\services\amocrm.py", line 278, in fetch_amocrm_deals
    custom_fields, stages = await asyncio.gather(
                            ^^^^^^^^^^^^^^^^^^^^^
        get_custom_fields(), get_pipeline_stages()
        ^^^^^^^^^^^^^^^^^^^^^^^^^^^^^^^^^^^^^^^^^^
    )
    ^
  File "C:\Users\DELL\Desktop\gpt\Masterbot1\services\amocrm.py", line 140, in get_custom_fields
    return await redis_cache.remember("amocrm:custom_fields", 3600, _fetch)
           ^^^^^^^^^^^^^^^^^^^^^^^^^^^^^^^^^^^^^^^^^^^^^^^^^^^^^^^^^^^^^^^^
  File "C:\Users\DELL\Desktop\gpt\Masterbot1\services\cache.py", line 82, in remember
    result = await fetcher()
             ^^^^^^^^^^^^^^^
  File "C:\Users\DELL\Desktop\gpt\Masterbot1\services\amocrm.py", line 131, in _fetch
    f"https://{state.config['domain']}/api/v4/leads/custom_fields",
               ~~~~~~~~~~~~^^^^^^^^^^
KeyError: 'domain'
2025-07-16 10:23:31,536 [DEBUG] [services.cache:42] [cache] GET amocrm:pipelines failed: Error 22 connecting to localhost:6379. Удаленный компьютер отклонил это сетевое подключение.
2025-07-16 10:26:29,498 [DEBUG] [asyncio:631] Using proactor: IocpProactor
2025-07-16 10:26:30,109 [INFO] [apscheduler.scheduler:214] Scheduler started
2025-07-16 10:26:30,109 [INFO] [__main__:134] Bot starting… version MasterBot 12.92‑refactor
2025-07-16 10:26:30,110 [DEBUG] [aiosqlite:104] executing <function connect.<locals>.connector at 0x000002149BD32980>
2025-07-16 10:26:30,111 [DEBUG] [apscheduler.scheduler:1151] Looking for jobs to run
2025-07-16 10:26:30,111 [DEBUG] [apscheduler.scheduler:1252] No jobs; waiting until a job is added
2025-07-16 10:26:30,111 [DEBUG] [aiosqlite:106] operation <function connect.<locals>.connector at 0x000002149BD32980> completed
2025-07-16 10:26:30,112 [DEBUG] [aiosqlite:104] executing functools.partial(<built-in method execute of sqlite3.Connection object at 0x000002149BB2B880>, '\nCREATE TABLE IF NOT EXISTS users (\n    user_id         INTEGER PRIMARY KEY,\n    first_name      TEXT,\n    last_name       TEXT,\n    role            TEXT,\n    scenario_access TEXT,\n    updated_at      TIMESTAMP DEFAULT CURRENT_TIMESTAMP\n);\n', [])
2025-07-16 10:26:30,113 [DEBUG] [aiosqlite:106] operation functools.partial(<built-in method execute of sqlite3.Connection object at 0x000002149BB2B880>, '\nCREATE TABLE IF NOT EXISTS users (\n    user_id         INTEGER PRIMARY KEY,\n    first_name      TEXT,\n    last_name       TEXT,\n    role            TEXT,\n    scenario_access TEXT,\n    updated_at      TIMESTAMP DEFAULT CURRENT_TIMESTAMP\n);\n', []) completed
2025-07-16 10:26:30,114 [DEBUG] [aiosqlite:104] executing functools.partial(<built-in method execute of sqlite3.Connection object at 0x000002149BB2B880>, "INSERT OR IGNORE INTO users(user_id, role) VALUES (?, 'руководитель')", (1018880781,))
2025-07-16 10:26:30,115 [DEBUG] [aiosqlite:106] operation functools.partial(<built-in method execute of sqlite3.Connection object at 0x000002149BB2B880>, "INSERT OR IGNORE INTO users(user_id, role) VALUES (?, 'руководитель')", (1018880781,)) completed
2025-07-16 10:26:30,116 [DEBUG] [aiosqlite:104] executing functools.partial(<built-in method commit of sqlite3.Connection object at 0x000002149BB2B880>)
2025-07-16 10:26:30,116 [DEBUG] [aiosqlite:106] operation functools.partial(<built-in method commit of sqlite3.Connection object at 0x000002149BB2B880>) completed
2025-07-16 10:26:30,117 [DEBUG] [aiosqlite:104] executing functools.partial(<built-in method close of sqlite3.Connection object at 0x000002149BB2B880>)
2025-07-16 10:26:30,118 [DEBUG] [aiosqlite:106] operation functools.partial(<built-in method close of sqlite3.Connection object at 0x000002149BB2B880>) completed
2025-07-16 10:26:30,119 [INFO] [__main__:55] [startup] Leader‑ID 1018880781 гарантирован в БД
2025-07-16 10:26:30,121 [INFO] [aiogram.dispatcher:566] Start polling
2025-07-16 10:26:33,906 [INFO] [aiogram.dispatcher:363] Run polling for bot @masbot12_bot id=7637424219 - 'masterbot12'
2025-07-16 10:26:39,857 [DEBUG] [aiosqlite:104] executing <function connect.<locals>.connector at 0x000002149BD64400>
2025-07-16 10:26:39,859 [DEBUG] [aiosqlite:106] operation <function connect.<locals>.connector at 0x000002149BD64400> completed
2025-07-16 10:26:39,860 [DEBUG] [aiosqlite:104] executing functools.partial(<built-in method execute of sqlite3.Connection object at 0x000002149BD68130>, 'SELECT first_name, last_name, role FROM users WHERE user_id = ?', (1018880781,))
2025-07-16 10:26:39,861 [DEBUG] [aiosqlite:106] operation functools.partial(<built-in method execute of sqlite3.Connection object at 0x000002149BD68130>, 'SELECT first_name, last_name, role FROM users WHERE user_id = ?', (1018880781,)) completed
2025-07-16 10:26:39,862 [DEBUG] [aiosqlite:104] executing functools.partial(<built-in method fetchone of sqlite3.Cursor object at 0x000002149BD4BAC0>)
2025-07-16 10:26:39,863 [DEBUG] [aiosqlite:106] operation functools.partial(<built-in method fetchone of sqlite3.Cursor object at 0x000002149BD4BAC0>) completed
2025-07-16 10:26:39,864 [DEBUG] [aiosqlite:104] executing functools.partial(<built-in method close of sqlite3.Connection object at 0x000002149BD68130>)
2025-07-16 10:26:39,865 [DEBUG] [aiosqlite:106] operation functools.partial(<built-in method close of sqlite3.Connection object at 0x000002149BD68130>) completed
2025-07-16 10:26:43,874 [DEBUG] [services.cache:42] [cache] GET amocrm:deals:11wjq2kXi_FHqx1yzzQ8weqr5PngvJpOVu9VQo--hJMI failed: Error 22 connecting to localhost:6379. Удаленный компьютер отклонил это сетевое подключение.
2025-07-16 10:26:47,888 [DEBUG] [services.cache:42] [cache] GET amocrm:custom_fields failed: Error 22 connecting to localhost:6379. Удаленный компьютер отклонил это сетевое подключение.
2025-07-16 10:26:47,890 [INFO] [aiogram.event:172] Update id=861001238 is not handled. Duration 8034 ms by bot id=7637424219
2025-07-16 10:26:47,892 [ERROR] [aiogram.event:315] Cause exception while process update id=861001238 by bot id=7637424219
KeyError: 'domain'
Traceback (most recent call last):
  File "C:\Users\DELL\AppData\Local\Programs\Python\Python313\Lib\site-packages\aiogram\dispatcher\dispatcher.py", line 309, in _process_update
    response = await self.feed_update(bot, update, **kwargs)
               ^^^^^^^^^^^^^^^^^^^^^^^^^^^^^^^^^^^^^^^^^^^^^
  File "C:\Users\DELL\AppData\Local\Programs\Python\Python313\Lib\site-packages\aiogram\dispatcher\dispatcher.py", line 158, in feed_update
    response = await self.update.wrap_outer_middleware(
               ^^^^^^^^^^^^^^^^^^^^^^^^^^^^^^^^^^^^^^^^
    ...<7 lines>...
    )
    ^
  File "C:\Users\DELL\AppData\Local\Programs\Python\Python313\Lib\site-packages\aiogram\dispatcher\middlewares\error.py", line 25, in __call__
    return await handler(event, data)
           ^^^^^^^^^^^^^^^^^^^^^^^^^^
  File "C:\Users\DELL\AppData\Local\Programs\Python\Python313\Lib\site-packages\aiogram\dispatcher\middlewares\user_context.py", line 56, in __call__
    return await handler(event, data)
           ^^^^^^^^^^^^^^^^^^^^^^^^^^
  File "C:\Users\DELL\AppData\Local\Programs\Python\Python313\Lib\site-packages\aiogram\fsm\middleware.py", line 42, in __call__
    return await handler(event, data)
           ^^^^^^^^^^^^^^^^^^^^^^^^^^
  File "C:\Users\DELL\AppData\Local\Programs\Python\Python313\Lib\site-packages\aiogram\dispatcher\event\telegram.py", line 121, in trigger
    return await wrapped_inner(event, kwargs)
           ^^^^^^^^^^^^^^^^^^^^^^^^^^^^^^^^^^
  File "C:\Users\DELL\AppData\Local\Programs\Python\Python313\Lib\site-packages\aiogram\dispatcher\event\handler.py", line 43, in call
    return await wrapped()
           ^^^^^^^^^^^^^^^
  File "C:\Users\DELL\AppData\Local\Programs\Python\Python313\Lib\site-packages\aiogram\dispatcher\dispatcher.py", line 276, in _listen_update
    return await self.propagate_event(update_type=update_type, event=event, **kwargs)
           ^^^^^^^^^^^^^^^^^^^^^^^^^^^^^^^^^^^^^^^^^^^^^^^^^^^^^^^^^^^^^^^^^^^^^^^^^^
  File "C:\Users\DELL\AppData\Local\Programs\Python\Python313\Lib\site-packages\aiogram\dispatcher\router.py", line 146, in propagate_event
    return await observer.wrap_outer_middleware(_wrapped, event=event, data=kwargs)
           ^^^^^^^^^^^^^^^^^^^^^^^^^^^^^^^^^^^^^^^^^^^^^^^^^^^^^^^^^^^^^^^^^^^^^^^^
  File "C:\Users\DELL\AppData\Local\Programs\Python\Python313\Lib\site-packages\aiogram\dispatcher\router.py", line 141, in _wrapped
    return await self._propagate_event(
           ^^^^^^^^^^^^^^^^^^^^^^^^^^^^
        observer=observer, update_type=update_type, event=telegram_event, **data
        ^^^^^^^^^^^^^^^^^^^^^^^^^^^^^^^^^^^^^^^^^^^^^^^^^^^^^^^^^^^^^^^^^^^^^^^^
    )
    ^
  File "C:\Users\DELL\AppData\Local\Programs\Python\Python313\Lib\site-packages\aiogram\dispatcher\router.py", line 174, in _propagate_event
    response = await router.propagate_event(update_type=update_type, event=event, **kwargs)
               ^^^^^^^^^^^^^^^^^^^^^^^^^^^^^^^^^^^^^^^^^^^^^^^^^^^^^^^^^^^^^^^^^^^^^^^^^^^^
  File "C:\Users\DELL\AppData\Local\Programs\Python\Python313\Lib\site-packages\aiogram\dispatcher\router.py", line 146, in propagate_event
    return await observer.wrap_outer_middleware(_wrapped, event=event, data=kwargs)
           ^^^^^^^^^^^^^^^^^^^^^^^^^^^^^^^^^^^^^^^^^^^^^^^^^^^^^^^^^^^^^^^^^^^^^^^^
  File "C:\Users\DELL\AppData\Local\Programs\Python\Python313\Lib\site-packages\aiogram\dispatcher\router.py", line 141, in _wrapped
    return await self._propagate_event(
           ^^^^^^^^^^^^^^^^^^^^^^^^^^^^
        observer=observer, update_type=update_type, event=telegram_event, **data
        ^^^^^^^^^^^^^^^^^^^^^^^^^^^^^^^^^^^^^^^^^^^^^^^^^^^^^^^^^^^^^^^^^^^^^^^^
    )
    ^
  File "C:\Users\DELL\AppData\Local\Programs\Python\Python313\Lib\site-packages\aiogram\dispatcher\router.py", line 166, in _propagate_event
    response = await observer.trigger(event, **kwargs)
               ^^^^^^^^^^^^^^^^^^^^^^^^^^^^^^^^^^^^^^^
  File "C:\Users\DELL\AppData\Local\Programs\Python\Python313\Lib\site-packages\aiogram\dispatcher\event\telegram.py", line 121, in trigger
    return await wrapped_inner(event, kwargs)
           ^^^^^^^^^^^^^^^^^^^^^^^^^^^^^^^^^^
  File "C:\Users\DELL\AppData\Local\Programs\Python\Python313\Lib\site-packages\aiogram\dispatcher\event\handler.py", line 43, in call
    return await wrapped()
           ^^^^^^^^^^^^^^^
  File "C:\Users\DELL\Desktop\gpt\Masterbot1\handlers\games.py", line 173, in new_games_handler
    await show_games(
    ...<5 lines>...
    )
  File "C:\Users\DELL\Desktop\gpt\Masterbot1\handlers\games.py", line 125, in show_games
    deals = await get_amocrm_deals(spread_id)
            ^^^^^^^^^^^^^^^^^^^^^^^^^^^^^^^^^
  File "C:\Users\DELL\Desktop\gpt\Masterbot1\services\amocrm.py", line 348, in get_amocrm_deals
    deals = await fetch_amocrm_deals(spreadsheet_id)
            ^^^^^^^^^^^^^^^^^^^^^^^^^^^^^^^^^^^^^^^^
  File "C:\Users\DELL\Desktop\gpt\Masterbot1\services\amocrm.py", line 278, in fetch_amocrm_deals
    custom_fields, stages = await asyncio.gather(
                            ^^^^^^^^^^^^^^^^^^^^^
        get_custom_fields(), get_pipeline_stages()
        ^^^^^^^^^^^^^^^^^^^^^^^^^^^^^^^^^^^^^^^^^^
    )
    ^
  File "C:\Users\DELL\Desktop\gpt\Masterbot1\services\amocrm.py", line 140, in get_custom_fields
    return await redis_cache.remember("amocrm:custom_fields", 3600, _fetch)
           ^^^^^^^^^^^^^^^^^^^^^^^^^^^^^^^^^^^^^^^^^^^^^^^^^^^^^^^^^^^^^^^^
  File "C:\Users\DELL\Desktop\gpt\Masterbot1\services\cache.py", line 82, in remember
    result = await fetcher()
             ^^^^^^^^^^^^^^^
  File "C:\Users\DELL\Desktop\gpt\Masterbot1\services\amocrm.py", line 131, in _fetch
    f"https://{state.config['domain']}/api/v4/leads/custom_fields",
               ~~~~~~~~~~~~^^^^^^^^^^
KeyError: 'domain'
2025-07-16 10:26:51,951 [DEBUG] [services.cache:42] [cache] GET amocrm:pipelines failed: Error 22 connecting to localhost:6379. Удаленный компьютер отклонил это сетевое подключение.
2025-07-16 10:28:31,233 [DEBUG] [asyncio:631] Using proactor: IocpProactor
2025-07-16 10:28:31,804 [INFO] [apscheduler.scheduler:214] Scheduler started
2025-07-16 10:28:31,805 [INFO] [__main__:108] Bot starting… version MasterBot 12.92‑refactor
2025-07-16 10:28:31,807 [DEBUG] [aiosqlite:104] executing <function connect.<locals>.connector at 0x000001F45357E660>
2025-07-16 10:28:31,807 [DEBUG] [apscheduler.scheduler:1151] Looking for jobs to run
2025-07-16 10:28:31,807 [DEBUG] [apscheduler.scheduler:1252] No jobs; waiting until a job is added
2025-07-16 10:28:31,808 [DEBUG] [aiosqlite:106] operation <function connect.<locals>.connector at 0x000001F45357E660> completed
2025-07-16 10:28:31,809 [DEBUG] [aiosqlite:104] executing functools.partial(<built-in method execute of sqlite3.Connection object at 0x000001F45338B5B0>, '\nCREATE TABLE IF NOT EXISTS users (\n    user_id         INTEGER PRIMARY KEY,\n    first_name      TEXT,\n    last_name       TEXT,\n    role            TEXT,\n    scenario_access TEXT,\n    updated_at      TIMESTAMP DEFAULT CURRENT_TIMESTAMP\n);\n', [])
2025-07-16 10:28:31,810 [DEBUG] [aiosqlite:106] operation functools.partial(<built-in method execute of sqlite3.Connection object at 0x000001F45338B5B0>, '\nCREATE TABLE IF NOT EXISTS users (\n    user_id         INTEGER PRIMARY KEY,\n    first_name      TEXT,\n    last_name       TEXT,\n    role            TEXT,\n    scenario_access TEXT,\n    updated_at      TIMESTAMP DEFAULT CURRENT_TIMESTAMP\n);\n', []) completed
2025-07-16 10:28:31,812 [DEBUG] [aiosqlite:104] executing functools.partial(<built-in method execute of sqlite3.Connection object at 0x000001F45338B5B0>, "INSERT OR IGNORE INTO users(user_id, role) VALUES (?, 'руководитель')", (1018880781,))
2025-07-16 10:28:31,814 [DEBUG] [aiosqlite:106] operation functools.partial(<built-in method execute of sqlite3.Connection object at 0x000001F45338B5B0>, "INSERT OR IGNORE INTO users(user_id, role) VALUES (?, 'руководитель')", (1018880781,)) completed
2025-07-16 10:28:31,816 [DEBUG] [aiosqlite:104] executing functools.partial(<built-in method commit of sqlite3.Connection object at 0x000001F45338B5B0>)
2025-07-16 10:28:31,817 [DEBUG] [aiosqlite:106] operation functools.partial(<built-in method commit of sqlite3.Connection object at 0x000001F45338B5B0>) completed
2025-07-16 10:28:31,818 [DEBUG] [aiosqlite:104] executing functools.partial(<built-in method close of sqlite3.Connection object at 0x000001F45338B5B0>)
2025-07-16 10:28:31,818 [DEBUG] [aiosqlite:106] operation functools.partial(<built-in method close of sqlite3.Connection object at 0x000001F45338B5B0>) completed
2025-07-16 10:28:31,819 [INFO] [__main__:60] [startup] БД инициализация завершена, Leader‑ID 1018880781 гарантирован
2025-07-16 10:28:31,820 [INFO] [aiogram.dispatcher:566] Start polling
2025-07-16 10:28:32,034 [INFO] [aiogram.dispatcher:363] Run polling for bot @masbot12_bot id=7637424219 - 'masterbot12'
2025-07-16 10:28:54,649 [DEBUG] [aiosqlite:104] executing <function connect.<locals>.connector at 0x000001F45357FF60>
2025-07-16 10:28:54,650 [DEBUG] [aiosqlite:106] operation <function connect.<locals>.connector at 0x000001F45357FF60> completed
2025-07-16 10:28:54,651 [DEBUG] [aiosqlite:104] executing functools.partial(<built-in method execute of sqlite3.Connection object at 0x000001F45338BD30>, 'SELECT first_name, last_name, role FROM users WHERE user_id = ?', (1018880781,))
2025-07-16 10:28:54,652 [DEBUG] [aiosqlite:106] operation functools.partial(<built-in method execute of sqlite3.Connection object at 0x000001F45338BD30>, 'SELECT first_name, last_name, role FROM users WHERE user_id = ?', (1018880781,)) completed
2025-07-16 10:28:54,653 [DEBUG] [aiosqlite:104] executing functools.partial(<built-in method fetchone of sqlite3.Cursor object at 0x000001F4535933C0>)
2025-07-16 10:28:54,654 [DEBUG] [aiosqlite:106] operation functools.partial(<built-in method fetchone of sqlite3.Cursor object at 0x000001F4535933C0>) completed
2025-07-16 10:28:54,655 [DEBUG] [aiosqlite:104] executing functools.partial(<built-in method close of sqlite3.Connection object at 0x000001F45338BD30>)
2025-07-16 10:28:54,656 [DEBUG] [aiosqlite:106] operation functools.partial(<built-in method close of sqlite3.Connection object at 0x000001F45338BD30>) completed
2025-07-16 10:28:54,658 [INFO] [aiogram.event:172] Update id=861001239 is not handled. Duration 10 ms by bot id=7637424219
2025-07-16 10:28:54,660 [ERROR] [aiogram.event:315] Cause exception while process update id=861001239 by bot id=7637424219
AttributeError: type object 'Bot' has no attribute 'get_current'
Traceback (most recent call last):
  File "C:\Users\DELL\AppData\Local\Programs\Python\Python313\Lib\site-packages\aiogram\dispatcher\dispatcher.py", line 309, in _process_update
    response = await self.feed_update(bot, update, **kwargs)
               ^^^^^^^^^^^^^^^^^^^^^^^^^^^^^^^^^^^^^^^^^^^^^
  File "C:\Users\DELL\AppData\Local\Programs\Python\Python313\Lib\site-packages\aiogram\dispatcher\dispatcher.py", line 158, in feed_update
    response = await self.update.wrap_outer_middleware(
               ^^^^^^^^^^^^^^^^^^^^^^^^^^^^^^^^^^^^^^^^
    ...<7 lines>...
    )
    ^
  File "C:\Users\DELL\AppData\Local\Programs\Python\Python313\Lib\site-packages\aiogram\dispatcher\middlewares\error.py", line 25, in __call__
    return await handler(event, data)
           ^^^^^^^^^^^^^^^^^^^^^^^^^^
  File "C:\Users\DELL\AppData\Local\Programs\Python\Python313\Lib\site-packages\aiogram\dispatcher\middlewares\user_context.py", line 56, in __call__
    return await handler(event, data)
           ^^^^^^^^^^^^^^^^^^^^^^^^^^
  File "C:\Users\DELL\AppData\Local\Programs\Python\Python313\Lib\site-packages\aiogram\fsm\middleware.py", line 42, in __call__
    return await handler(event, data)
           ^^^^^^^^^^^^^^^^^^^^^^^^^^
  File "C:\Users\DELL\AppData\Local\Programs\Python\Python313\Lib\site-packages\aiogram\dispatcher\event\telegram.py", line 121, in trigger
    return await wrapped_inner(event, kwargs)
           ^^^^^^^^^^^^^^^^^^^^^^^^^^^^^^^^^^
  File "C:\Users\DELL\AppData\Local\Programs\Python\Python313\Lib\site-packages\aiogram\dispatcher\event\handler.py", line 43, in call
    return await wrapped()
           ^^^^^^^^^^^^^^^
  File "C:\Users\DELL\AppData\Local\Programs\Python\Python313\Lib\site-packages\aiogram\dispatcher\dispatcher.py", line 276, in _listen_update
    return await self.propagate_event(update_type=update_type, event=event, **kwargs)
           ^^^^^^^^^^^^^^^^^^^^^^^^^^^^^^^^^^^^^^^^^^^^^^^^^^^^^^^^^^^^^^^^^^^^^^^^^^
  File "C:\Users\DELL\AppData\Local\Programs\Python\Python313\Lib\site-packages\aiogram\dispatcher\router.py", line 146, in propagate_event
    return await observer.wrap_outer_middleware(_wrapped, event=event, data=kwargs)
           ^^^^^^^^^^^^^^^^^^^^^^^^^^^^^^^^^^^^^^^^^^^^^^^^^^^^^^^^^^^^^^^^^^^^^^^^
  File "C:\Users\DELL\AppData\Local\Programs\Python\Python313\Lib\site-packages\aiogram\dispatcher\router.py", line 141, in _wrapped
    return await self._propagate_event(
           ^^^^^^^^^^^^^^^^^^^^^^^^^^^^
        observer=observer, update_type=update_type, event=telegram_event, **data
        ^^^^^^^^^^^^^^^^^^^^^^^^^^^^^^^^^^^^^^^^^^^^^^^^^^^^^^^^^^^^^^^^^^^^^^^^
    )
    ^
  File "C:\Users\DELL\AppData\Local\Programs\Python\Python313\Lib\site-packages\aiogram\dispatcher\router.py", line 174, in _propagate_event
    response = await router.propagate_event(update_type=update_type, event=event, **kwargs)
               ^^^^^^^^^^^^^^^^^^^^^^^^^^^^^^^^^^^^^^^^^^^^^^^^^^^^^^^^^^^^^^^^^^^^^^^^^^^^
  File "C:\Users\DELL\AppData\Local\Programs\Python\Python313\Lib\site-packages\aiogram\dispatcher\router.py", line 146, in propagate_event
    return await observer.wrap_outer_middleware(_wrapped, event=event, data=kwargs)
           ^^^^^^^^^^^^^^^^^^^^^^^^^^^^^^^^^^^^^^^^^^^^^^^^^^^^^^^^^^^^^^^^^^^^^^^^
  File "C:\Users\DELL\AppData\Local\Programs\Python\Python313\Lib\site-packages\aiogram\dispatcher\router.py", line 141, in _wrapped
    return await self._propagate_event(
           ^^^^^^^^^^^^^^^^^^^^^^^^^^^^
        observer=observer, update_type=update_type, event=telegram_event, **data
        ^^^^^^^^^^^^^^^^^^^^^^^^^^^^^^^^^^^^^^^^^^^^^^^^^^^^^^^^^^^^^^^^^^^^^^^^
    )
    ^
  File "C:\Users\DELL\AppData\Local\Programs\Python\Python313\Lib\site-packages\aiogram\dispatcher\router.py", line 166, in _propagate_event
    response = await observer.trigger(event, **kwargs)
               ^^^^^^^^^^^^^^^^^^^^^^^^^^^^^^^^^^^^^^^
  File "C:\Users\DELL\AppData\Local\Programs\Python\Python313\Lib\site-packages\aiogram\dispatcher\event\telegram.py", line 121, in trigger
    return await wrapped_inner(event, kwargs)
           ^^^^^^^^^^^^^^^^^^^^^^^^^^^^^^^^^^
  File "C:\Users\DELL\AppData\Local\Programs\Python\Python313\Lib\site-packages\aiogram\dispatcher\event\handler.py", line 43, in call
    return await wrapped()
           ^^^^^^^^^^^^^^^
  File "C:\Users\DELL\Desktop\gpt\Masterbot1\handlers\games.py", line 173, in new_games_handler
    await show_games(
    ...<5 lines>...
    )
  File "C:\Users\DELL\Desktop\gpt\Masterbot1\handlers\games.py", line 114, in show_games
    bot = Bot.get_current()
          ^^^^^^^^^^^^^^^
AttributeError: type object 'Bot' has no attribute 'get_current'
2025-07-16 10:31:46,979 [DEBUG] [asyncio:631] Using proactor: IocpProactor
2025-07-16 10:31:47,991 [INFO] [apscheduler.scheduler:214] Scheduler started
2025-07-16 10:31:47,991 [INFO] [__main__:117] Bot starting… version MasterBot 12.92‑refactor
2025-07-16 10:31:48,169 [DEBUG] [aiosqlite:104] executing <function connect.<locals>.connector at 0x0000020743C02B60>
2025-07-16 10:31:48,170 [DEBUG] [apscheduler.scheduler:1151] Looking for jobs to run
2025-07-16 10:31:48,171 [DEBUG] [apscheduler.scheduler:1252] No jobs; waiting until a job is added
2025-07-16 10:31:48,452 [DEBUG] [aiosqlite:106] operation <function connect.<locals>.connector at 0x0000020743C02B60> completed
2025-07-16 10:31:48,454 [DEBUG] [aiosqlite:104] executing functools.partial(<built-in method execute of sqlite3.Connection object at 0x0000020743A0B5B0>, '\nCREATE TABLE IF NOT EXISTS users (\n    user_id         INTEGER PRIMARY KEY,\n    first_name      TEXT,\n    last_name       TEXT,\n    role            TEXT,\n    scenario_access TEXT,\n    updated_at      TIMESTAMP DEFAULT CURRENT_TIMESTAMP\n);\n', [])
2025-07-16 10:31:48,468 [DEBUG] [aiosqlite:106] operation functools.partial(<built-in method execute of sqlite3.Connection object at 0x0000020743A0B5B0>, '\nCREATE TABLE IF NOT EXISTS users (\n    user_id         INTEGER PRIMARY KEY,\n    first_name      TEXT,\n    last_name       TEXT,\n    role            TEXT,\n    scenario_access TEXT,\n    updated_at      TIMESTAMP DEFAULT CURRENT_TIMESTAMP\n);\n', []) completed
2025-07-16 10:31:48,470 [DEBUG] [aiosqlite:104] executing functools.partial(<built-in method execute of sqlite3.Connection object at 0x0000020743A0B5B0>, "INSERT OR IGNORE INTO users(user_id, role) VALUES (?, 'руководитель')", (1018880781,))
2025-07-16 10:31:48,472 [DEBUG] [aiosqlite:106] operation functools.partial(<built-in method execute of sqlite3.Connection object at 0x0000020743A0B5B0>, "INSERT OR IGNORE INTO users(user_id, role) VALUES (?, 'руководитель')", (1018880781,)) completed
2025-07-16 10:31:48,474 [DEBUG] [aiosqlite:104] executing functools.partial(<built-in method commit of sqlite3.Connection object at 0x0000020743A0B5B0>)
2025-07-16 10:31:48,479 [DEBUG] [aiosqlite:106] operation functools.partial(<built-in method commit of sqlite3.Connection object at 0x0000020743A0B5B0>) completed
2025-07-16 10:31:48,482 [DEBUG] [aiosqlite:104] executing functools.partial(<built-in method close of sqlite3.Connection object at 0x0000020743A0B5B0>)
2025-07-16 10:31:48,483 [DEBUG] [aiosqlite:106] operation functools.partial(<built-in method close of sqlite3.Connection object at 0x0000020743A0B5B0>) completed
2025-07-16 10:31:48,484 [INFO] [__main__:60] [startup] Конфиг и БД инициализированы, Leader‑ID 1018880781 гарантирован
2025-07-16 10:31:48,486 [INFO] [aiogram.dispatcher:566] Start polling
2025-07-16 10:31:52,488 [INFO] [aiogram.dispatcher:363] Run polling for bot @masbot12_bot id=7637424219 - 'masterbot12'
2025-07-16 10:32:07,939 [DEBUG] [aiosqlite:104] executing <function connect.<locals>.connector at 0x0000020743C304A0>
2025-07-16 10:32:07,940 [DEBUG] [aiosqlite:106] operation <function connect.<locals>.connector at 0x0000020743C304A0> completed
2025-07-16 10:32:07,941 [DEBUG] [aiosqlite:104] executing functools.partial(<built-in method execute of sqlite3.Connection object at 0x0000020743A0BD30>, 'SELECT first_name, last_name, role FROM users WHERE user_id = ?', (1018880781,))
2025-07-16 10:32:08,216 [DEBUG] [aiosqlite:106] operation functools.partial(<built-in method execute of sqlite3.Connection object at 0x0000020743A0BD30>, 'SELECT first_name, last_name, role FROM users WHERE user_id = ?', (1018880781,)) completed
2025-07-16 10:32:08,217 [DEBUG] [aiosqlite:104] executing functools.partial(<built-in method fetchone of sqlite3.Cursor object at 0x0000020743C17740>)
2025-07-16 10:32:08,217 [DEBUG] [aiosqlite:106] operation functools.partial(<built-in method fetchone of sqlite3.Cursor object at 0x0000020743C17740>) completed
2025-07-16 10:32:08,231 [DEBUG] [aiosqlite:104] executing functools.partial(<built-in method close of sqlite3.Connection object at 0x0000020743A0BD30>)
2025-07-16 10:32:08,232 [DEBUG] [aiosqlite:106] operation functools.partial(<built-in method close of sqlite3.Connection object at 0x0000020743A0BD30>) completed
2025-07-16 10:32:12,603 [DEBUG] [services.cache:42] [cache] GET amocrm:deals:11wjq2kXi_FHqx1yzzQ8weqr5PngvJpOVu9VQo--hJMI failed: Error 22 connecting to localhost:6379. Удаленный компьютер отклонил это сетевое подключение.
2025-07-16 10:32:16,750 [DEBUG] [services.cache:42] [cache] GET amocrm:custom_fields failed: Error 22 connecting to localhost:6379. Удаленный компьютер отклонил это сетевое подключение.
2025-07-16 10:32:20,758 [DEBUG] [services.cache:42] [cache] GET amocrm:pipelines failed: Error 22 connecting to localhost:6379. Удаленный компьютер отклонил это сетевое подключение.
2025-07-16 10:32:24,769 [DEBUG] [services.cache:51] [cache] SET amocrm:custom_fields failed: Error 22 connecting to localhost:6379. Удаленный компьютер отклонил это сетевое подключение.
2025-07-16 10:32:28,779 [DEBUG] [services.cache:51] [cache] SET amocrm:pipelines failed: Error 22 connecting to localhost:6379. Удаленный компьютер отклонил это сетевое подключение.
2025-07-16 10:32:31,458 [INFO] [aiogram.event:172] Update id=861001240 is not handled. Duration 23619 ms by bot id=7637424219
2025-07-16 10:32:31,464 [ERROR] [aiogram.event:315] Cause exception while process update id=861001240 by bot id=7637424219
AttributeError: 'Settings' object has no attribute 'AMOCRM_FIELDS'
Traceback (most recent call last):
  File "C:\Users\DELL\AppData\Local\Programs\Python\Python313\Lib\site-packages\aiogram\dispatcher\dispatcher.py", line 309, in _process_update
    response = await self.feed_update(bot, update, **kwargs)
               ^^^^^^^^^^^^^^^^^^^^^^^^^^^^^^^^^^^^^^^^^^^^^
  File "C:\Users\DELL\AppData\Local\Programs\Python\Python313\Lib\site-packages\aiogram\dispatcher\dispatcher.py", line 158, in feed_update
    response = await self.update.wrap_outer_middleware(
               ^^^^^^^^^^^^^^^^^^^^^^^^^^^^^^^^^^^^^^^^
    ...<7 lines>...
    )
    ^
  File "C:\Users\DELL\AppData\Local\Programs\Python\Python313\Lib\site-packages\aiogram\dispatcher\middlewares\error.py", line 25, in __call__
    return await handler(event, data)
           ^^^^^^^^^^^^^^^^^^^^^^^^^^
  File "C:\Users\DELL\AppData\Local\Programs\Python\Python313\Lib\site-packages\aiogram\dispatcher\middlewares\user_context.py", line 56, in __call__
    return await handler(event, data)
           ^^^^^^^^^^^^^^^^^^^^^^^^^^
  File "C:\Users\DELL\AppData\Local\Programs\Python\Python313\Lib\site-packages\aiogram\fsm\middleware.py", line 42, in __call__
    return await handler(event, data)
           ^^^^^^^^^^^^^^^^^^^^^^^^^^
  File "C:\Users\DELL\AppData\Local\Programs\Python\Python313\Lib\site-packages\aiogram\dispatcher\event\telegram.py", line 121, in trigger
    return await wrapped_inner(event, kwargs)
           ^^^^^^^^^^^^^^^^^^^^^^^^^^^^^^^^^^
  File "C:\Users\DELL\AppData\Local\Programs\Python\Python313\Lib\site-packages\aiogram\dispatcher\event\handler.py", line 43, in call
    return await wrapped()
           ^^^^^^^^^^^^^^^
  File "C:\Users\DELL\AppData\Local\Programs\Python\Python313\Lib\site-packages\aiogram\dispatcher\dispatcher.py", line 276, in _listen_update
    return await self.propagate_event(update_type=update_type, event=event, **kwargs)
           ^^^^^^^^^^^^^^^^^^^^^^^^^^^^^^^^^^^^^^^^^^^^^^^^^^^^^^^^^^^^^^^^^^^^^^^^^^
  File "C:\Users\DELL\AppData\Local\Programs\Python\Python313\Lib\site-packages\aiogram\dispatcher\router.py", line 146, in propagate_event
    return await observer.wrap_outer_middleware(_wrapped, event=event, data=kwargs)
           ^^^^^^^^^^^^^^^^^^^^^^^^^^^^^^^^^^^^^^^^^^^^^^^^^^^^^^^^^^^^^^^^^^^^^^^^
  File "C:\Users\DELL\AppData\Local\Programs\Python\Python313\Lib\site-packages\aiogram\dispatcher\router.py", line 141, in _wrapped
    return await self._propagate_event(
           ^^^^^^^^^^^^^^^^^^^^^^^^^^^^
        observer=observer, update_type=update_type, event=telegram_event, **data
        ^^^^^^^^^^^^^^^^^^^^^^^^^^^^^^^^^^^^^^^^^^^^^^^^^^^^^^^^^^^^^^^^^^^^^^^^
    )
    ^
  File "C:\Users\DELL\AppData\Local\Programs\Python\Python313\Lib\site-packages\aiogram\dispatcher\router.py", line 174, in _propagate_event
    response = await router.propagate_event(update_type=update_type, event=event, **kwargs)
               ^^^^^^^^^^^^^^^^^^^^^^^^^^^^^^^^^^^^^^^^^^^^^^^^^^^^^^^^^^^^^^^^^^^^^^^^^^^^
  File "C:\Users\DELL\AppData\Local\Programs\Python\Python313\Lib\site-packages\aiogram\dispatcher\router.py", line 146, in propagate_event
    return await observer.wrap_outer_middleware(_wrapped, event=event, data=kwargs)
           ^^^^^^^^^^^^^^^^^^^^^^^^^^^^^^^^^^^^^^^^^^^^^^^^^^^^^^^^^^^^^^^^^^^^^^^^
  File "C:\Users\DELL\AppData\Local\Programs\Python\Python313\Lib\site-packages\aiogram\dispatcher\router.py", line 141, in _wrapped
    return await self._propagate_event(
           ^^^^^^^^^^^^^^^^^^^^^^^^^^^^
        observer=observer, update_type=update_type, event=telegram_event, **data
        ^^^^^^^^^^^^^^^^^^^^^^^^^^^^^^^^^^^^^^^^^^^^^^^^^^^^^^^^^^^^^^^^^^^^^^^^
    )
    ^
  File "C:\Users\DELL\AppData\Local\Programs\Python\Python313\Lib\site-packages\aiogram\dispatcher\router.py", line 166, in _propagate_event
    response = await observer.trigger(event, **kwargs)
               ^^^^^^^^^^^^^^^^^^^^^^^^^^^^^^^^^^^^^^^
  File "C:\Users\DELL\AppData\Local\Programs\Python\Python313\Lib\site-packages\aiogram\dispatcher\event\telegram.py", line 121, in trigger
    return await wrapped_inner(event, kwargs)
           ^^^^^^^^^^^^^^^^^^^^^^^^^^^^^^^^^^
  File "C:\Users\DELL\AppData\Local\Programs\Python\Python313\Lib\site-packages\aiogram\dispatcher\event\handler.py", line 43, in call
    return await wrapped()
           ^^^^^^^^^^^^^^^
  File "C:\Users\DELL\Desktop\gpt\Masterbot1\handlers\games.py", line 173, in new_games_handler
    await show_games(
    ...<5 lines>...
    )
  File "C:\Users\DELL\Desktop\gpt\Masterbot1\handlers\games.py", line 125, in show_games
    deals = await get_amocrm_deals(spread_id)
            ^^^^^^^^^^^^^^^^^^^^^^^^^^^^^^^^^
  File "C:\Users\DELL\Desktop\gpt\Masterbot1\services\amocrm.py", line 348, in get_amocrm_deals
    deals = await fetch_amocrm_deals(spreadsheet_id)
            ^^^^^^^^^^^^^^^^^^^^^^^^^^^^^^^^^^^^^^^^
  File "C:\Users\DELL\Desktop\gpt\Masterbot1\services\amocrm.py", line 325, in fetch_amocrm_deals
    deal = await _process_deal(raw, stages, custom_fields)
           ^^^^^^^^^^^^^^^^^^^^^^^^^^^^^^^^^^^^^^^^^^^^^^^
  File "C:\Users\DELL\Desktop\gpt\Masterbot1\services\amocrm.py", line 191, in _process_deal
    AMOCRM_FIELDS = settings.AMOCRM_FIELDS  # тянут из config.json
                    ^^^^^^^^^^^^^^^^^^^^^^
  File "C:\Users\DELL\AppData\Local\Programs\Python\Python313\Lib\site-packages\pydantic\main.py", line 991, in __getattr__
    raise AttributeError(f'{type(self).__name__!r} object has no attribute {item!r}')
AttributeError: 'Settings' object has no attribute 'AMOCRM_FIELDS'
2025-07-16 10:35:52,820 [INFO] [aiogram.event:172] Update id=861001241 is not handled. Duration 8 ms by bot id=7637424219
2025-07-16 10:35:52,880 [ERROR] [aiogram.event:315] Cause exception while process update id=861001241 by bot id=7637424219
RuntimeError: asyncio.run() cannot be called from a running event loop
Traceback (most recent call last):
  File "C:\Users\DELL\AppData\Local\Programs\Python\Python313\Lib\site-packages\aiogram\dispatcher\dispatcher.py", line 309, in _process_update
    response = await self.feed_update(bot, update, **kwargs)
               ^^^^^^^^^^^^^^^^^^^^^^^^^^^^^^^^^^^^^^^^^^^^^
  File "C:\Users\DELL\AppData\Local\Programs\Python\Python313\Lib\site-packages\aiogram\dispatcher\dispatcher.py", line 158, in feed_update
    response = await self.update.wrap_outer_middleware(
               ^^^^^^^^^^^^^^^^^^^^^^^^^^^^^^^^^^^^^^^^
    ...<7 lines>...
    )
    ^
  File "C:\Users\DELL\AppData\Local\Programs\Python\Python313\Lib\site-packages\aiogram\dispatcher\middlewares\error.py", line 25, in __call__
    return await handler(event, data)
           ^^^^^^^^^^^^^^^^^^^^^^^^^^
  File "C:\Users\DELL\AppData\Local\Programs\Python\Python313\Lib\site-packages\aiogram\dispatcher\middlewares\user_context.py", line 56, in __call__
    return await handler(event, data)
           ^^^^^^^^^^^^^^^^^^^^^^^^^^
  File "C:\Users\DELL\AppData\Local\Programs\Python\Python313\Lib\site-packages\aiogram\fsm\middleware.py", line 42, in __call__
    return await handler(event, data)
           ^^^^^^^^^^^^^^^^^^^^^^^^^^
  File "C:\Users\DELL\AppData\Local\Programs\Python\Python313\Lib\site-packages\aiogram\dispatcher\event\telegram.py", line 121, in trigger
    return await wrapped_inner(event, kwargs)
           ^^^^^^^^^^^^^^^^^^^^^^^^^^^^^^^^^^
  File "C:\Users\DELL\AppData\Local\Programs\Python\Python313\Lib\site-packages\aiogram\dispatcher\event\handler.py", line 43, in call
    return await wrapped()
           ^^^^^^^^^^^^^^^
  File "C:\Users\DELL\AppData\Local\Programs\Python\Python313\Lib\site-packages\aiogram\dispatcher\dispatcher.py", line 276, in _listen_update
    return await self.propagate_event(update_type=update_type, event=event, **kwargs)
           ^^^^^^^^^^^^^^^^^^^^^^^^^^^^^^^^^^^^^^^^^^^^^^^^^^^^^^^^^^^^^^^^^^^^^^^^^^
  File "C:\Users\DELL\AppData\Local\Programs\Python\Python313\Lib\site-packages\aiogram\dispatcher\router.py", line 146, in propagate_event
    return await observer.wrap_outer_middleware(_wrapped, event=event, data=kwargs)
           ^^^^^^^^^^^^^^^^^^^^^^^^^^^^^^^^^^^^^^^^^^^^^^^^^^^^^^^^^^^^^^^^^^^^^^^^
  File "C:\Users\DELL\AppData\Local\Programs\Python\Python313\Lib\site-packages\aiogram\dispatcher\router.py", line 141, in _wrapped
    return await self._propagate_event(
           ^^^^^^^^^^^^^^^^^^^^^^^^^^^^
        observer=observer, update_type=update_type, event=telegram_event, **data
        ^^^^^^^^^^^^^^^^^^^^^^^^^^^^^^^^^^^^^^^^^^^^^^^^^^^^^^^^^^^^^^^^^^^^^^^^
    )
    ^
  File "C:\Users\DELL\AppData\Local\Programs\Python\Python313\Lib\site-packages\aiogram\dispatcher\router.py", line 166, in _propagate_event
    response = await observer.trigger(event, **kwargs)
               ^^^^^^^^^^^^^^^^^^^^^^^^^^^^^^^^^^^^^^^
  File "C:\Users\DELL\AppData\Local\Programs\Python\Python313\Lib\site-packages\aiogram\dispatcher\event\telegram.py", line 121, in trigger
    return await wrapped_inner(event, kwargs)
           ^^^^^^^^^^^^^^^^^^^^^^^^^^^^^^^^^^
  File "C:\Users\DELL\AppData\Local\Programs\Python\Python313\Lib\site-packages\aiogram\dispatcher\event\handler.py", line 43, in call
    return await wrapped()
           ^^^^^^^^^^^^^^^
  File "C:\Users\DELL\Desktop\gpt\Masterbot1\main.py", line 77, in start_handler
    kb = await get_main_menu(uid)
               ~~~~~~~~~~~~~^^^^^
  File "C:\Users\DELL\Desktop\gpt\Masterbot1\handlers\polls.py", line 48, in get_main_menu
    ui = asyncio.run(get_user_info(user_id))
  File "C:\Users\DELL\AppData\Local\Programs\Python\Python313\Lib\asyncio\runners.py", line 191, in run
    raise RuntimeError(
        "asyncio.run() cannot be called from a running event loop")
RuntimeError: asyncio.run() cannot be called from a running event loop
2025-07-16 10:41:17,267 [INFO] [aiogram.event:172] Update id=861001242 is not handled. Duration 3 ms by bot id=7637424219
2025-07-16 10:41:17,314 [ERROR] [aiogram.event:315] Cause exception while process update id=861001242 by bot id=7637424219
RuntimeError: asyncio.run() cannot be called from a running event loop
Traceback (most recent call last):
  File "C:\Users\DELL\AppData\Local\Programs\Python\Python313\Lib\site-packages\aiogram\dispatcher\dispatcher.py", line 309, in _process_update
    response = await self.feed_update(bot, update, **kwargs)
               ^^^^^^^^^^^^^^^^^^^^^^^^^^^^^^^^^^^^^^^^^^^^^
  File "C:\Users\DELL\AppData\Local\Programs\Python\Python313\Lib\site-packages\aiogram\dispatcher\dispatcher.py", line 158, in feed_update
    response = await self.update.wrap_outer_middleware(
               ^^^^^^^^^^^^^^^^^^^^^^^^^^^^^^^^^^^^^^^^
    ...<7 lines>...
    )
    ^
  File "C:\Users\DELL\AppData\Local\Programs\Python\Python313\Lib\site-packages\aiogram\dispatcher\middlewares\error.py", line 25, in __call__
    return await handler(event, data)
           ^^^^^^^^^^^^^^^^^^^^^^^^^^
  File "C:\Users\DELL\AppData\Local\Programs\Python\Python313\Lib\site-packages\aiogram\dispatcher\middlewares\user_context.py", line 56, in __call__
    return await handler(event, data)
           ^^^^^^^^^^^^^^^^^^^^^^^^^^
  File "C:\Users\DELL\AppData\Local\Programs\Python\Python313\Lib\site-packages\aiogram\fsm\middleware.py", line 42, in __call__
    return await handler(event, data)
           ^^^^^^^^^^^^^^^^^^^^^^^^^^
  File "C:\Users\DELL\AppData\Local\Programs\Python\Python313\Lib\site-packages\aiogram\dispatcher\event\telegram.py", line 121, in trigger
    return await wrapped_inner(event, kwargs)
           ^^^^^^^^^^^^^^^^^^^^^^^^^^^^^^^^^^
  File "C:\Users\DELL\AppData\Local\Programs\Python\Python313\Lib\site-packages\aiogram\dispatcher\event\handler.py", line 43, in call
    return await wrapped()
           ^^^^^^^^^^^^^^^
  File "C:\Users\DELL\AppData\Local\Programs\Python\Python313\Lib\site-packages\aiogram\dispatcher\dispatcher.py", line 276, in _listen_update
    return await self.propagate_event(update_type=update_type, event=event, **kwargs)
           ^^^^^^^^^^^^^^^^^^^^^^^^^^^^^^^^^^^^^^^^^^^^^^^^^^^^^^^^^^^^^^^^^^^^^^^^^^
  File "C:\Users\DELL\AppData\Local\Programs\Python\Python313\Lib\site-packages\aiogram\dispatcher\router.py", line 146, in propagate_event
    return await observer.wrap_outer_middleware(_wrapped, event=event, data=kwargs)
           ^^^^^^^^^^^^^^^^^^^^^^^^^^^^^^^^^^^^^^^^^^^^^^^^^^^^^^^^^^^^^^^^^^^^^^^^
  File "C:\Users\DELL\AppData\Local\Programs\Python\Python313\Lib\site-packages\aiogram\dispatcher\router.py", line 141, in _wrapped
    return await self._propagate_event(
           ^^^^^^^^^^^^^^^^^^^^^^^^^^^^
        observer=observer, update_type=update_type, event=telegram_event, **data
        ^^^^^^^^^^^^^^^^^^^^^^^^^^^^^^^^^^^^^^^^^^^^^^^^^^^^^^^^^^^^^^^^^^^^^^^^
    )
    ^
  File "C:\Users\DELL\AppData\Local\Programs\Python\Python313\Lib\site-packages\aiogram\dispatcher\router.py", line 166, in _propagate_event
    response = await observer.trigger(event, **kwargs)
               ^^^^^^^^^^^^^^^^^^^^^^^^^^^^^^^^^^^^^^^
  File "C:\Users\DELL\AppData\Local\Programs\Python\Python313\Lib\site-packages\aiogram\dispatcher\event\telegram.py", line 121, in trigger
    return await wrapped_inner(event, kwargs)
           ^^^^^^^^^^^^^^^^^^^^^^^^^^^^^^^^^^
  File "C:\Users\DELL\AppData\Local\Programs\Python\Python313\Lib\site-packages\aiogram\dispatcher\event\handler.py", line 43, in call
    return await wrapped()
           ^^^^^^^^^^^^^^^
  File "C:\Users\DELL\Desktop\gpt\Masterbot1\main.py", line 77, in start_handler
    kb = await get_main_menu(uid)
               ~~~~~~~~~~~~~^^^^^
  File "C:\Users\DELL\Desktop\gpt\Masterbot1\handlers\polls.py", line 48, in get_main_menu
    ui = asyncio.run(get_user_info(user_id))
  File "C:\Users\DELL\AppData\Local\Programs\Python\Python313\Lib\asyncio\runners.py", line 191, in run
    raise RuntimeError(
        "asyncio.run() cannot be called from a running event loop")
RuntimeError: asyncio.run() cannot be called from a running event loop
2025-07-16 10:46:55,882 [DEBUG] [asyncio:631] Using proactor: IocpProactor
2025-07-16 10:46:56,535 [INFO] [apscheduler.scheduler:214] Scheduler started
2025-07-16 10:46:56,536 [INFO] [__main__:117] Bot starting… version MasterBot 12.92‑refactor
2025-07-16 10:46:56,681 [DEBUG] [aiosqlite:104] executing <function connect.<locals>.connector at 0x00000242FF5D2AC0>
2025-07-16 10:46:56,681 [DEBUG] [apscheduler.scheduler:1151] Looking for jobs to run
2025-07-16 10:46:56,692 [DEBUG] [apscheduler.scheduler:1252] No jobs; waiting until a job is added
2025-07-16 10:46:56,713 [DEBUG] [aiosqlite:106] operation <function connect.<locals>.connector at 0x00000242FF5D2AC0> completed
2025-07-16 10:46:56,714 [DEBUG] [aiosqlite:104] executing functools.partial(<built-in method execute of sqlite3.Connection object at 0x00000242FF3DB5B0>, '\nCREATE TABLE IF NOT EXISTS users (\n    user_id         INTEGER PRIMARY KEY,\n    first_name      TEXT,\n    last_name       TEXT,\n    role            TEXT,\n    scenario_access TEXT,\n    updated_at      TIMESTAMP DEFAULT CURRENT_TIMESTAMP\n);\n', [])
2025-07-16 10:46:56,742 [DEBUG] [aiosqlite:106] operation functools.partial(<built-in method execute of sqlite3.Connection object at 0x00000242FF3DB5B0>, '\nCREATE TABLE IF NOT EXISTS users (\n    user_id         INTEGER PRIMARY KEY,\n    first_name      TEXT,\n    last_name       TEXT,\n    role            TEXT,\n    scenario_access TEXT,\n    updated_at      TIMESTAMP DEFAULT CURRENT_TIMESTAMP\n);\n', []) completed
2025-07-16 10:46:56,752 [DEBUG] [aiosqlite:104] executing functools.partial(<built-in method execute of sqlite3.Connection object at 0x00000242FF3DB5B0>, "INSERT OR IGNORE INTO users(user_id, role) VALUES (?, 'руководитель')", (1018880781,))
2025-07-16 10:46:56,759 [DEBUG] [aiosqlite:106] operation functools.partial(<built-in method execute of sqlite3.Connection object at 0x00000242FF3DB5B0>, "INSERT OR IGNORE INTO users(user_id, role) VALUES (?, 'руководитель')", (1018880781,)) completed
2025-07-16 10:46:56,763 [DEBUG] [aiosqlite:104] executing functools.partial(<built-in method commit of sqlite3.Connection object at 0x00000242FF3DB5B0>)
2025-07-16 10:46:56,765 [DEBUG] [aiosqlite:106] operation functools.partial(<built-in method commit of sqlite3.Connection object at 0x00000242FF3DB5B0>) completed
2025-07-16 10:46:56,767 [DEBUG] [aiosqlite:104] executing functools.partial(<built-in method close of sqlite3.Connection object at 0x00000242FF3DB5B0>)
2025-07-16 10:46:56,768 [DEBUG] [aiosqlite:106] operation functools.partial(<built-in method close of sqlite3.Connection object at 0x00000242FF3DB5B0>) completed
2025-07-16 10:46:56,770 [INFO] [__main__:60] [startup] Конфиг и БД инициализированы, Leader‑ID 1018880781 гарантирован
2025-07-16 10:46:56,774 [INFO] [aiogram.dispatcher:566] Start polling
2025-07-16 10:46:57,213 [INFO] [aiogram.dispatcher:363] Run polling for bot @masbot12_bot id=7637424219 - 'masterbot12'
2025-07-16 10:47:11,180 [INFO] [aiogram.event:172] Update id=861001243 is not handled. Duration 122 ms by bot id=7637424219
2025-07-16 10:47:11,181 [ERROR] [aiogram.event:315] Cause exception while process update id=861001243 by bot id=7637424219
RuntimeError: asyncio.run() cannot be called from a running event loop
Traceback (most recent call last):
  File "C:\Users\DELL\AppData\Local\Programs\Python\Python313\Lib\site-packages\aiogram\dispatcher\dispatcher.py", line 309, in _process_update
    response = await self.feed_update(bot, update, **kwargs)
               ^^^^^^^^^^^^^^^^^^^^^^^^^^^^^^^^^^^^^^^^^^^^^
  File "C:\Users\DELL\AppData\Local\Programs\Python\Python313\Lib\site-packages\aiogram\dispatcher\dispatcher.py", line 158, in feed_update
    response = await self.update.wrap_outer_middleware(
               ^^^^^^^^^^^^^^^^^^^^^^^^^^^^^^^^^^^^^^^^
    ...<7 lines>...
    )
    ^
  File "C:\Users\DELL\AppData\Local\Programs\Python\Python313\Lib\site-packages\aiogram\dispatcher\middlewares\error.py", line 25, in __call__
    return await handler(event, data)
           ^^^^^^^^^^^^^^^^^^^^^^^^^^
  File "C:\Users\DELL\AppData\Local\Programs\Python\Python313\Lib\site-packages\aiogram\dispatcher\middlewares\user_context.py", line 56, in __call__
    return await handler(event, data)
           ^^^^^^^^^^^^^^^^^^^^^^^^^^
  File "C:\Users\DELL\AppData\Local\Programs\Python\Python313\Lib\site-packages\aiogram\fsm\middleware.py", line 42, in __call__
    return await handler(event, data)
           ^^^^^^^^^^^^^^^^^^^^^^^^^^
  File "C:\Users\DELL\AppData\Local\Programs\Python\Python313\Lib\site-packages\aiogram\dispatcher\event\telegram.py", line 121, in trigger
    return await wrapped_inner(event, kwargs)
           ^^^^^^^^^^^^^^^^^^^^^^^^^^^^^^^^^^
  File "C:\Users\DELL\AppData\Local\Programs\Python\Python313\Lib\site-packages\aiogram\dispatcher\event\handler.py", line 43, in call
    return await wrapped()
           ^^^^^^^^^^^^^^^
  File "C:\Users\DELL\AppData\Local\Programs\Python\Python313\Lib\site-packages\aiogram\dispatcher\dispatcher.py", line 276, in _listen_update
    return await self.propagate_event(update_type=update_type, event=event, **kwargs)
           ^^^^^^^^^^^^^^^^^^^^^^^^^^^^^^^^^^^^^^^^^^^^^^^^^^^^^^^^^^^^^^^^^^^^^^^^^^
  File "C:\Users\DELL\AppData\Local\Programs\Python\Python313\Lib\site-packages\aiogram\dispatcher\router.py", line 146, in propagate_event
    return await observer.wrap_outer_middleware(_wrapped, event=event, data=kwargs)
           ^^^^^^^^^^^^^^^^^^^^^^^^^^^^^^^^^^^^^^^^^^^^^^^^^^^^^^^^^^^^^^^^^^^^^^^^
  File "C:\Users\DELL\AppData\Local\Programs\Python\Python313\Lib\site-packages\aiogram\dispatcher\router.py", line 141, in _wrapped
    return await self._propagate_event(
           ^^^^^^^^^^^^^^^^^^^^^^^^^^^^
        observer=observer, update_type=update_type, event=telegram_event, **data
        ^^^^^^^^^^^^^^^^^^^^^^^^^^^^^^^^^^^^^^^^^^^^^^^^^^^^^^^^^^^^^^^^^^^^^^^^
    )
    ^
  File "C:\Users\DELL\AppData\Local\Programs\Python\Python313\Lib\site-packages\aiogram\dispatcher\router.py", line 166, in _propagate_event
    response = await observer.trigger(event, **kwargs)
               ^^^^^^^^^^^^^^^^^^^^^^^^^^^^^^^^^^^^^^^
  File "C:\Users\DELL\AppData\Local\Programs\Python\Python313\Lib\site-packages\aiogram\dispatcher\event\telegram.py", line 121, in trigger
    return await wrapped_inner(event, kwargs)
           ^^^^^^^^^^^^^^^^^^^^^^^^^^^^^^^^^^
  File "C:\Users\DELL\AppData\Local\Programs\Python\Python313\Lib\site-packages\aiogram\dispatcher\event\handler.py", line 43, in call
    return await wrapped()
           ^^^^^^^^^^^^^^^
  File "C:\Users\DELL\Desktop\gpt\Masterbot1\main.py", line 77, in start_handler
    kb = await get_main_menu(uid)
               ~~~~~~~~~~~~~^^^^^
  File "C:\Users\DELL\Desktop\gpt\Masterbot1\handlers\polls.py", line 48, in get_main_menu
    ui = asyncio.run(get_user_info(user_id))
  File "C:\Users\DELL\AppData\Local\Programs\Python\Python313\Lib\asyncio\runners.py", line 191, in run
    raise RuntimeError(
        "asyncio.run() cannot be called from a running event loop")
RuntimeError: asyncio.run() cannot be called from a running event loop
2025-07-16 10:59:16,682 [DEBUG] [asyncio:631] Using proactor: IocpProactor
2025-07-16 10:59:17,843 [INFO] [apscheduler.scheduler:214] Scheduler started
2025-07-16 10:59:17,843 [INFO] [__main__:111] Bot starting… version MasterBot 12.92‑refactor
2025-07-16 10:59:17,955 [DEBUG] [aiosqlite:104] executing <function connect.<locals>.connector at 0x00000204E6C3ECA0>
2025-07-16 10:59:17,956 [DEBUG] [apscheduler.scheduler:1151] Looking for jobs to run
2025-07-16 10:59:17,966 [DEBUG] [apscheduler.scheduler:1252] No jobs; waiting until a job is added
2025-07-16 10:59:18,012 [DEBUG] [aiosqlite:106] operation <function connect.<locals>.connector at 0x00000204E6C3ECA0> completed
2025-07-16 10:59:18,013 [DEBUG] [aiosqlite:104] executing functools.partial(<built-in method execute of sqlite3.Connection object at 0x00000204E6A2B6A0>, '\nCREATE TABLE IF NOT EXISTS users (\n    user_id         INTEGER PRIMARY KEY,\n    first_name      TEXT,\n    last_name       TEXT,\n    role            TEXT,\n    scenario_access TEXT,\n    updated_at      TIMESTAMP DEFAULT CURRENT_TIMESTAMP\n);\n', [])
2025-07-16 10:59:18,023 [DEBUG] [aiosqlite:106] operation functools.partial(<built-in method execute of sqlite3.Connection object at 0x00000204E6A2B6A0>, '\nCREATE TABLE IF NOT EXISTS users (\n    user_id         INTEGER PRIMARY KEY,\n    first_name      TEXT,\n    last_name       TEXT,\n    role            TEXT,\n    scenario_access TEXT,\n    updated_at      TIMESTAMP DEFAULT CURRENT_TIMESTAMP\n);\n', []) completed
2025-07-16 10:59:18,024 [DEBUG] [aiosqlite:104] executing functools.partial(<built-in method execute of sqlite3.Connection object at 0x00000204E6A2B6A0>, "INSERT OR IGNORE INTO users(user_id, role) VALUES (?, 'руководитель')", (1018880781,))
2025-07-16 10:59:18,025 [DEBUG] [aiosqlite:106] operation functools.partial(<built-in method execute of sqlite3.Connection object at 0x00000204E6A2B6A0>, "INSERT OR IGNORE INTO users(user_id, role) VALUES (?, 'руководитель')", (1018880781,)) completed
2025-07-16 10:59:18,026 [DEBUG] [aiosqlite:104] executing functools.partial(<built-in method commit of sqlite3.Connection object at 0x00000204E6A2B6A0>)
2025-07-16 10:59:18,026 [DEBUG] [aiosqlite:106] operation functools.partial(<built-in method commit of sqlite3.Connection object at 0x00000204E6A2B6A0>) completed
2025-07-16 10:59:18,027 [DEBUG] [aiosqlite:104] executing functools.partial(<built-in method close of sqlite3.Connection object at 0x00000204E6A2B6A0>)
2025-07-16 10:59:18,030 [DEBUG] [aiosqlite:106] operation functools.partial(<built-in method close of sqlite3.Connection object at 0x00000204E6A2B6A0>) completed
2025-07-16 10:59:18,031 [INFO] [__main__:59] [startup] Конфиг и БД инициализированы, Leader‑ID 1018880781 гарантирован
2025-07-16 10:59:18,031 [INFO] [aiogram.dispatcher:566] Start polling
2025-07-16 10:59:18,515 [INFO] [aiogram.dispatcher:363] Run polling for bot @masbot12_bot id=7637424219 - 'masterbot12'
2025-07-16 10:59:57,767 [DEBUG] [aiosqlite:104] executing <function connect.<locals>.connector at 0x00000204E6C642C0>
2025-07-16 10:59:57,768 [DEBUG] [aiosqlite:106] operation <function connect.<locals>.connector at 0x00000204E6C642C0> completed
2025-07-16 10:59:57,769 [DEBUG] [aiosqlite:104] executing functools.partial(<built-in method execute of sqlite3.Connection object at 0x00000204E6A2BD30>, 'SELECT first_name, last_name, role FROM users WHERE user_id = ?', (1018880781,))
2025-07-16 10:59:59,561 [DEBUG] [aiosqlite:106] operation functools.partial(<built-in method execute of sqlite3.Connection object at 0x00000204E6A2BD30>, 'SELECT first_name, last_name, role FROM users WHERE user_id = ?', (1018880781,)) completed
2025-07-16 10:59:59,562 [DEBUG] [aiosqlite:104] executing functools.partial(<built-in method fetchone of sqlite3.Cursor object at 0x00000204E6C3B6C0>)
2025-07-16 10:59:59,562 [DEBUG] [aiosqlite:106] operation functools.partial(<built-in method fetchone of sqlite3.Cursor object at 0x00000204E6C3B6C0>) completed
2025-07-16 10:59:59,563 [DEBUG] [aiosqlite:104] executing functools.partial(<built-in method close of sqlite3.Connection object at 0x00000204E6A2BD30>)
2025-07-16 10:59:59,564 [DEBUG] [aiosqlite:106] operation functools.partial(<built-in method close of sqlite3.Connection object at 0x00000204E6A2BD30>) completed
2025-07-16 11:00:00,091 [INFO] [aiogram.event:172] Update id=861001244 is handled. Duration 2349 ms by bot id=7637424219
2025-07-16 11:00:01,621 [DEBUG] [aiosqlite:104] executing <function connect.<locals>.connector at 0x00000204E6C64360>
2025-07-16 11:00:01,622 [DEBUG] [aiosqlite:106] operation <function connect.<locals>.connector at 0x00000204E6C64360> completed
2025-07-16 11:00:01,623 [DEBUG] [aiosqlite:104] executing functools.partial(<built-in method execute of sqlite3.Connection object at 0x00000204E6C74220>, 'SELECT first_name, last_name, role FROM users WHERE user_id = ?', (1018880781,))
2025-07-16 11:00:01,624 [DEBUG] [aiosqlite:106] operation functools.partial(<built-in method execute of sqlite3.Connection object at 0x00000204E6C74220>, 'SELECT first_name, last_name, role FROM users WHERE user_id = ?', (1018880781,)) completed
2025-07-16 11:00:01,625 [DEBUG] [aiosqlite:104] executing functools.partial(<built-in method fetchone of sqlite3.Cursor object at 0x00000204E6C79540>)
2025-07-16 11:00:01,625 [DEBUG] [aiosqlite:106] operation functools.partial(<built-in method fetchone of sqlite3.Cursor object at 0x00000204E6C79540>) completed
2025-07-16 11:00:01,626 [DEBUG] [aiosqlite:104] executing functools.partial(<built-in method close of sqlite3.Connection object at 0x00000204E6C74220>)
2025-07-16 11:00:01,626 [DEBUG] [aiosqlite:106] operation functools.partial(<built-in method close of sqlite3.Connection object at 0x00000204E6C74220>) completed
2025-07-16 11:00:05,697 [DEBUG] [services.cache:42] [cache] GET amocrm:deals:11wjq2kXi_FHqx1yzzQ8weqr5PngvJpOVu9VQo--hJMI failed: Error 22 connecting to localhost:6379. Удаленный компьютер отклонил это сетевое подключение.
2025-07-16 11:00:10,372 [DEBUG] [services.cache:42] [cache] GET amocrm:custom_fields failed: Error 22 connecting to localhost:6379. Удаленный компьютер отклонил это сетевое подключение.
2025-07-16 11:00:14,740 [DEBUG] [services.cache:42] [cache] GET amocrm:pipelines failed: Error 22 connecting to localhost:6379. Удаленный компьютер отклонил это сетевое подключение.
2025-07-16 11:00:19,314 [DEBUG] [services.cache:51] [cache] SET amocrm:custom_fields failed: Error 22 connecting to localhost:6379. Удаленный компьютер отклонил это сетевое подключение.
2025-07-16 11:00:23,733 [DEBUG] [services.cache:51] [cache] SET amocrm:pipelines failed: Error 22 connecting to localhost:6379. Удаленный компьютер отклонил это сетевое подключение.
2025-07-16 11:00:27,040 [INFO] [aiogram.event:172] Update id=861001245 is not handled. Duration 25420 ms by bot id=7637424219
2025-07-16 11:00:27,057 [ERROR] [aiogram.event:315] Cause exception while process update id=861001245 by bot id=7637424219
AttributeError: 'Settings' object has no attribute 'AMOCRM_FIELDS'
Traceback (most recent call last):
  File "C:\Users\DELL\AppData\Local\Programs\Python\Python313\Lib\site-packages\aiogram\dispatcher\dispatcher.py", line 309, in _process_update
    response = await self.feed_update(bot, update, **kwargs)
               ^^^^^^^^^^^^^^^^^^^^^^^^^^^^^^^^^^^^^^^^^^^^^
  File "C:\Users\DELL\AppData\Local\Programs\Python\Python313\Lib\site-packages\aiogram\dispatcher\dispatcher.py", line 158, in feed_update
    response = await self.update.wrap_outer_middleware(
               ^^^^^^^^^^^^^^^^^^^^^^^^^^^^^^^^^^^^^^^^
    ...<7 lines>...
    )
    ^
  File "C:\Users\DELL\AppData\Local\Programs\Python\Python313\Lib\site-packages\aiogram\dispatcher\middlewares\error.py", line 25, in __call__
    return await handler(event, data)
           ^^^^^^^^^^^^^^^^^^^^^^^^^^
  File "C:\Users\DELL\AppData\Local\Programs\Python\Python313\Lib\site-packages\aiogram\dispatcher\middlewares\user_context.py", line 56, in __call__
    return await handler(event, data)
           ^^^^^^^^^^^^^^^^^^^^^^^^^^
  File "C:\Users\DELL\AppData\Local\Programs\Python\Python313\Lib\site-packages\aiogram\fsm\middleware.py", line 42, in __call__
    return await handler(event, data)
           ^^^^^^^^^^^^^^^^^^^^^^^^^^
  File "C:\Users\DELL\AppData\Local\Programs\Python\Python313\Lib\site-packages\aiogram\dispatcher\event\telegram.py", line 121, in trigger
    return await wrapped_inner(event, kwargs)
           ^^^^^^^^^^^^^^^^^^^^^^^^^^^^^^^^^^
  File "C:\Users\DELL\AppData\Local\Programs\Python\Python313\Lib\site-packages\aiogram\dispatcher\event\handler.py", line 43, in call
    return await wrapped()
           ^^^^^^^^^^^^^^^
  File "C:\Users\DELL\AppData\Local\Programs\Python\Python313\Lib\site-packages\aiogram\dispatcher\dispatcher.py", line 276, in _listen_update
    return await self.propagate_event(update_type=update_type, event=event, **kwargs)
           ^^^^^^^^^^^^^^^^^^^^^^^^^^^^^^^^^^^^^^^^^^^^^^^^^^^^^^^^^^^^^^^^^^^^^^^^^^
  File "C:\Users\DELL\AppData\Local\Programs\Python\Python313\Lib\site-packages\aiogram\dispatcher\router.py", line 146, in propagate_event
    return await observer.wrap_outer_middleware(_wrapped, event=event, data=kwargs)
           ^^^^^^^^^^^^^^^^^^^^^^^^^^^^^^^^^^^^^^^^^^^^^^^^^^^^^^^^^^^^^^^^^^^^^^^^
  File "C:\Users\DELL\AppData\Local\Programs\Python\Python313\Lib\site-packages\aiogram\dispatcher\router.py", line 141, in _wrapped
    return await self._propagate_event(
           ^^^^^^^^^^^^^^^^^^^^^^^^^^^^
        observer=observer, update_type=update_type, event=telegram_event, **data
        ^^^^^^^^^^^^^^^^^^^^^^^^^^^^^^^^^^^^^^^^^^^^^^^^^^^^^^^^^^^^^^^^^^^^^^^^
    )
    ^
  File "C:\Users\DELL\AppData\Local\Programs\Python\Python313\Lib\site-packages\aiogram\dispatcher\router.py", line 174, in _propagate_event
    response = await router.propagate_event(update_type=update_type, event=event, **kwargs)
               ^^^^^^^^^^^^^^^^^^^^^^^^^^^^^^^^^^^^^^^^^^^^^^^^^^^^^^^^^^^^^^^^^^^^^^^^^^^^
  File "C:\Users\DELL\AppData\Local\Programs\Python\Python313\Lib\site-packages\aiogram\dispatcher\router.py", line 146, in propagate_event
    return await observer.wrap_outer_middleware(_wrapped, event=event, data=kwargs)
           ^^^^^^^^^^^^^^^^^^^^^^^^^^^^^^^^^^^^^^^^^^^^^^^^^^^^^^^^^^^^^^^^^^^^^^^^
  File "C:\Users\DELL\AppData\Local\Programs\Python\Python313\Lib\site-packages\aiogram\dispatcher\router.py", line 141, in _wrapped
    return await self._propagate_event(
           ^^^^^^^^^^^^^^^^^^^^^^^^^^^^
        observer=observer, update_type=update_type, event=telegram_event, **data
        ^^^^^^^^^^^^^^^^^^^^^^^^^^^^^^^^^^^^^^^^^^^^^^^^^^^^^^^^^^^^^^^^^^^^^^^^
    )
    ^
  File "C:\Users\DELL\AppData\Local\Programs\Python\Python313\Lib\site-packages\aiogram\dispatcher\router.py", line 166, in _propagate_event
    response = await observer.trigger(event, **kwargs)
               ^^^^^^^^^^^^^^^^^^^^^^^^^^^^^^^^^^^^^^^
  File "C:\Users\DELL\AppData\Local\Programs\Python\Python313\Lib\site-packages\aiogram\dispatcher\event\telegram.py", line 121, in trigger
    return await wrapped_inner(event, kwargs)
           ^^^^^^^^^^^^^^^^^^^^^^^^^^^^^^^^^^
  File "C:\Users\DELL\AppData\Local\Programs\Python\Python313\Lib\site-packages\aiogram\dispatcher\event\handler.py", line 43, in call
    return await wrapped()
           ^^^^^^^^^^^^^^^
  File "C:\Users\DELL\Desktop\gpt\Masterbot1\handlers\games.py", line 173, in new_games_handler
    await show_games(
    ...<5 lines>...
    )
  File "C:\Users\DELL\Desktop\gpt\Masterbot1\handlers\games.py", line 125, in show_games
    deals = await get_amocrm_deals(spread_id)
            ^^^^^^^^^^^^^^^^^^^^^^^^^^^^^^^^^
  File "C:\Users\DELL\Desktop\gpt\Masterbot1\services\amocrm.py", line 348, in get_amocrm_deals
    deals = await fetch_amocrm_deals(spreadsheet_id)
            ^^^^^^^^^^^^^^^^^^^^^^^^^^^^^^^^^^^^^^^^
  File "C:\Users\DELL\Desktop\gpt\Masterbot1\services\amocrm.py", line 325, in fetch_amocrm_deals
    deal = await _process_deal(raw, stages, custom_fields)
           ^^^^^^^^^^^^^^^^^^^^^^^^^^^^^^^^^^^^^^^^^^^^^^^
  File "C:\Users\DELL\Desktop\gpt\Masterbot1\services\amocrm.py", line 191, in _process_deal
    AMOCRM_FIELDS = settings.AMOCRM_FIELDS  # тянут из config.json
                    ^^^^^^^^^^^^^^^^^^^^^^
  File "C:\Users\DELL\AppData\Local\Programs\Python\Python313\Lib\site-packages\pydantic\main.py", line 991, in __getattr__
    raise AttributeError(f'{type(self).__name__!r} object has no attribute {item!r}')
AttributeError: 'Settings' object has no attribute 'AMOCRM_FIELDS'
2025-07-16 11:06:03,639 [DEBUG] [asyncio:631] Using proactor: IocpProactor
2025-07-16 11:06:04,285 [INFO] [apscheduler.scheduler:214] Scheduler started
2025-07-16 11:06:04,286 [INFO] [__main__:111] Bot starting… version MasterBot 12.92‑refactor
2025-07-16 11:06:04,290 [DEBUG] [aiosqlite:104] executing <function connect.<locals>.connector at 0x000002AFF6822AC0>
2025-07-16 11:06:04,291 [DEBUG] [apscheduler.scheduler:1151] Looking for jobs to run
2025-07-16 11:06:04,292 [DEBUG] [apscheduler.scheduler:1252] No jobs; waiting until a job is added
2025-07-16 11:06:04,329 [DEBUG] [aiosqlite:106] operation <function connect.<locals>.connector at 0x000002AFF6822AC0> completed
2025-07-16 11:06:04,330 [DEBUG] [aiosqlite:104] executing functools.partial(<built-in method execute of sqlite3.Connection object at 0x000002AFF662F5B0>, '\nCREATE TABLE IF NOT EXISTS users (\n    user_id         INTEGER PRIMARY KEY,\n    first_name      TEXT,\n    last_name       TEXT,\n    role            TEXT,\n    scenario_access TEXT,\n    updated_at      TIMESTAMP DEFAULT CURRENT_TIMESTAMP\n);\n', [])
2025-07-16 11:06:04,331 [DEBUG] [aiosqlite:106] operation functools.partial(<built-in method execute of sqlite3.Connection object at 0x000002AFF662F5B0>, '\nCREATE TABLE IF NOT EXISTS users (\n    user_id         INTEGER PRIMARY KEY,\n    first_name      TEXT,\n    last_name       TEXT,\n    role            TEXT,\n    scenario_access TEXT,\n    updated_at      TIMESTAMP DEFAULT CURRENT_TIMESTAMP\n);\n', []) completed
2025-07-16 11:06:04,334 [DEBUG] [aiosqlite:104] executing functools.partial(<built-in method execute of sqlite3.Connection object at 0x000002AFF662F5B0>, "INSERT OR IGNORE INTO users(user_id, role) VALUES (?, 'руководитель')", (1018880781,))
2025-07-16 11:06:04,336 [DEBUG] [aiosqlite:106] operation functools.partial(<built-in method execute of sqlite3.Connection object at 0x000002AFF662F5B0>, "INSERT OR IGNORE INTO users(user_id, role) VALUES (?, 'руководитель')", (1018880781,)) completed
2025-07-16 11:06:04,337 [DEBUG] [aiosqlite:104] executing functools.partial(<built-in method commit of sqlite3.Connection object at 0x000002AFF662F5B0>)
2025-07-16 11:06:04,338 [DEBUG] [aiosqlite:106] operation functools.partial(<built-in method commit of sqlite3.Connection object at 0x000002AFF662F5B0>) completed
2025-07-16 11:06:04,343 [DEBUG] [aiosqlite:104] executing functools.partial(<built-in method close of sqlite3.Connection object at 0x000002AFF662F5B0>)
2025-07-16 11:06:04,343 [DEBUG] [aiosqlite:106] operation functools.partial(<built-in method close of sqlite3.Connection object at 0x000002AFF662F5B0>) completed
2025-07-16 11:06:04,344 [INFO] [__main__:59] [startup] Конфиг и БД инициализированы, Leader‑ID 1018880781 гарантирован
2025-07-16 11:06:04,345 [INFO] [aiogram.dispatcher:566] Start polling
2025-07-16 11:06:04,594 [INFO] [aiogram.dispatcher:363] Run polling for bot @masbot12_bot id=7637424219 - 'masterbot12'
2025-07-16 11:06:14,170 [DEBUG] [aiosqlite:104] executing <function connect.<locals>.connector at 0x000002AFF6850400>
2025-07-16 11:06:14,172 [DEBUG] [aiosqlite:106] operation <function connect.<locals>.connector at 0x000002AFF6850400> completed
2025-07-16 11:06:14,172 [DEBUG] [aiosqlite:104] executing functools.partial(<built-in method execute of sqlite3.Connection object at 0x000002AFF662FD30>, 'SELECT first_name, last_name, role FROM users WHERE user_id = ?', (1018880781,))
2025-07-16 11:06:14,174 [DEBUG] [aiosqlite:106] operation functools.partial(<built-in method execute of sqlite3.Connection object at 0x000002AFF662FD30>, 'SELECT first_name, last_name, role FROM users WHERE user_id = ?', (1018880781,)) completed
2025-07-16 11:06:14,174 [DEBUG] [aiosqlite:104] executing functools.partial(<built-in method fetchone of sqlite3.Cursor object at 0x000002AFF683B7C0>)
2025-07-16 11:06:14,175 [DEBUG] [aiosqlite:106] operation functools.partial(<built-in method fetchone of sqlite3.Cursor object at 0x000002AFF683B7C0>) completed
2025-07-16 11:06:14,176 [DEBUG] [aiosqlite:104] executing functools.partial(<built-in method close of sqlite3.Connection object at 0x000002AFF662FD30>)
2025-07-16 11:06:14,176 [DEBUG] [aiosqlite:106] operation functools.partial(<built-in method close of sqlite3.Connection object at 0x000002AFF662FD30>) completed
2025-07-16 11:06:18,186 [DEBUG] [services.cache:42] [cache] GET amocrm:deals:11wjq2kXi_FHqx1yzzQ8weqr5PngvJpOVu9VQo--hJMI failed: Error 22 connecting to localhost:6379. Удаленный компьютер отклонил это сетевое подключение.
2025-07-16 11:06:22,211 [DEBUG] [services.cache:42] [cache] GET amocrm:custom_fields failed: Error 22 connecting to localhost:6379. Удаленный компьютер отклонил это сетевое подключение.
2025-07-16 11:06:26,220 [DEBUG] [services.cache:42] [cache] GET amocrm:pipelines failed: Error 22 connecting to localhost:6379. Удаленный компьютер отклонил это сетевое подключение.
2025-07-16 11:06:30,233 [DEBUG] [services.cache:51] [cache] SET amocrm:custom_fields failed: Error 22 connecting to localhost:6379. Удаленный компьютер отклонил это сетевое подключение.
2025-07-16 11:06:34,238 [DEBUG] [services.cache:51] [cache] SET amocrm:pipelines failed: Error 22 connecting to localhost:6379. Удаленный компьютер отклонил это сетевое подключение.
2025-07-16 11:06:35,164 [INFO] [aiogram.event:172] Update id=861001246 is not handled. Duration 20996 ms by bot id=7637424219
2025-07-16 11:06:35,165 [ERROR] [aiogram.event:315] Cause exception while process update id=861001246 by bot id=7637424219
AttributeError: 'Settings' object has no attribute 'AMOCRM_FIELDS'
Traceback (most recent call last):
  File "C:\Users\DELL\AppData\Local\Programs\Python\Python313\Lib\site-packages\aiogram\dispatcher\dispatcher.py", line 309, in _process_update
    response = await self.feed_update(bot, update, **kwargs)
               ^^^^^^^^^^^^^^^^^^^^^^^^^^^^^^^^^^^^^^^^^^^^^
  File "C:\Users\DELL\AppData\Local\Programs\Python\Python313\Lib\site-packages\aiogram\dispatcher\dispatcher.py", line 158, in feed_update
    response = await self.update.wrap_outer_middleware(
               ^^^^^^^^^^^^^^^^^^^^^^^^^^^^^^^^^^^^^^^^
    ...<7 lines>...
    )
    ^
  File "C:\Users\DELL\AppData\Local\Programs\Python\Python313\Lib\site-packages\aiogram\dispatcher\middlewares\error.py", line 25, in __call__
    return await handler(event, data)
           ^^^^^^^^^^^^^^^^^^^^^^^^^^
  File "C:\Users\DELL\AppData\Local\Programs\Python\Python313\Lib\site-packages\aiogram\dispatcher\middlewares\user_context.py", line 56, in __call__
    return await handler(event, data)
           ^^^^^^^^^^^^^^^^^^^^^^^^^^
  File "C:\Users\DELL\AppData\Local\Programs\Python\Python313\Lib\site-packages\aiogram\fsm\middleware.py", line 42, in __call__
    return await handler(event, data)
           ^^^^^^^^^^^^^^^^^^^^^^^^^^
  File "C:\Users\DELL\AppData\Local\Programs\Python\Python313\Lib\site-packages\aiogram\dispatcher\event\telegram.py", line 121, in trigger
    return await wrapped_inner(event, kwargs)
           ^^^^^^^^^^^^^^^^^^^^^^^^^^^^^^^^^^
  File "C:\Users\DELL\AppData\Local\Programs\Python\Python313\Lib\site-packages\aiogram\dispatcher\event\handler.py", line 43, in call
    return await wrapped()
           ^^^^^^^^^^^^^^^
  File "C:\Users\DELL\AppData\Local\Programs\Python\Python313\Lib\site-packages\aiogram\dispatcher\dispatcher.py", line 276, in _listen_update
    return await self.propagate_event(update_type=update_type, event=event, **kwargs)
           ^^^^^^^^^^^^^^^^^^^^^^^^^^^^^^^^^^^^^^^^^^^^^^^^^^^^^^^^^^^^^^^^^^^^^^^^^^
  File "C:\Users\DELL\AppData\Local\Programs\Python\Python313\Lib\site-packages\aiogram\dispatcher\router.py", line 146, in propagate_event
    return await observer.wrap_outer_middleware(_wrapped, event=event, data=kwargs)
           ^^^^^^^^^^^^^^^^^^^^^^^^^^^^^^^^^^^^^^^^^^^^^^^^^^^^^^^^^^^^^^^^^^^^^^^^
  File "C:\Users\DELL\AppData\Local\Programs\Python\Python313\Lib\site-packages\aiogram\dispatcher\router.py", line 141, in _wrapped
    return await self._propagate_event(
           ^^^^^^^^^^^^^^^^^^^^^^^^^^^^
        observer=observer, update_type=update_type, event=telegram_event, **data
        ^^^^^^^^^^^^^^^^^^^^^^^^^^^^^^^^^^^^^^^^^^^^^^^^^^^^^^^^^^^^^^^^^^^^^^^^
    )
    ^
  File "C:\Users\DELL\AppData\Local\Programs\Python\Python313\Lib\site-packages\aiogram\dispatcher\router.py", line 174, in _propagate_event
    response = await router.propagate_event(update_type=update_type, event=event, **kwargs)
               ^^^^^^^^^^^^^^^^^^^^^^^^^^^^^^^^^^^^^^^^^^^^^^^^^^^^^^^^^^^^^^^^^^^^^^^^^^^^
  File "C:\Users\DELL\AppData\Local\Programs\Python\Python313\Lib\site-packages\aiogram\dispatcher\router.py", line 146, in propagate_event
    return await observer.wrap_outer_middleware(_wrapped, event=event, data=kwargs)
           ^^^^^^^^^^^^^^^^^^^^^^^^^^^^^^^^^^^^^^^^^^^^^^^^^^^^^^^^^^^^^^^^^^^^^^^^
  File "C:\Users\DELL\AppData\Local\Programs\Python\Python313\Lib\site-packages\aiogram\dispatcher\router.py", line 141, in _wrapped
    return await self._propagate_event(
           ^^^^^^^^^^^^^^^^^^^^^^^^^^^^
        observer=observer, update_type=update_type, event=telegram_event, **data
        ^^^^^^^^^^^^^^^^^^^^^^^^^^^^^^^^^^^^^^^^^^^^^^^^^^^^^^^^^^^^^^^^^^^^^^^^
    )
    ^
  File "C:\Users\DELL\AppData\Local\Programs\Python\Python313\Lib\site-packages\aiogram\dispatcher\router.py", line 166, in _propagate_event
    response = await observer.trigger(event, **kwargs)
               ^^^^^^^^^^^^^^^^^^^^^^^^^^^^^^^^^^^^^^^
  File "C:\Users\DELL\AppData\Local\Programs\Python\Python313\Lib\site-packages\aiogram\dispatcher\event\telegram.py", line 121, in trigger
    return await wrapped_inner(event, kwargs)
           ^^^^^^^^^^^^^^^^^^^^^^^^^^^^^^^^^^
  File "C:\Users\DELL\AppData\Local\Programs\Python\Python313\Lib\site-packages\aiogram\dispatcher\event\handler.py", line 43, in call
    return await wrapped()
           ^^^^^^^^^^^^^^^
  File "C:\Users\DELL\Desktop\gpt\Masterbot1\handlers\games.py", line 178, in new_games_handler
    await show_games(
    ...<5 lines>...
    )
  File "C:\Users\DELL\Desktop\gpt\Masterbot1\handlers\games.py", line 125, in show_games
    deals = await get_amocrm_deals(spread_id)
            ^^^^^^^^^^^^^^^^^^^^^^^^^^^^^^^^^
  File "C:\Users\DELL\Desktop\gpt\Masterbot1\services\amocrm.py", line 348, in get_amocrm_deals
    deals = await fetch_amocrm_deals(spreadsheet_id)
            ^^^^^^^^^^^^^^^^^^^^^^^^^^^^^^^^^^^^^^^^
  File "C:\Users\DELL\Desktop\gpt\Masterbot1\services\amocrm.py", line 325, in fetch_amocrm_deals
    deal = await _process_deal(raw, stages, custom_fields)
           ^^^^^^^^^^^^^^^^^^^^^^^^^^^^^^^^^^^^^^^^^^^^^^^
  File "C:\Users\DELL\Desktop\gpt\Masterbot1\services\amocrm.py", line 191, in _process_deal
    AMOCRM_FIELDS = settings.AMOCRM_FIELDS  # тянут из config.json
                    ^^^^^^^^^^^^^^^^^^^^^^
  File "C:\Users\DELL\AppData\Local\Programs\Python\Python313\Lib\site-packages\pydantic\main.py", line 991, in __getattr__
    raise AttributeError(f'{type(self).__name__!r} object has no attribute {item!r}')
AttributeError: 'Settings' object has no attribute 'AMOCRM_FIELDS'
2025-07-16 11:10:17,870 [DEBUG] [asyncio:631] Using proactor: IocpProactor
2025-07-16 11:10:18,351 [INFO] [apscheduler.scheduler:214] Scheduler started
2025-07-16 11:10:18,352 [INFO] [__main__:111] Bot starting… version MasterBot 12.92‑refactor
2025-07-16 11:10:18,353 [DEBUG] [aiosqlite:104] executing <function connect.<locals>.connector at 0x00000243045C2AC0>
2025-07-16 11:10:18,353 [DEBUG] [apscheduler.scheduler:1151] Looking for jobs to run
2025-07-16 11:10:18,354 [DEBUG] [apscheduler.scheduler:1252] No jobs; waiting until a job is added
2025-07-16 11:10:18,354 [DEBUG] [aiosqlite:106] operation <function connect.<locals>.connector at 0x00000243045C2AC0> completed
2025-07-16 11:10:18,354 [DEBUG] [aiosqlite:104] executing functools.partial(<built-in method execute of sqlite3.Connection object at 0x00000243043D34C0>, '\nCREATE TABLE IF NOT EXISTS users (\n    user_id         INTEGER PRIMARY KEY,\n    first_name      TEXT,\n    last_name       TEXT,\n    role            TEXT,\n    scenario_access TEXT,\n    updated_at      TIMESTAMP DEFAULT CURRENT_TIMESTAMP\n);\n', [])
2025-07-16 11:10:18,355 [DEBUG] [aiosqlite:106] operation functools.partial(<built-in method execute of sqlite3.Connection object at 0x00000243043D34C0>, '\nCREATE TABLE IF NOT EXISTS users (\n    user_id         INTEGER PRIMARY KEY,\n    first_name      TEXT,\n    last_name       TEXT,\n    role            TEXT,\n    scenario_access TEXT,\n    updated_at      TIMESTAMP DEFAULT CURRENT_TIMESTAMP\n);\n', []) completed
2025-07-16 11:10:18,356 [DEBUG] [aiosqlite:104] executing functools.partial(<built-in method execute of sqlite3.Connection object at 0x00000243043D34C0>, "INSERT OR IGNORE INTO users(user_id, role) VALUES (?, 'руководитель')", (1018880781,))
2025-07-16 11:10:18,357 [DEBUG] [aiosqlite:106] operation functools.partial(<built-in method execute of sqlite3.Connection object at 0x00000243043D34C0>, "INSERT OR IGNORE INTO users(user_id, role) VALUES (?, 'руководитель')", (1018880781,)) completed
2025-07-16 11:10:18,358 [DEBUG] [aiosqlite:104] executing functools.partial(<built-in method commit of sqlite3.Connection object at 0x00000243043D34C0>)
2025-07-16 11:10:18,358 [DEBUG] [aiosqlite:106] operation functools.partial(<built-in method commit of sqlite3.Connection object at 0x00000243043D34C0>) completed
2025-07-16 11:10:18,359 [DEBUG] [aiosqlite:104] executing functools.partial(<built-in method close of sqlite3.Connection object at 0x00000243043D34C0>)
2025-07-16 11:10:18,360 [DEBUG] [aiosqlite:106] operation functools.partial(<built-in method close of sqlite3.Connection object at 0x00000243043D34C0>) completed
2025-07-16 11:10:18,361 [INFO] [__main__:59] [startup] Конфиг и БД инициализированы, Leader‑ID 1018880781 гарантирован
2025-07-16 11:10:18,361 [INFO] [aiogram.dispatcher:566] Start polling
2025-07-16 11:10:18,575 [INFO] [aiogram.dispatcher:363] Run polling for bot @masbot12_bot id=7637424219 - 'masterbot12'
2025-07-16 11:10:22,366 [DEBUG] [aiosqlite:104] executing <function connect.<locals>.connector at 0x00000243045F0400>
2025-07-16 11:10:22,368 [DEBUG] [aiosqlite:106] operation <function connect.<locals>.connector at 0x00000243045F0400> completed
2025-07-16 11:10:22,370 [DEBUG] [aiosqlite:104] executing functools.partial(<built-in method execute of sqlite3.Connection object at 0x00000243043D3C40>, 'SELECT first_name, last_name, role FROM users WHERE user_id = ?', (1018880781,))
2025-07-16 11:10:22,374 [DEBUG] [aiosqlite:106] operation functools.partial(<built-in method execute of sqlite3.Connection object at 0x00000243043D3C40>, 'SELECT first_name, last_name, role FROM users WHERE user_id = ?', (1018880781,)) completed
2025-07-16 11:10:22,376 [DEBUG] [aiosqlite:104] executing functools.partial(<built-in method fetchone of sqlite3.Cursor object at 0x00000243045D7840>)
2025-07-16 11:10:22,378 [DEBUG] [aiosqlite:106] operation functools.partial(<built-in method fetchone of sqlite3.Cursor object at 0x00000243045D7840>) completed
2025-07-16 11:10:22,380 [DEBUG] [aiosqlite:104] executing functools.partial(<built-in method close of sqlite3.Connection object at 0x00000243043D3C40>)
2025-07-16 11:10:22,381 [DEBUG] [aiosqlite:106] operation functools.partial(<built-in method close of sqlite3.Connection object at 0x00000243043D3C40>) completed
2025-07-16 11:10:26,391 [DEBUG] [services.cache:42] [cache] GET amocrm:deals:11wjq2kXi_FHqx1yzzQ8weqr5PngvJpOVu9VQo--hJMI failed: Error 22 connecting to localhost:6379. Удаленный компьютер отклонил это сетевое подключение.
2025-07-16 11:10:30,403 [DEBUG] [services.cache:42] [cache] GET amocrm:custom_fields failed: Error 22 connecting to localhost:6379. Удаленный компьютер отклонил это сетевое подключение.
2025-07-16 11:10:34,412 [DEBUG] [services.cache:42] [cache] GET amocrm:pipelines failed: Error 22 connecting to localhost:6379. Удаленный компьютер отклонил это сетевое подключение.
2025-07-16 11:10:38,423 [DEBUG] [services.cache:51] [cache] SET amocrm:custom_fields failed: Error 22 connecting to localhost:6379. Удаленный компьютер отклонил это сетевое подключение.
2025-07-16 11:10:42,432 [DEBUG] [services.cache:51] [cache] SET amocrm:pipelines failed: Error 22 connecting to localhost:6379. Удаленный компьютер отклонил это сетевое подключение.
2025-07-16 11:10:42,855 [INFO] [aiogram.event:172] Update id=861001247 is not handled. Duration 20491 ms by bot id=7637424219
2025-07-16 11:10:42,856 [ERROR] [aiogram.event:315] Cause exception while process update id=861001247 by bot id=7637424219
AttributeError: 'Settings' object has no attribute 'AMOCRM_FIELDS'
Traceback (most recent call last):
  File "C:\Users\DELL\AppData\Local\Programs\Python\Python313\Lib\site-packages\aiogram\dispatcher\dispatcher.py", line 309, in _process_update
    response = await self.feed_update(bot, update, **kwargs)
               ^^^^^^^^^^^^^^^^^^^^^^^^^^^^^^^^^^^^^^^^^^^^^
  File "C:\Users\DELL\AppData\Local\Programs\Python\Python313\Lib\site-packages\aiogram\dispatcher\dispatcher.py", line 158, in feed_update
    response = await self.update.wrap_outer_middleware(
               ^^^^^^^^^^^^^^^^^^^^^^^^^^^^^^^^^^^^^^^^
    ...<7 lines>...
    )
    ^
  File "C:\Users\DELL\AppData\Local\Programs\Python\Python313\Lib\site-packages\aiogram\dispatcher\middlewares\error.py", line 25, in __call__
    return await handler(event, data)
           ^^^^^^^^^^^^^^^^^^^^^^^^^^
  File "C:\Users\DELL\AppData\Local\Programs\Python\Python313\Lib\site-packages\aiogram\dispatcher\middlewares\user_context.py", line 56, in __call__
    return await handler(event, data)
           ^^^^^^^^^^^^^^^^^^^^^^^^^^
  File "C:\Users\DELL\AppData\Local\Programs\Python\Python313\Lib\site-packages\aiogram\fsm\middleware.py", line 42, in __call__
    return await handler(event, data)
           ^^^^^^^^^^^^^^^^^^^^^^^^^^
  File "C:\Users\DELL\AppData\Local\Programs\Python\Python313\Lib\site-packages\aiogram\dispatcher\event\telegram.py", line 121, in trigger
    return await wrapped_inner(event, kwargs)
           ^^^^^^^^^^^^^^^^^^^^^^^^^^^^^^^^^^
  File "C:\Users\DELL\AppData\Local\Programs\Python\Python313\Lib\site-packages\aiogram\dispatcher\event\handler.py", line 43, in call
    return await wrapped()
           ^^^^^^^^^^^^^^^
  File "C:\Users\DELL\AppData\Local\Programs\Python\Python313\Lib\site-packages\aiogram\dispatcher\dispatcher.py", line 276, in _listen_update
    return await self.propagate_event(update_type=update_type, event=event, **kwargs)
           ^^^^^^^^^^^^^^^^^^^^^^^^^^^^^^^^^^^^^^^^^^^^^^^^^^^^^^^^^^^^^^^^^^^^^^^^^^
  File "C:\Users\DELL\AppData\Local\Programs\Python\Python313\Lib\site-packages\aiogram\dispatcher\router.py", line 146, in propagate_event
    return await observer.wrap_outer_middleware(_wrapped, event=event, data=kwargs)
           ^^^^^^^^^^^^^^^^^^^^^^^^^^^^^^^^^^^^^^^^^^^^^^^^^^^^^^^^^^^^^^^^^^^^^^^^
  File "C:\Users\DELL\AppData\Local\Programs\Python\Python313\Lib\site-packages\aiogram\dispatcher\router.py", line 141, in _wrapped
    return await self._propagate_event(
           ^^^^^^^^^^^^^^^^^^^^^^^^^^^^
        observer=observer, update_type=update_type, event=telegram_event, **data
        ^^^^^^^^^^^^^^^^^^^^^^^^^^^^^^^^^^^^^^^^^^^^^^^^^^^^^^^^^^^^^^^^^^^^^^^^
    )
    ^
  File "C:\Users\DELL\AppData\Local\Programs\Python\Python313\Lib\site-packages\aiogram\dispatcher\router.py", line 174, in _propagate_event
    response = await router.propagate_event(update_type=update_type, event=event, **kwargs)
               ^^^^^^^^^^^^^^^^^^^^^^^^^^^^^^^^^^^^^^^^^^^^^^^^^^^^^^^^^^^^^^^^^^^^^^^^^^^^
  File "C:\Users\DELL\AppData\Local\Programs\Python\Python313\Lib\site-packages\aiogram\dispatcher\router.py", line 146, in propagate_event
    return await observer.wrap_outer_middleware(_wrapped, event=event, data=kwargs)
           ^^^^^^^^^^^^^^^^^^^^^^^^^^^^^^^^^^^^^^^^^^^^^^^^^^^^^^^^^^^^^^^^^^^^^^^^
  File "C:\Users\DELL\AppData\Local\Programs\Python\Python313\Lib\site-packages\aiogram\dispatcher\router.py", line 141, in _wrapped
    return await self._propagate_event(
           ^^^^^^^^^^^^^^^^^^^^^^^^^^^^
        observer=observer, update_type=update_type, event=telegram_event, **data
        ^^^^^^^^^^^^^^^^^^^^^^^^^^^^^^^^^^^^^^^^^^^^^^^^^^^^^^^^^^^^^^^^^^^^^^^^
    )
    ^
  File "C:\Users\DELL\AppData\Local\Programs\Python\Python313\Lib\site-packages\aiogram\dispatcher\router.py", line 166, in _propagate_event
    response = await observer.trigger(event, **kwargs)
               ^^^^^^^^^^^^^^^^^^^^^^^^^^^^^^^^^^^^^^^
  File "C:\Users\DELL\AppData\Local\Programs\Python\Python313\Lib\site-packages\aiogram\dispatcher\event\telegram.py", line 121, in trigger
    return await wrapped_inner(event, kwargs)
           ^^^^^^^^^^^^^^^^^^^^^^^^^^^^^^^^^^
  File "C:\Users\DELL\AppData\Local\Programs\Python\Python313\Lib\site-packages\aiogram\dispatcher\event\handler.py", line 43, in call
    return await wrapped()
           ^^^^^^^^^^^^^^^
  File "C:\Users\DELL\Desktop\gpt\Masterbot1\handlers\games.py", line 178, in new_games_handler
    await show_games(
    ...<5 lines>...
    )
  File "C:\Users\DELL\Desktop\gpt\Masterbot1\handlers\games.py", line 125, in show_games
    deals = await get_amocrm_deals(spread_id)
            ^^^^^^^^^^^^^^^^^^^^^^^^^^^^^^^^^
  File "C:\Users\DELL\Desktop\gpt\Masterbot1\services\amocrm.py", line 348, in get_amocrm_deals
    deals = await fetch_amocrm_deals(spreadsheet_id)
            ^^^^^^^^^^^^^^^^^^^^^^^^^^^^^^^^^^^^^^^^
  File "C:\Users\DELL\Desktop\gpt\Masterbot1\services\amocrm.py", line 325, in fetch_amocrm_deals
    deal = await _process_deal(raw, stages, custom_fields)
           ^^^^^^^^^^^^^^^^^^^^^^^^^^^^^^^^^^^^^^^^^^^^^^^
  File "C:\Users\DELL\Desktop\gpt\Masterbot1\services\amocrm.py", line 191, in _process_deal
    AMOCRM_FIELDS = settings.AMOCRM_FIELDS  # тянут из config.json
                    ^^^^^^^^^^^^^^^^^^^^^^
  File "C:\Users\DELL\AppData\Local\Programs\Python\Python313\Lib\site-packages\pydantic\main.py", line 991, in __getattr__
    raise AttributeError(f'{type(self).__name__!r} object has no attribute {item!r}')
AttributeError: 'Settings' object has no attribute 'AMOCRM_FIELDS'
2025-07-16 11:31:18,929 [DEBUG] [asyncio:631] Using proactor: IocpProactor
2025-07-16 11:31:19,543 [INFO] [apscheduler.scheduler:214] Scheduler started
2025-07-16 11:31:19,544 [INFO] [__main__:111] Bot starting… version MasterBot 12.92‑refactor
2025-07-16 11:31:19,547 [DEBUG] [aiosqlite:104] executing <function connect.<locals>.connector at 0x000001F35919EA20>
2025-07-16 11:31:19,548 [DEBUG] [apscheduler.scheduler:1151] Looking for jobs to run
2025-07-16 11:31:19,549 [DEBUG] [apscheduler.scheduler:1252] No jobs; waiting until a job is added
2025-07-16 11:31:19,569 [DEBUG] [aiosqlite:106] operation <function connect.<locals>.connector at 0x000001F35919EA20> completed
2025-07-16 11:31:19,571 [DEBUG] [aiosqlite:104] executing functools.partial(<built-in method execute of sqlite3.Connection object at 0x000001F358FB35B0>, '\nCREATE TABLE IF NOT EXISTS users (\n    user_id         INTEGER PRIMARY KEY,\n    first_name      TEXT,\n    last_name       TEXT,\n    role            TEXT,\n    scenario_access TEXT,\n    updated_at      TIMESTAMP DEFAULT CURRENT_TIMESTAMP\n);\n', [])
2025-07-16 11:31:19,620 [DEBUG] [aiosqlite:106] operation functools.partial(<built-in method execute of sqlite3.Connection object at 0x000001F358FB35B0>, '\nCREATE TABLE IF NOT EXISTS users (\n    user_id         INTEGER PRIMARY KEY,\n    first_name      TEXT,\n    last_name       TEXT,\n    role            TEXT,\n    scenario_access TEXT,\n    updated_at      TIMESTAMP DEFAULT CURRENT_TIMESTAMP\n);\n', []) completed
2025-07-16 11:31:19,626 [DEBUG] [aiosqlite:104] executing functools.partial(<built-in method execute of sqlite3.Connection object at 0x000001F358FB35B0>, "INSERT OR IGNORE INTO users(user_id, role) VALUES (?, 'руководитель')", (1018880781,))
2025-07-16 11:31:19,630 [DEBUG] [aiosqlite:106] operation functools.partial(<built-in method execute of sqlite3.Connection object at 0x000001F358FB35B0>, "INSERT OR IGNORE INTO users(user_id, role) VALUES (?, 'руководитель')", (1018880781,)) completed
2025-07-16 11:31:19,632 [DEBUG] [aiosqlite:104] executing functools.partial(<built-in method commit of sqlite3.Connection object at 0x000001F358FB35B0>)
2025-07-16 11:31:19,633 [DEBUG] [aiosqlite:106] operation functools.partial(<built-in method commit of sqlite3.Connection object at 0x000001F358FB35B0>) completed
2025-07-16 11:31:19,633 [DEBUG] [aiosqlite:104] executing functools.partial(<built-in method close of sqlite3.Connection object at 0x000001F358FB35B0>)
2025-07-16 11:31:19,634 [DEBUG] [aiosqlite:106] operation functools.partial(<built-in method close of sqlite3.Connection object at 0x000001F358FB35B0>) completed
2025-07-16 11:31:19,634 [INFO] [__main__:59] [startup] Конфиг и БД инициализированы, Leader‑ID 1018880781 гарантирован
2025-07-16 11:31:19,635 [INFO] [aiogram.dispatcher:566] Start polling
2025-07-16 11:31:19,877 [INFO] [aiogram.dispatcher:363] Run polling for bot @masbot12_bot id=7637424219 - 'masterbot12'
2025-07-16 11:31:40,654 [DEBUG] [aiosqlite:104] executing <function connect.<locals>.connector at 0x000001F3591D0180>
2025-07-16 11:31:40,655 [DEBUG] [aiosqlite:106] operation <function connect.<locals>.connector at 0x000001F3591D0180> completed
2025-07-16 11:31:40,656 [DEBUG] [aiosqlite:104] executing functools.partial(<built-in method execute of sqlite3.Connection object at 0x000001F358FB3C40>, 'SELECT first_name, last_name, role FROM users WHERE user_id = ?', (1018880781,))
2025-07-16 11:31:40,657 [DEBUG] [aiosqlite:106] operation functools.partial(<built-in method execute of sqlite3.Connection object at 0x000001F358FB3C40>, 'SELECT first_name, last_name, role FROM users WHERE user_id = ?', (1018880781,)) completed
2025-07-16 11:31:40,658 [DEBUG] [aiosqlite:104] executing functools.partial(<built-in method fetchone of sqlite3.Cursor object at 0x000001F3591B7840>)
2025-07-16 11:31:40,659 [DEBUG] [aiosqlite:106] operation functools.partial(<built-in method fetchone of sqlite3.Cursor object at 0x000001F3591B7840>) completed
2025-07-16 11:31:40,685 [DEBUG] [aiosqlite:104] executing functools.partial(<built-in method close of sqlite3.Connection object at 0x000001F358FB3C40>)
2025-07-16 11:31:40,686 [DEBUG] [aiosqlite:106] operation functools.partial(<built-in method close of sqlite3.Connection object at 0x000001F358FB3C40>) completed
2025-07-16 11:31:41,003 [INFO] [aiogram.event:172] Update id=861001248 is handled. Duration 349 ms by bot id=7637424219
2025-07-16 11:31:42,396 [DEBUG] [aiosqlite:104] executing <function connect.<locals>.connector at 0x000001F3591D0360>
2025-07-16 11:31:42,399 [DEBUG] [aiosqlite:106] operation <function connect.<locals>.connector at 0x000001F3591D0360> completed
2025-07-16 11:31:42,400 [DEBUG] [aiosqlite:104] executing functools.partial(<built-in method execute of sqlite3.Connection object at 0x000001F3591F0130>, 'SELECT first_name, last_name, role FROM users WHERE user_id = ?', (1018880781,))
2025-07-16 11:31:42,403 [DEBUG] [aiosqlite:106] operation functools.partial(<built-in method execute of sqlite3.Connection object at 0x000001F3591F0130>, 'SELECT first_name, last_name, role FROM users WHERE user_id = ?', (1018880781,)) completed
2025-07-16 11:31:42,404 [DEBUG] [aiosqlite:104] executing functools.partial(<built-in method fetchone of sqlite3.Cursor object at 0x000001F3591E1740>)
2025-07-16 11:31:42,405 [DEBUG] [aiosqlite:106] operation functools.partial(<built-in method fetchone of sqlite3.Cursor object at 0x000001F3591E1740>) completed
2025-07-16 11:31:42,407 [DEBUG] [aiosqlite:104] executing functools.partial(<built-in method close of sqlite3.Connection object at 0x000001F3591F0130>)
2025-07-16 11:31:42,408 [DEBUG] [aiosqlite:106] operation functools.partial(<built-in method close of sqlite3.Connection object at 0x000001F3591F0130>) completed
2025-07-16 11:31:46,492 [DEBUG] [services.cache:42] [cache] GET amocrm:deals:11wjq2kXi_FHqx1yzzQ8weqr5PngvJpOVu9VQo--hJMI failed: Error 22 connecting to localhost:6379. Удаленный компьютер отклонил это сетевое подключение.
2025-07-16 11:31:50,529 [DEBUG] [services.cache:42] [cache] GET amocrm:custom_fields failed: Error 22 connecting to localhost:6379. Удаленный компьютер отклонил это сетевое подключение.
2025-07-16 11:31:54,538 [DEBUG] [services.cache:42] [cache] GET amocrm:pipelines failed: Error 22 connecting to localhost:6379. Удаленный компьютер отклонил это сетевое подключение.
2025-07-16 11:31:58,547 [DEBUG] [services.cache:51] [cache] SET amocrm:custom_fields failed: Error 22 connecting to localhost:6379. Удаленный компьютер отклонил это сетевое подключение.
2025-07-16 11:32:02,559 [DEBUG] [services.cache:51] [cache] SET amocrm:pipelines failed: Error 22 connecting to localhost:6379. Удаленный компьютер отклонил это сетевое подключение.
2025-07-16 11:32:03,739 [INFO] [aiogram.event:172] Update id=861001249 is not handled. Duration 21344 ms by bot id=7637424219
2025-07-16 11:32:03,740 [ERROR] [aiogram.event:315] Cause exception while process update id=861001249 by bot id=7637424219
AttributeError: 'Settings' object has no attribute 'AMOCRM_FIELDS'
Traceback (most recent call last):
  File "C:\Users\DELL\AppData\Local\Programs\Python\Python313\Lib\site-packages\aiogram\dispatcher\dispatcher.py", line 309, in _process_update
    response = await self.feed_update(bot, update, **kwargs)
               ^^^^^^^^^^^^^^^^^^^^^^^^^^^^^^^^^^^^^^^^^^^^^
  File "C:\Users\DELL\AppData\Local\Programs\Python\Python313\Lib\site-packages\aiogram\dispatcher\dispatcher.py", line 158, in feed_update
    response = await self.update.wrap_outer_middleware(
               ^^^^^^^^^^^^^^^^^^^^^^^^^^^^^^^^^^^^^^^^
    ...<7 lines>...
    )
    ^
  File "C:\Users\DELL\AppData\Local\Programs\Python\Python313\Lib\site-packages\aiogram\dispatcher\middlewares\error.py", line 25, in __call__
    return await handler(event, data)
           ^^^^^^^^^^^^^^^^^^^^^^^^^^
  File "C:\Users\DELL\AppData\Local\Programs\Python\Python313\Lib\site-packages\aiogram\dispatcher\middlewares\user_context.py", line 56, in __call__
    return await handler(event, data)
           ^^^^^^^^^^^^^^^^^^^^^^^^^^
  File "C:\Users\DELL\AppData\Local\Programs\Python\Python313\Lib\site-packages\aiogram\fsm\middleware.py", line 42, in __call__
    return await handler(event, data)
           ^^^^^^^^^^^^^^^^^^^^^^^^^^
  File "C:\Users\DELL\AppData\Local\Programs\Python\Python313\Lib\site-packages\aiogram\dispatcher\event\telegram.py", line 121, in trigger
    return await wrapped_inner(event, kwargs)
           ^^^^^^^^^^^^^^^^^^^^^^^^^^^^^^^^^^
  File "C:\Users\DELL\AppData\Local\Programs\Python\Python313\Lib\site-packages\aiogram\dispatcher\event\handler.py", line 43, in call
    return await wrapped()
           ^^^^^^^^^^^^^^^
  File "C:\Users\DELL\AppData\Local\Programs\Python\Python313\Lib\site-packages\aiogram\dispatcher\dispatcher.py", line 276, in _listen_update
    return await self.propagate_event(update_type=update_type, event=event, **kwargs)
           ^^^^^^^^^^^^^^^^^^^^^^^^^^^^^^^^^^^^^^^^^^^^^^^^^^^^^^^^^^^^^^^^^^^^^^^^^^
  File "C:\Users\DELL\AppData\Local\Programs\Python\Python313\Lib\site-packages\aiogram\dispatcher\router.py", line 146, in propagate_event
    return await observer.wrap_outer_middleware(_wrapped, event=event, data=kwargs)
           ^^^^^^^^^^^^^^^^^^^^^^^^^^^^^^^^^^^^^^^^^^^^^^^^^^^^^^^^^^^^^^^^^^^^^^^^
  File "C:\Users\DELL\AppData\Local\Programs\Python\Python313\Lib\site-packages\aiogram\dispatcher\router.py", line 141, in _wrapped
    return await self._propagate_event(
           ^^^^^^^^^^^^^^^^^^^^^^^^^^^^
        observer=observer, update_type=update_type, event=telegram_event, **data
        ^^^^^^^^^^^^^^^^^^^^^^^^^^^^^^^^^^^^^^^^^^^^^^^^^^^^^^^^^^^^^^^^^^^^^^^^
    )
    ^
  File "C:\Users\DELL\AppData\Local\Programs\Python\Python313\Lib\site-packages\aiogram\dispatcher\router.py", line 174, in _propagate_event
    response = await router.propagate_event(update_type=update_type, event=event, **kwargs)
               ^^^^^^^^^^^^^^^^^^^^^^^^^^^^^^^^^^^^^^^^^^^^^^^^^^^^^^^^^^^^^^^^^^^^^^^^^^^^
  File "C:\Users\DELL\AppData\Local\Programs\Python\Python313\Lib\site-packages\aiogram\dispatcher\router.py", line 146, in propagate_event
    return await observer.wrap_outer_middleware(_wrapped, event=event, data=kwargs)
           ^^^^^^^^^^^^^^^^^^^^^^^^^^^^^^^^^^^^^^^^^^^^^^^^^^^^^^^^^^^^^^^^^^^^^^^^
  File "C:\Users\DELL\AppData\Local\Programs\Python\Python313\Lib\site-packages\aiogram\dispatcher\router.py", line 141, in _wrapped
    return await self._propagate_event(
           ^^^^^^^^^^^^^^^^^^^^^^^^^^^^
        observer=observer, update_type=update_type, event=telegram_event, **data
        ^^^^^^^^^^^^^^^^^^^^^^^^^^^^^^^^^^^^^^^^^^^^^^^^^^^^^^^^^^^^^^^^^^^^^^^^
    )
    ^
  File "C:\Users\DELL\AppData\Local\Programs\Python\Python313\Lib\site-packages\aiogram\dispatcher\router.py", line 166, in _propagate_event
    response = await observer.trigger(event, **kwargs)
               ^^^^^^^^^^^^^^^^^^^^^^^^^^^^^^^^^^^^^^^
  File "C:\Users\DELL\AppData\Local\Programs\Python\Python313\Lib\site-packages\aiogram\dispatcher\event\telegram.py", line 121, in trigger
    return await wrapped_inner(event, kwargs)
           ^^^^^^^^^^^^^^^^^^^^^^^^^^^^^^^^^^
  File "C:\Users\DELL\AppData\Local\Programs\Python\Python313\Lib\site-packages\aiogram\dispatcher\event\handler.py", line 43, in call
    return await wrapped()
           ^^^^^^^^^^^^^^^
  File "C:\Users\DELL\Desktop\gpt\Masterbot1\handlers\games.py", line 177, in new_games_handler
    await show_games(
    ...<5 lines>...
    )
  File "C:\Users\DELL\Desktop\gpt\Masterbot1\handlers\games.py", line 123, in show_games
    deals = await get_amocrm_deals(spread_id)
            ^^^^^^^^^^^^^^^^^^^^^^^^^^^^^^^^^
  File "C:\Users\DELL\Desktop\gpt\Masterbot1\services\amocrm.py", line 348, in get_amocrm_deals
    deals = await fetch_amocrm_deals(spreadsheet_id)
            ^^^^^^^^^^^^^^^^^^^^^^^^^^^^^^^^^^^^^^^^
  File "C:\Users\DELL\Desktop\gpt\Masterbot1\services\amocrm.py", line 325, in fetch_amocrm_deals
    deal = await _process_deal(raw, stages, custom_fields)
           ^^^^^^^^^^^^^^^^^^^^^^^^^^^^^^^^^^^^^^^^^^^^^^^
  File "C:\Users\DELL\Desktop\gpt\Masterbot1\services\amocrm.py", line 191, in _process_deal
    AMOCRM_FIELDS = settings.AMOCRM_FIELDS  # тянут из config.json
                    ^^^^^^^^^^^^^^^^^^^^^^
  File "C:\Users\DELL\AppData\Local\Programs\Python\Python313\Lib\site-packages\pydantic\main.py", line 991, in __getattr__
    raise AttributeError(f'{type(self).__name__!r} object has no attribute {item!r}')
AttributeError: 'Settings' object has no attribute 'AMOCRM_FIELDS'
2025-07-16 11:45:22,247 [DEBUG] [asyncio:631] Using proactor: IocpProactor
2025-07-16 11:45:22,927 [INFO] [apscheduler.scheduler:214] Scheduler started
2025-07-16 11:45:22,927 [INFO] [__main__:111] Bot starting… version MasterBot 12.92‑refactor
2025-07-16 11:45:22,929 [DEBUG] [aiosqlite:104] executing <function connect.<locals>.connector at 0x000002659B2DEAC0>
2025-07-16 11:45:22,930 [DEBUG] [apscheduler.scheduler:1151] Looking for jobs to run
2025-07-16 11:45:22,930 [DEBUG] [apscheduler.scheduler:1252] No jobs; waiting until a job is added
2025-07-16 11:45:22,954 [DEBUG] [aiosqlite:106] operation <function connect.<locals>.connector at 0x000002659B2DEAC0> completed
2025-07-16 11:45:22,955 [DEBUG] [aiosqlite:104] executing functools.partial(<built-in method execute of sqlite3.Connection object at 0x000002659B0F74C0>, '\nCREATE TABLE IF NOT EXISTS users (\n    user_id         INTEGER PRIMARY KEY,\n    first_name      TEXT,\n    last_name       TEXT,\n    role            TEXT,\n    scenario_access TEXT,\n    updated_at      TIMESTAMP DEFAULT CURRENT_TIMESTAMP\n);\n', [])
2025-07-16 11:45:22,956 [DEBUG] [aiosqlite:106] operation functools.partial(<built-in method execute of sqlite3.Connection object at 0x000002659B0F74C0>, '\nCREATE TABLE IF NOT EXISTS users (\n    user_id         INTEGER PRIMARY KEY,\n    first_name      TEXT,\n    last_name       TEXT,\n    role            TEXT,\n    scenario_access TEXT,\n    updated_at      TIMESTAMP DEFAULT CURRENT_TIMESTAMP\n);\n', []) completed
2025-07-16 11:45:22,957 [DEBUG] [aiosqlite:104] executing functools.partial(<built-in method execute of sqlite3.Connection object at 0x000002659B0F74C0>, "INSERT OR IGNORE INTO users(user_id, role) VALUES (?, 'руководитель')", (1018880781,))
2025-07-16 11:45:22,959 [DEBUG] [aiosqlite:106] operation functools.partial(<built-in method execute of sqlite3.Connection object at 0x000002659B0F74C0>, "INSERT OR IGNORE INTO users(user_id, role) VALUES (?, 'руководитель')", (1018880781,)) completed
2025-07-16 11:45:22,960 [DEBUG] [aiosqlite:104] executing functools.partial(<built-in method commit of sqlite3.Connection object at 0x000002659B0F74C0>)
2025-07-16 11:45:22,961 [DEBUG] [aiosqlite:106] operation functools.partial(<built-in method commit of sqlite3.Connection object at 0x000002659B0F74C0>) completed
2025-07-16 11:45:22,961 [DEBUG] [aiosqlite:104] executing functools.partial(<built-in method close of sqlite3.Connection object at 0x000002659B0F74C0>)
2025-07-16 11:45:22,962 [DEBUG] [aiosqlite:106] operation functools.partial(<built-in method close of sqlite3.Connection object at 0x000002659B0F74C0>) completed
2025-07-16 11:45:22,963 [INFO] [__main__:59] [startup] Конфиг и БД инициализированы, Leader‑ID 1018880781 гарантирован
2025-07-16 11:45:22,963 [INFO] [aiogram.dispatcher:566] Start polling
2025-07-16 11:45:23,206 [INFO] [aiogram.dispatcher:363] Run polling for bot @masbot12_bot id=7637424219 - 'masterbot12'
2025-07-16 11:45:57,430 [DEBUG] [aiosqlite:104] executing <function connect.<locals>.connector at 0x000002659B310220>
2025-07-16 11:45:57,432 [DEBUG] [aiosqlite:106] operation <function connect.<locals>.connector at 0x000002659B310220> completed
2025-07-16 11:45:57,433 [DEBUG] [aiosqlite:104] executing functools.partial(<built-in method execute of sqlite3.Connection object at 0x000002659B0F7B50>, 'SELECT first_name, last_name, role FROM users WHERE user_id = ?', (1018880781,))
2025-07-16 11:45:57,434 [DEBUG] [aiosqlite:106] operation functools.partial(<built-in method execute of sqlite3.Connection object at 0x000002659B0F7B50>, 'SELECT first_name, last_name, role FROM users WHERE user_id = ?', (1018880781,)) completed
2025-07-16 11:45:57,435 [DEBUG] [aiosqlite:104] executing functools.partial(<built-in method fetchone of sqlite3.Cursor object at 0x000002659B2F78C0>)
2025-07-16 11:45:57,436 [DEBUG] [aiosqlite:106] operation functools.partial(<built-in method fetchone of sqlite3.Cursor object at 0x000002659B2F78C0>) completed
2025-07-16 11:45:57,437 [DEBUG] [aiosqlite:104] executing functools.partial(<built-in method close of sqlite3.Connection object at 0x000002659B0F7B50>)
2025-07-16 11:45:57,438 [DEBUG] [aiosqlite:106] operation functools.partial(<built-in method close of sqlite3.Connection object at 0x000002659B0F7B50>) completed
2025-07-16 11:45:57,675 [INFO] [aiogram.event:172] Update id=861001250 is handled. Duration 245 ms by bot id=7637424219
2025-07-16 11:45:59,009 [DEBUG] [aiosqlite:104] executing <function connect.<locals>.connector at 0x000002659B310400>
2025-07-16 11:45:59,011 [DEBUG] [aiosqlite:106] operation <function connect.<locals>.connector at 0x000002659B310400> completed
2025-07-16 11:45:59,012 [DEBUG] [aiosqlite:104] executing functools.partial(<built-in method execute of sqlite3.Connection object at 0x000002659B330040>, 'SELECT first_name, last_name, role FROM users WHERE user_id = ?', (1018880781,))
2025-07-16 11:45:59,014 [DEBUG] [aiosqlite:106] operation functools.partial(<built-in method execute of sqlite3.Connection object at 0x000002659B330040>, 'SELECT first_name, last_name, role FROM users WHERE user_id = ?', (1018880781,)) completed
2025-07-16 11:45:59,016 [DEBUG] [aiosqlite:104] executing functools.partial(<built-in method fetchone of sqlite3.Cursor object at 0x000002659B321740>)
2025-07-16 11:45:59,018 [DEBUG] [aiosqlite:106] operation functools.partial(<built-in method fetchone of sqlite3.Cursor object at 0x000002659B321740>) completed
2025-07-16 11:45:59,019 [DEBUG] [aiosqlite:104] executing functools.partial(<built-in method close of sqlite3.Connection object at 0x000002659B330040>)
2025-07-16 11:45:59,021 [DEBUG] [aiosqlite:106] operation functools.partial(<built-in method close of sqlite3.Connection object at 0x000002659B330040>) completed
2025-07-16 11:46:03,031 [DEBUG] [services.cache:42] [cache] GET amocrm:deals:11wjq2kXi_FHqx1yzzQ8weqr5PngvJpOVu9VQo--hJMI failed: Error 22 connecting to localhost:6379. Удаленный компьютер отклонил это сетевое подключение.
2025-07-16 11:46:07,061 [DEBUG] [services.cache:42] [cache] GET amocrm:custom_fields failed: Error 22 connecting to localhost:6379. Удаленный компьютер отклонил это сетевое подключение.
2025-07-16 11:46:11,071 [DEBUG] [services.cache:42] [cache] GET amocrm:pipelines failed: Error 22 connecting to localhost:6379. Удаленный компьютер отклонил это сетевое подключение.
2025-07-16 11:46:28,282 [DEBUG] [asyncio:631] Using proactor: IocpProactor
2025-07-16 11:46:28,944 [INFO] [apscheduler.scheduler:214] Scheduler started
2025-07-16 11:46:28,946 [INFO] [__main__:111] Bot starting… version MasterBot 12.92‑refactor
2025-07-16 11:46:28,949 [DEBUG] [aiosqlite:104] executing <function connect.<locals>.connector at 0x000002267AA12DE0>
2025-07-16 11:46:28,949 [DEBUG] [apscheduler.scheduler:1151] Looking for jobs to run
2025-07-16 11:46:28,950 [DEBUG] [apscheduler.scheduler:1252] No jobs; waiting until a job is added
2025-07-16 11:46:28,951 [DEBUG] [aiosqlite:106] operation <function connect.<locals>.connector at 0x000002267AA12DE0> completed
2025-07-16 11:46:28,951 [DEBUG] [aiosqlite:104] executing functools.partial(<built-in method execute of sqlite3.Connection object at 0x000002267A9A7790>, '\nCREATE TABLE IF NOT EXISTS users (\n    user_id         INTEGER PRIMARY KEY,\n    first_name      TEXT,\n    last_name       TEXT,\n    role            TEXT,\n    scenario_access TEXT,\n    updated_at      TIMESTAMP DEFAULT CURRENT_TIMESTAMP\n);\n', [])
2025-07-16 11:46:28,954 [DEBUG] [aiosqlite:106] operation functools.partial(<built-in method execute of sqlite3.Connection object at 0x000002267A9A7790>, '\nCREATE TABLE IF NOT EXISTS users (\n    user_id         INTEGER PRIMARY KEY,\n    first_name      TEXT,\n    last_name       TEXT,\n    role            TEXT,\n    scenario_access TEXT,\n    updated_at      TIMESTAMP DEFAULT CURRENT_TIMESTAMP\n);\n', []) completed
2025-07-16 11:46:28,961 [DEBUG] [aiosqlite:104] executing functools.partial(<built-in method execute of sqlite3.Connection object at 0x000002267A9A7790>, "INSERT OR IGNORE INTO users(user_id, role) VALUES (?, 'руководитель')", (1018880781,))
2025-07-16 11:46:28,968 [DEBUG] [aiosqlite:106] operation functools.partial(<built-in method execute of sqlite3.Connection object at 0x000002267A9A7790>, "INSERT OR IGNORE INTO users(user_id, role) VALUES (?, 'руководитель')", (1018880781,)) completed
2025-07-16 11:46:28,969 [DEBUG] [aiosqlite:104] executing functools.partial(<built-in method commit of sqlite3.Connection object at 0x000002267A9A7790>)
2025-07-16 11:46:28,971 [DEBUG] [aiosqlite:106] operation functools.partial(<built-in method commit of sqlite3.Connection object at 0x000002267A9A7790>) completed
2025-07-16 11:46:28,972 [DEBUG] [aiosqlite:104] executing functools.partial(<built-in method close of sqlite3.Connection object at 0x000002267A9A7790>)
2025-07-16 11:46:28,972 [DEBUG] [aiosqlite:106] operation functools.partial(<built-in method close of sqlite3.Connection object at 0x000002267A9A7790>) completed
2025-07-16 11:46:28,973 [INFO] [__main__:59] [startup] Конфиг и БД инициализированы, Leader‑ID 1018880781 гарантирован
2025-07-16 11:46:28,974 [INFO] [aiogram.dispatcher:566] Start polling
2025-07-16 11:46:29,263 [INFO] [aiogram.dispatcher:363] Run polling for bot @masbot12_bot id=7637424219 - 'masterbot12'
2025-07-16 11:46:30,687 [DEBUG] [aiosqlite:104] executing <function connect.<locals>.connector at 0x000002267AA58400>
2025-07-16 11:46:30,689 [DEBUG] [aiosqlite:106] operation <function connect.<locals>.connector at 0x000002267AA58400> completed
2025-07-16 11:46:30,691 [DEBUG] [aiosqlite:104] executing functools.partial(<built-in method execute of sqlite3.Connection object at 0x000002267A9A7E20>, 'SELECT first_name, last_name, role FROM users WHERE user_id = ?', (1018880781,))
2025-07-16 11:46:30,693 [DEBUG] [aiosqlite:106] operation functools.partial(<built-in method execute of sqlite3.Connection object at 0x000002267A9A7E20>, 'SELECT first_name, last_name, role FROM users WHERE user_id = ?', (1018880781,)) completed
2025-07-16 11:46:30,697 [DEBUG] [aiosqlite:104] executing functools.partial(<built-in method fetchone of sqlite3.Cursor object at 0x000002267AA530C0>)
2025-07-16 11:46:30,699 [DEBUG] [aiosqlite:106] operation functools.partial(<built-in method fetchone of sqlite3.Cursor object at 0x000002267AA530C0>) completed
2025-07-16 11:46:30,700 [DEBUG] [aiosqlite:104] executing functools.partial(<built-in method close of sqlite3.Connection object at 0x000002267A9A7E20>)
2025-07-16 11:46:30,702 [DEBUG] [aiosqlite:106] operation functools.partial(<built-in method close of sqlite3.Connection object at 0x000002267A9A7E20>) completed
2025-07-16 11:46:31,043 [INFO] [aiogram.event:172] Update id=861001252 is handled. Duration 357 ms by bot id=7637424219
2025-07-16 11:46:32,106 [DEBUG] [aiosqlite:104] executing <function connect.<locals>.connector at 0x000002267AA585E0>
2025-07-16 11:46:32,108 [DEBUG] [aiosqlite:106] operation <function connect.<locals>.connector at 0x000002267AA585E0> completed
2025-07-16 11:46:32,109 [DEBUG] [aiosqlite:104] executing functools.partial(<built-in method execute of sqlite3.Connection object at 0x000002267AA74310>, 'SELECT first_name, last_name, role FROM users WHERE user_id = ?', (1018880781,))
2025-07-16 11:46:32,112 [DEBUG] [aiosqlite:106] operation functools.partial(<built-in method execute of sqlite3.Connection object at 0x000002267AA74310>, 'SELECT first_name, last_name, role FROM users WHERE user_id = ?', (1018880781,)) completed
2025-07-16 11:46:32,116 [DEBUG] [aiosqlite:104] executing functools.partial(<built-in method fetchone of sqlite3.Cursor object at 0x000002267AA78FC0>)
2025-07-16 11:46:32,118 [DEBUG] [aiosqlite:106] operation functools.partial(<built-in method fetchone of sqlite3.Cursor object at 0x000002267AA78FC0>) completed
2025-07-16 11:46:32,119 [DEBUG] [aiosqlite:104] executing functools.partial(<built-in method close of sqlite3.Connection object at 0x000002267AA74310>)
2025-07-16 11:46:32,120 [DEBUG] [aiosqlite:106] operation functools.partial(<built-in method close of sqlite3.Connection object at 0x000002267AA74310>) completed
2025-07-16 11:46:33,640 [ERROR] [services.amocrm:326] [Amo] Failed to fetch deals: 'Settings' object has no attribute 'AMOCRM_FIELDS'
Traceback (most recent call last):
  File "C:\Users\DELL\Desktop\gpt\Masterbot1\services\amocrm.py", line 324, in get_amocrm_deals
    deals = await fetch_amocrm_deals(spreadsheet_id)
            ^^^^^^^^^^^^^^^^^^^^^^^^^^^^^^^^^^^^^^^^
  File "C:\Users\DELL\Desktop\gpt\Masterbot1\services\amocrm.py", line 309, in fetch_amocrm_deals
    deal = await _process_deal(raw, stages, custom_fields)
           ^^^^^^^^^^^^^^^^^^^^^^^^^^^^^^^^^^^^^^^^^^^^^^^
  File "C:\Users\DELL\Desktop\gpt\Masterbot1\services\amocrm.py", line 177, in _process_deal
    AMOCRM_FIELDS = settings.AMOCRM_FIELDS  # тянут из config.json
                    ^^^^^^^^^^^^^^^^^^^^^^
  File "C:\Users\DELL\AppData\Local\Programs\Python\Python313\Lib\site-packages\pydantic\main.py", line 991, in __getattr__
    raise AttributeError(f'{type(self).__name__!r} object has no attribute {item!r}')
AttributeError: 'Settings' object has no attribute 'AMOCRM_FIELDS'
2025-07-16 11:46:33,685 [ERROR] [handlers.games:125] [games] Failed to retrieve deals from AmoCRM for user 1018880781
2025-07-16 11:46:33,841 [INFO] [aiogram.event:172] Update id=861001253 is handled. Duration 1738 ms by bot id=7637424219
2025-07-16 11:53:28,270 [DEBUG] [aiosqlite:104] executing <function connect.<locals>.connector at 0x000002267AA58A40>
2025-07-16 11:53:28,273 [DEBUG] [aiosqlite:106] operation <function connect.<locals>.connector at 0x000002267AA58A40> completed
2025-07-16 11:53:28,274 [DEBUG] [aiosqlite:104] executing functools.partial(<built-in method execute of sqlite3.Connection object at 0x000002267AA74400>, 'SELECT first_name, last_name, role FROM users WHERE user_id = ?', (1018880781,))
2025-07-16 11:53:28,276 [DEBUG] [aiosqlite:106] operation functools.partial(<built-in method execute of sqlite3.Connection object at 0x000002267AA74400>, 'SELECT first_name, last_name, role FROM users WHERE user_id = ?', (1018880781,)) completed
2025-07-16 11:53:28,278 [DEBUG] [aiosqlite:104] executing functools.partial(<built-in method fetchone of sqlite3.Cursor object at 0x000002267AA7AF40>)
2025-07-16 11:53:28,279 [DEBUG] [aiosqlite:106] operation functools.partial(<built-in method fetchone of sqlite3.Cursor object at 0x000002267AA7AF40>) completed
2025-07-16 11:53:28,280 [DEBUG] [aiosqlite:104] executing functools.partial(<built-in method close of sqlite3.Connection object at 0x000002267AA74400>)
2025-07-16 11:53:28,282 [DEBUG] [aiosqlite:106] operation functools.partial(<built-in method close of sqlite3.Connection object at 0x000002267AA74400>) completed
2025-07-16 11:53:29,702 [ERROR] [services.amocrm:326] [Amo] Failed to fetch deals: 'Settings' object has no attribute 'AMOCRM_FIELDS'
Traceback (most recent call last):
  File "C:\Users\DELL\Desktop\gpt\Masterbot1\services\amocrm.py", line 324, in get_amocrm_deals
    deals = await fetch_amocrm_deals(spreadsheet_id)
            ^^^^^^^^^^^^^^^^^^^^^^^^^^^^^^^^^^^^^^^^
  File "C:\Users\DELL\Desktop\gpt\Masterbot1\services\amocrm.py", line 309, in fetch_amocrm_deals
    deal = await _process_deal(raw, stages, custom_fields)
           ^^^^^^^^^^^^^^^^^^^^^^^^^^^^^^^^^^^^^^^^^^^^^^^
  File "C:\Users\DELL\Desktop\gpt\Masterbot1\services\amocrm.py", line 177, in _process_deal
    AMOCRM_FIELDS = settings.AMOCRM_FIELDS  # тянут из config.json
                    ^^^^^^^^^^^^^^^^^^^^^^
  File "C:\Users\DELL\AppData\Local\Programs\Python\Python313\Lib\site-packages\pydantic\main.py", line 991, in __getattr__
    raise AttributeError(f'{type(self).__name__!r} object has no attribute {item!r}')
AttributeError: 'Settings' object has no attribute 'AMOCRM_FIELDS'
2025-07-16 11:53:29,713 [ERROR] [handlers.games:125] [games] Failed to retrieve deals from AmoCRM for user 1018880781
2025-07-16 11:53:29,985 [INFO] [aiogram.event:172] Update id=861001254 is handled. Duration 1727 ms by bot id=7637424219
2025-07-16 11:53:39,494 [DEBUG] [aiosqlite:104] executing <function connect.<locals>.connector at 0x000002267AB2CD60>
2025-07-16 11:53:39,496 [DEBUG] [aiosqlite:106] operation <function connect.<locals>.connector at 0x000002267AB2CD60> completed
2025-07-16 11:53:39,497 [DEBUG] [aiosqlite:104] executing functools.partial(<built-in method execute of sqlite3.Connection object at 0x000002267AA74130>, 'SELECT first_name, last_name, role FROM users WHERE user_id = ?', (1018880781,))
2025-07-16 11:53:39,499 [DEBUG] [aiosqlite:106] operation functools.partial(<built-in method execute of sqlite3.Connection object at 0x000002267AA74130>, 'SELECT first_name, last_name, role FROM users WHERE user_id = ?', (1018880781,)) completed
2025-07-16 11:53:39,500 [DEBUG] [aiosqlite:104] executing functools.partial(<built-in method fetchone of sqlite3.Cursor object at 0x000002267AB34F40>)
2025-07-16 11:53:39,514 [DEBUG] [aiosqlite:106] operation functools.partial(<built-in method fetchone of sqlite3.Cursor object at 0x000002267AB34F40>) completed
2025-07-16 11:53:39,515 [DEBUG] [aiosqlite:104] executing functools.partial(<built-in method close of sqlite3.Connection object at 0x000002267AA74130>)
2025-07-16 11:53:39,516 [DEBUG] [aiosqlite:106] operation functools.partial(<built-in method close of sqlite3.Connection object at 0x000002267AA74130>) completed
2025-07-16 11:53:39,684 [INFO] [aiogram.event:172] Update id=861001255 is handled. Duration 192 ms by bot id=7637424219
2025-07-16 11:53:41,910 [DEBUG] [aiosqlite:104] executing <function connect.<locals>.connector at 0x000002267AA58720>
2025-07-16 11:53:41,911 [DEBUG] [aiosqlite:106] operation <function connect.<locals>.connector at 0x000002267AA58720> completed
2025-07-16 11:53:41,912 [DEBUG] [aiosqlite:104] executing functools.partial(<built-in method execute of sqlite3.Connection object at 0x000002267AA74130>, 'SELECT first_name, last_name, role FROM users WHERE user_id = ?', (1018880781,))
2025-07-16 11:53:41,913 [DEBUG] [aiosqlite:106] operation functools.partial(<built-in method execute of sqlite3.Connection object at 0x000002267AA74130>, 'SELECT first_name, last_name, role FROM users WHERE user_id = ?', (1018880781,)) completed
2025-07-16 11:53:41,914 [DEBUG] [aiosqlite:104] executing functools.partial(<built-in method fetchone of sqlite3.Cursor object at 0x000002267AB370C0>)
2025-07-16 11:53:41,914 [DEBUG] [aiosqlite:106] operation functools.partial(<built-in method fetchone of sqlite3.Cursor object at 0x000002267AB370C0>) completed
2025-07-16 11:53:41,915 [DEBUG] [aiosqlite:104] executing functools.partial(<built-in method close of sqlite3.Connection object at 0x000002267AA74130>)
2025-07-16 11:53:41,916 [DEBUG] [aiosqlite:106] operation functools.partial(<built-in method close of sqlite3.Connection object at 0x000002267AA74130>) completed
2025-07-16 11:53:42,063 [INFO] [aiogram.event:172] Update id=861001256 is handled. Duration 155 ms by bot id=7637424219
2025-07-16 12:01:05,481 [DEBUG] [asyncio:631] Using proactor: IocpProactor
2025-07-16 12:01:06,207 [INFO] [apscheduler.scheduler:214] Scheduler started
2025-07-16 12:01:06,208 [INFO] [__main__:111] Bot starting… version MasterBot 12.92‑refactor
2025-07-16 12:01:06,212 [DEBUG] [aiosqlite:104] executing <function connect.<locals>.connector at 0x000001BF32F76E80>
2025-07-16 12:01:06,213 [DEBUG] [apscheduler.scheduler:1151] Looking for jobs to run
2025-07-16 12:01:06,214 [DEBUG] [apscheduler.scheduler:1252] No jobs; waiting until a job is added
2025-07-16 12:01:06,233 [DEBUG] [aiosqlite:106] operation <function connect.<locals>.connector at 0x000001BF32F76E80> completed
2025-07-16 12:01:06,240 [DEBUG] [aiosqlite:104] executing functools.partial(<built-in method execute of sqlite3.Connection object at 0x000001BF32F075B0>, '\nCREATE TABLE IF NOT EXISTS users (\n    user_id         INTEGER PRIMARY KEY,\n    first_name      TEXT,\n    last_name       TEXT,\n    role            TEXT,\n    scenario_access TEXT,\n    updated_at      TIMESTAMP DEFAULT CURRENT_TIMESTAMP\n);\n', [])
2025-07-16 12:01:06,243 [DEBUG] [aiosqlite:106] operation functools.partial(<built-in method execute of sqlite3.Connection object at 0x000001BF32F075B0>, '\nCREATE TABLE IF NOT EXISTS users (\n    user_id         INTEGER PRIMARY KEY,\n    first_name      TEXT,\n    last_name       TEXT,\n    role            TEXT,\n    scenario_access TEXT,\n    updated_at      TIMESTAMP DEFAULT CURRENT_TIMESTAMP\n);\n', []) completed
2025-07-16 12:01:06,247 [DEBUG] [aiosqlite:104] executing functools.partial(<built-in method execute of sqlite3.Connection object at 0x000001BF32F075B0>, "INSERT OR IGNORE INTO users(user_id, role) VALUES (?, 'руководитель')", (1018880781,))
2025-07-16 12:01:06,249 [DEBUG] [aiosqlite:106] operation functools.partial(<built-in method execute of sqlite3.Connection object at 0x000001BF32F075B0>, "INSERT OR IGNORE INTO users(user_id, role) VALUES (?, 'руководитель')", (1018880781,)) completed
2025-07-16 12:01:06,250 [DEBUG] [aiosqlite:104] executing functools.partial(<built-in method commit of sqlite3.Connection object at 0x000001BF32F075B0>)
2025-07-16 12:01:06,252 [DEBUG] [aiosqlite:106] operation functools.partial(<built-in method commit of sqlite3.Connection object at 0x000001BF32F075B0>) completed
2025-07-16 12:01:06,253 [DEBUG] [aiosqlite:104] executing functools.partial(<built-in method close of sqlite3.Connection object at 0x000001BF32F075B0>)
2025-07-16 12:01:06,254 [DEBUG] [aiosqlite:106] operation functools.partial(<built-in method close of sqlite3.Connection object at 0x000001BF32F075B0>) completed
2025-07-16 12:01:06,254 [INFO] [__main__:59] [startup] Конфиг и БД инициализированы, Leader‑ID 1018880781 гарантирован
2025-07-16 12:01:06,256 [INFO] [aiogram.dispatcher:566] Start polling
2025-07-16 12:01:06,495 [INFO] [aiogram.dispatcher:363] Run polling for bot @masbot12_bot id=7637424219 - 'masterbot12'
2025-07-16 12:01:07,647 [DEBUG] [aiosqlite:104] executing <function connect.<locals>.connector at 0x000001BF32FB84A0>
2025-07-16 12:01:07,650 [DEBUG] [aiosqlite:106] operation <function connect.<locals>.connector at 0x000001BF32FB84A0> completed
2025-07-16 12:01:07,651 [DEBUG] [aiosqlite:104] executing functools.partial(<built-in method execute of sqlite3.Connection object at 0x000001BF32F07C40>, 'SELECT first_name, last_name, role FROM users WHERE user_id = ?', (1018880781,))
2025-07-16 12:01:07,654 [DEBUG] [aiosqlite:106] operation functools.partial(<built-in method execute of sqlite3.Connection object at 0x000001BF32F07C40>, 'SELECT first_name, last_name, role FROM users WHERE user_id = ?', (1018880781,)) completed
2025-07-16 12:01:07,656 [DEBUG] [aiosqlite:104] executing functools.partial(<built-in method fetchone of sqlite3.Cursor object at 0x000001BF32FB3040>)
2025-07-16 12:01:07,658 [DEBUG] [aiosqlite:106] operation functools.partial(<built-in method fetchone of sqlite3.Cursor object at 0x000001BF32FB3040>) completed
2025-07-16 12:01:07,659 [DEBUG] [aiosqlite:104] executing functools.partial(<built-in method close of sqlite3.Connection object at 0x000001BF32F07C40>)
2025-07-16 12:01:07,661 [DEBUG] [aiosqlite:106] operation functools.partial(<built-in method close of sqlite3.Connection object at 0x000001BF32F07C40>) completed
2025-07-16 12:01:07,861 [INFO] [aiogram.event:172] Update id=861001257 is handled. Duration 215 ms by bot id=7637424219
2025-07-16 12:01:09,307 [DEBUG] [aiosqlite:104] executing <function connect.<locals>.connector at 0x000001BF32FB87C0>
2025-07-16 12:01:09,308 [DEBUG] [aiosqlite:106] operation <function connect.<locals>.connector at 0x000001BF32FB87C0> completed
2025-07-16 12:01:09,309 [DEBUG] [aiosqlite:104] executing functools.partial(<built-in method execute of sqlite3.Connection object at 0x000001BF32F07B50>, 'SELECT first_name, last_name, role FROM users WHERE user_id = ?', (1018880781,))
2025-07-16 12:01:09,310 [DEBUG] [aiosqlite:106] operation functools.partial(<built-in method execute of sqlite3.Connection object at 0x000001BF32F07B50>, 'SELECT first_name, last_name, role FROM users WHERE user_id = ?', (1018880781,)) completed
2025-07-16 12:01:09,310 [DEBUG] [aiosqlite:104] executing functools.partial(<built-in method fetchone of sqlite3.Cursor object at 0x000001BF32FD8F40>)
2025-07-16 12:01:09,311 [DEBUG] [aiosqlite:106] operation functools.partial(<built-in method fetchone of sqlite3.Cursor object at 0x000001BF32FD8F40>) completed
2025-07-16 12:01:09,311 [DEBUG] [aiosqlite:104] executing functools.partial(<built-in method close of sqlite3.Connection object at 0x000001BF32F07B50>)
2025-07-16 12:01:09,312 [DEBUG] [aiosqlite:106] operation functools.partial(<built-in method close of sqlite3.Connection object at 0x000001BF32F07B50>) completed
2025-07-16 12:01:10,740 [ERROR] [services.amocrm:326] [Amo] Failed to fetch deals: 'Settings' object has no attribute 'AMOCRM_FIELDS'
Traceback (most recent call last):
  File "C:\Users\DELL\Desktop\gpt\Masterbot1\services\amocrm.py", line 324, in get_amocrm_deals
    deals = await fetch_amocrm_deals(spreadsheet_id)
            ^^^^^^^^^^^^^^^^^^^^^^^^^^^^^^^^^^^^^^^^
  File "C:\Users\DELL\Desktop\gpt\Masterbot1\services\amocrm.py", line 309, in fetch_amocrm_deals
    deal = await _process_deal(raw, stages, custom_fields)
           ^^^^^^^^^^^^^^^^^^^^^^^^^^^^^^^^^^^^^^^^^^^^^^^
  File "C:\Users\DELL\Desktop\gpt\Masterbot1\services\amocrm.py", line 177, in _process_deal
    AMOCRM_FIELDS = settings.AMOCRM_FIELDS  # тянут из config.json
                    ^^^^^^^^^^^^^^^^^^^^^^
  File "C:\Users\DELL\AppData\Local\Programs\Python\Python313\Lib\site-packages\pydantic\main.py", line 991, in __getattr__
    raise AttributeError(f'{type(self).__name__!r} object has no attribute {item!r}')
AttributeError: 'Settings' object has no attribute 'AMOCRM_FIELDS'
2025-07-16 12:01:10,785 [ERROR] [handlers.games:125] [games] Failed to retrieve deals from AmoCRM for user 1018880781
2025-07-16 12:01:11,015 [INFO] [aiogram.event:172] Update id=861001258 is handled. Duration 1708 ms by bot id=7637424219
2025-07-16 12:05:12,817 [DEBUG] [asyncio:631] Using proactor: IocpProactor
2025-07-16 12:05:13,587 [INFO] [apscheduler.scheduler:214] Scheduler started
2025-07-16 12:05:13,616 [INFO] [__main__:111] Bot starting… version MasterBot 12.92-refactor
2025-07-16 12:05:13,857 [DEBUG] [aiosqlite:104] executing <function connect.<locals>.connector at 0x000001E421506FC0>
2025-07-16 12:05:13,858 [DEBUG] [apscheduler.scheduler:1151] Looking for jobs to run
2025-07-16 12:05:13,859 [DEBUG] [apscheduler.scheduler:1252] No jobs; waiting until a job is added
2025-07-16 12:05:13,896 [DEBUG] [aiosqlite:106] operation <function connect.<locals>.connector at 0x000001E421506FC0> completed
2025-07-16 12:05:13,898 [DEBUG] [aiosqlite:104] executing functools.partial(<built-in method execute of sqlite3.Connection object at 0x000001E4214975B0>, '\nCREATE TABLE IF NOT EXISTS users (\n    user_id         INTEGER PRIMARY KEY,\n    first_name      TEXT,\n    last_name       TEXT,\n    role            TEXT,\n    scenario_access TEXT,\n    updated_at      TIMESTAMP DEFAULT CURRENT_TIMESTAMP\n);\n', [])
2025-07-16 12:05:13,900 [DEBUG] [aiosqlite:106] operation functools.partial(<built-in method execute of sqlite3.Connection object at 0x000001E4214975B0>, '\nCREATE TABLE IF NOT EXISTS users (\n    user_id         INTEGER PRIMARY KEY,\n    first_name      TEXT,\n    last_name       TEXT,\n    role            TEXT,\n    scenario_access TEXT,\n    updated_at      TIMESTAMP DEFAULT CURRENT_TIMESTAMP\n);\n', []) completed
2025-07-16 12:05:13,908 [DEBUG] [aiosqlite:104] executing functools.partial(<built-in method execute of sqlite3.Connection object at 0x000001E4214975B0>, "INSERT OR IGNORE INTO users(user_id, role) VALUES (?, 'руководитель')", (1018880781,))
2025-07-16 12:05:13,910 [DEBUG] [aiosqlite:106] operation functools.partial(<built-in method execute of sqlite3.Connection object at 0x000001E4214975B0>, "INSERT OR IGNORE INTO users(user_id, role) VALUES (?, 'руководитель')", (1018880781,)) completed
2025-07-16 12:05:13,911 [DEBUG] [aiosqlite:104] executing functools.partial(<built-in method commit of sqlite3.Connection object at 0x000001E4214975B0>)
2025-07-16 12:05:13,912 [DEBUG] [aiosqlite:106] operation functools.partial(<built-in method commit of sqlite3.Connection object at 0x000001E4214975B0>) completed
2025-07-16 12:05:13,913 [DEBUG] [aiosqlite:104] executing functools.partial(<built-in method close of sqlite3.Connection object at 0x000001E4214975B0>)
2025-07-16 12:05:13,914 [DEBUG] [aiosqlite:106] operation functools.partial(<built-in method close of sqlite3.Connection object at 0x000001E4214975B0>) completed
2025-07-16 12:05:13,915 [INFO] [__main__:59] [startup] Конфиг и БД инициализированы, Leader‑ID 1018880781 гарантирован
2025-07-16 12:05:13,916 [INFO] [aiogram.dispatcher:566] Start polling
2025-07-16 12:05:14,784 [INFO] [aiogram.dispatcher:363] Run polling for bot @masbot12_bot id=7637424219 - 'masterbot12'
2025-07-16 12:05:26,785 [DEBUG] [aiosqlite:104] executing <function connect.<locals>.connector at 0x000001E4215485E0>
2025-07-16 12:05:26,788 [DEBUG] [aiosqlite:106] operation <function connect.<locals>.connector at 0x000001E4215485E0> completed
2025-07-16 12:05:26,789 [DEBUG] [aiosqlite:104] executing functools.partial(<built-in method execute of sqlite3.Connection object at 0x000001E421497C40>, 'SELECT first_name, last_name, role FROM users WHERE user_id = ?', (1018880781,))
2025-07-16 12:05:26,792 [DEBUG] [aiosqlite:106] operation functools.partial(<built-in method execute of sqlite3.Connection object at 0x000001E421497C40>, 'SELECT first_name, last_name, role FROM users WHERE user_id = ?', (1018880781,)) completed
2025-07-16 12:05:26,795 [DEBUG] [aiosqlite:104] executing functools.partial(<built-in method fetchone of sqlite3.Cursor object at 0x000001E42153F640>)
2025-07-16 12:05:26,796 [DEBUG] [aiosqlite:106] operation functools.partial(<built-in method fetchone of sqlite3.Cursor object at 0x000001E42153F640>) completed
2025-07-16 12:05:26,797 [DEBUG] [aiosqlite:104] executing functools.partial(<built-in method close of sqlite3.Connection object at 0x000001E421497C40>)
2025-07-16 12:05:26,799 [DEBUG] [aiosqlite:106] operation functools.partial(<built-in method close of sqlite3.Connection object at 0x000001E421497C40>) completed
2025-07-16 12:05:27,150 [INFO] [aiogram.event:172] Update id=861001259 is handled. Duration 382 ms by bot id=7637424219
2025-07-16 12:05:28,268 [DEBUG] [aiosqlite:104] executing <function connect.<locals>.connector at 0x000001E4215487C0>
2025-07-16 12:05:28,270 [DEBUG] [aiosqlite:106] operation <function connect.<locals>.connector at 0x000001E4215487C0> completed
2025-07-16 12:05:28,271 [DEBUG] [aiosqlite:104] executing functools.partial(<built-in method execute of sqlite3.Connection object at 0x000001E421570130>, 'SELECT first_name, last_name, role FROM users WHERE user_id = ?', (1018880781,))
2025-07-16 12:05:28,273 [DEBUG] [aiosqlite:106] operation functools.partial(<built-in method execute of sqlite3.Connection object at 0x000001E421570130>, 'SELECT first_name, last_name, role FROM users WHERE user_id = ?', (1018880781,)) completed
2025-07-16 12:05:28,275 [DEBUG] [aiosqlite:104] executing functools.partial(<built-in method fetchone of sqlite3.Cursor object at 0x000001E421569540>)
2025-07-16 12:05:28,276 [DEBUG] [aiosqlite:106] operation functools.partial(<built-in method fetchone of sqlite3.Cursor object at 0x000001E421569540>) completed
2025-07-16 12:05:28,277 [DEBUG] [aiosqlite:104] executing functools.partial(<built-in method close of sqlite3.Connection object at 0x000001E421570130>)
2025-07-16 12:05:28,279 [DEBUG] [aiosqlite:106] operation functools.partial(<built-in method close of sqlite3.Connection object at 0x000001E421570130>) completed
2025-07-16 12:05:31,374 [INFO] [aiogram.event:172] Update id=861001260 is handled. Duration 3111 ms by bot id=7637424219
2025-07-16 12:05:35,815 [INFO] [aiogram.event:172] Update id=861001261 is handled. Duration 239 ms by bot id=7637424219
2025-07-16 12:05:48,809 [DEBUG] [aiosqlite:104] executing <function connect.<locals>.connector at 0x000001E421548CC0>
2025-07-16 12:05:48,811 [DEBUG] [aiosqlite:106] operation <function connect.<locals>.connector at 0x000001E421548CC0> completed
2025-07-16 12:05:48,812 [DEBUG] [aiosqlite:104] executing functools.partial(<built-in method execute of sqlite3.Connection object at 0x000001E421570040>, 'SELECT first_name, last_name, role FROM users WHERE user_id = ?', (1018880781,))
2025-07-16 12:05:48,815 [DEBUG] [aiosqlite:106] operation functools.partial(<built-in method execute of sqlite3.Connection object at 0x000001E421570040>, 'SELECT first_name, last_name, role FROM users WHERE user_id = ?', (1018880781,)) completed
2025-07-16 12:05:48,817 [DEBUG] [aiosqlite:104] executing functools.partial(<built-in method fetchone of sqlite3.Cursor object at 0x000001E42158FCC0>)
2025-07-16 12:05:48,818 [DEBUG] [aiosqlite:106] operation functools.partial(<built-in method fetchone of sqlite3.Cursor object at 0x000001E42158FCC0>) completed
2025-07-16 12:05:48,820 [DEBUG] [aiosqlite:104] executing functools.partial(<built-in method close of sqlite3.Connection object at 0x000001E421570040>)
2025-07-16 12:05:48,822 [DEBUG] [aiosqlite:106] operation functools.partial(<built-in method close of sqlite3.Connection object at 0x000001E421570040>) completed
2025-07-16 12:05:51,320 [INFO] [aiogram.event:172] Update id=861001262 is handled. Duration 2581 ms by bot id=7637424219
2025-07-16 12:05:53,811 [DEBUG] [aiosqlite:104] executing <function connect.<locals>.connector at 0x000001E421548FE0>
2025-07-16 12:05:53,813 [DEBUG] [aiosqlite:106] operation <function connect.<locals>.connector at 0x000001E421548FE0> completed
2025-07-16 12:05:53,814 [DEBUG] [aiosqlite:104] executing functools.partial(<built-in method execute of sqlite3.Connection object at 0x000001E421570040>, 'SELECT first_name, last_name, role FROM users WHERE user_id = ?', (1018880781,))
2025-07-16 12:05:53,817 [DEBUG] [aiosqlite:106] operation functools.partial(<built-in method execute of sqlite3.Connection object at 0x000001E421570040>, 'SELECT first_name, last_name, role FROM users WHERE user_id = ?', (1018880781,)) completed
2025-07-16 12:05:53,818 [DEBUG] [aiosqlite:104] executing functools.partial(<built-in method fetchone of sqlite3.Cursor object at 0x000001E42156A1C0>)
2025-07-16 12:05:53,820 [DEBUG] [aiosqlite:106] operation functools.partial(<built-in method fetchone of sqlite3.Cursor object at 0x000001E42156A1C0>) completed
2025-07-16 12:05:53,822 [DEBUG] [aiosqlite:104] executing functools.partial(<built-in method close of sqlite3.Connection object at 0x000001E421570040>)
2025-07-16 12:05:53,824 [DEBUG] [aiosqlite:106] operation functools.partial(<built-in method close of sqlite3.Connection object at 0x000001E421570040>) completed
2025-07-16 12:05:56,396 [INFO] [aiogram.event:172] Update id=861001263 is handled. Duration 2587 ms by bot id=7637424219
2025-07-16 12:06:14,849 [DEBUG] [aiosqlite:104] executing <function connect.<locals>.connector at 0x000001E421549300>
2025-07-16 12:06:14,852 [DEBUG] [aiosqlite:106] operation <function connect.<locals>.connector at 0x000001E421549300> completed
2025-07-16 12:06:14,853 [DEBUG] [aiosqlite:104] executing functools.partial(<built-in method execute of sqlite3.Connection object at 0x000001E4215706D0>, 'SELECT first_name, last_name, role FROM users WHERE user_id = ?', (1018880781,))
2025-07-16 12:06:14,855 [DEBUG] [aiosqlite:106] operation functools.partial(<built-in method execute of sqlite3.Connection object at 0x000001E4215706D0>, 'SELECT first_name, last_name, role FROM users WHERE user_id = ?', (1018880781,)) completed
2025-07-16 12:06:14,858 [DEBUG] [aiosqlite:104] executing functools.partial(<built-in method fetchone of sqlite3.Cursor object at 0x000001E4225B72C0>)
2025-07-16 12:06:14,859 [DEBUG] [aiosqlite:106] operation functools.partial(<built-in method fetchone of sqlite3.Cursor object at 0x000001E4225B72C0>) completed
2025-07-16 12:06:14,861 [DEBUG] [aiosqlite:104] executing functools.partial(<built-in method close of sqlite3.Connection object at 0x000001E4215706D0>)
2025-07-16 12:06:14,862 [DEBUG] [aiosqlite:106] operation functools.partial(<built-in method close of sqlite3.Connection object at 0x000001E4215706D0>) completed
2025-07-16 12:06:15,036 [INFO] [aiogram.event:172] Update id=861001264 is handled. Duration 189 ms by bot id=7637424219
2025-07-16 12:10:51,145 [DEBUG] [asyncio:631] Using proactor: IocpProactor
2025-07-16 12:10:51,777 [INFO] [apscheduler.scheduler:214] Scheduler started
2025-07-16 12:10:51,777 [INFO] [__main__:111] Bot starting… version MasterBot 12.92-refactor
2025-07-16 12:10:51,779 [DEBUG] [aiosqlite:104] executing <function connect.<locals>.connector at 0x000001C917BF6F20>
2025-07-16 12:10:51,779 [DEBUG] [apscheduler.scheduler:1151] Looking for jobs to run
2025-07-16 12:10:51,780 [DEBUG] [apscheduler.scheduler:1252] No jobs; waiting until a job is added
2025-07-16 12:10:51,781 [DEBUG] [aiosqlite:106] operation <function connect.<locals>.connector at 0x000001C917BF6F20> completed
2025-07-16 12:10:51,782 [DEBUG] [aiosqlite:104] executing functools.partial(<built-in method execute of sqlite3.Connection object at 0x000001C917B875B0>, '\nCREATE TABLE IF NOT EXISTS users (\n    user_id         INTEGER PRIMARY KEY,\n    first_name      TEXT,\n    last_name       TEXT,\n    role            TEXT,\n    scenario_access TEXT,\n    updated_at      TIMESTAMP DEFAULT CURRENT_TIMESTAMP\n);\n', [])
2025-07-16 12:10:51,783 [DEBUG] [aiosqlite:106] operation functools.partial(<built-in method execute of sqlite3.Connection object at 0x000001C917B875B0>, '\nCREATE TABLE IF NOT EXISTS users (\n    user_id         INTEGER PRIMARY KEY,\n    first_name      TEXT,\n    last_name       TEXT,\n    role            TEXT,\n    scenario_access TEXT,\n    updated_at      TIMESTAMP DEFAULT CURRENT_TIMESTAMP\n);\n', []) completed
2025-07-16 12:10:51,784 [DEBUG] [aiosqlite:104] executing functools.partial(<built-in method execute of sqlite3.Connection object at 0x000001C917B875B0>, "INSERT OR IGNORE INTO users(user_id, role) VALUES (?, 'руководитель')", (1018880781,))
2025-07-16 12:10:51,786 [DEBUG] [aiosqlite:106] operation functools.partial(<built-in method execute of sqlite3.Connection object at 0x000001C917B875B0>, "INSERT OR IGNORE INTO users(user_id, role) VALUES (?, 'руководитель')", (1018880781,)) completed
2025-07-16 12:10:51,787 [DEBUG] [aiosqlite:104] executing functools.partial(<built-in method commit of sqlite3.Connection object at 0x000001C917B875B0>)
2025-07-16 12:10:51,787 [DEBUG] [aiosqlite:106] operation functools.partial(<built-in method commit of sqlite3.Connection object at 0x000001C917B875B0>) completed
2025-07-16 12:10:51,788 [DEBUG] [aiosqlite:104] executing functools.partial(<built-in method close of sqlite3.Connection object at 0x000001C917B875B0>)
2025-07-16 12:10:51,789 [DEBUG] [aiosqlite:106] operation functools.partial(<built-in method close of sqlite3.Connection object at 0x000001C917B875B0>) completed
2025-07-16 12:10:51,789 [INFO] [__main__:59] [startup] Конфиг и БД инициализированы, Leader‑ID 1018880781 гарантирован
2025-07-16 12:10:51,790 [INFO] [aiogram.dispatcher:566] Start polling
2025-07-16 12:10:52,082 [INFO] [aiogram.dispatcher:363] Run polling for bot @masbot12_bot id=7637424219 - 'masterbot12'
2025-07-16 12:10:53,537 [DEBUG] [aiosqlite:104] executing <function connect.<locals>.connector at 0x000001C917C3C540>
2025-07-16 12:10:53,543 [DEBUG] [aiosqlite:106] operation <function connect.<locals>.connector at 0x000001C917C3C540> completed
2025-07-16 12:10:53,544 [DEBUG] [aiosqlite:104] executing functools.partial(<built-in method execute of sqlite3.Connection object at 0x000001C917B87C40>, 'SELECT first_name, last_name, role FROM users WHERE user_id = ?', (1018880781,))
2025-07-16 12:10:53,546 [DEBUG] [aiosqlite:106] operation functools.partial(<built-in method execute of sqlite3.Connection object at 0x000001C917B87C40>, 'SELECT first_name, last_name, role FROM users WHERE user_id = ?', (1018880781,)) completed
2025-07-16 12:10:53,547 [DEBUG] [aiosqlite:104] executing functools.partial(<built-in method fetchone of sqlite3.Cursor object at 0x000001C917C2F5C0>)
2025-07-16 12:10:53,548 [DEBUG] [aiosqlite:106] operation functools.partial(<built-in method fetchone of sqlite3.Cursor object at 0x000001C917C2F5C0>) completed
2025-07-16 12:10:53,549 [DEBUG] [aiosqlite:104] executing functools.partial(<built-in method close of sqlite3.Connection object at 0x000001C917B87C40>)
2025-07-16 12:10:53,550 [DEBUG] [aiosqlite:106] operation functools.partial(<built-in method close of sqlite3.Connection object at 0x000001C917B87C40>) completed
2025-07-16 12:10:53,782 [INFO] [aiogram.event:172] Update id=861001265 is handled. Duration 246 ms by bot id=7637424219
2025-07-16 12:10:55,244 [DEBUG] [aiosqlite:104] executing <function connect.<locals>.connector at 0x000001C917C3C7C0>
2025-07-16 12:10:55,247 [DEBUG] [aiosqlite:106] operation <function connect.<locals>.connector at 0x000001C917C3C7C0> completed
2025-07-16 12:10:55,248 [DEBUG] [aiosqlite:104] executing functools.partial(<built-in method execute of sqlite3.Connection object at 0x000001C917C60040>, 'SELECT first_name, last_name, role FROM users WHERE user_id = ?', (1018880781,))
2025-07-16 12:10:55,250 [DEBUG] [aiosqlite:106] operation functools.partial(<built-in method execute of sqlite3.Connection object at 0x000001C917C60040>, 'SELECT first_name, last_name, role FROM users WHERE user_id = ?', (1018880781,)) completed
2025-07-16 12:10:55,252 [DEBUG] [aiosqlite:104] executing functools.partial(<built-in method fetchone of sqlite3.Cursor object at 0x000001C917C55740>)
2025-07-16 12:10:55,254 [DEBUG] [aiosqlite:106] operation functools.partial(<built-in method fetchone of sqlite3.Cursor object at 0x000001C917C55740>) completed
2025-07-16 12:10:55,256 [DEBUG] [aiosqlite:104] executing functools.partial(<built-in method close of sqlite3.Connection object at 0x000001C917C60040>)
2025-07-16 12:10:55,257 [DEBUG] [aiosqlite:106] operation functools.partial(<built-in method close of sqlite3.Connection object at 0x000001C917C60040>) completed
2025-07-16 12:10:55,455 [INFO] [aiogram.event:172] Update id=861001266 is handled. Duration 214 ms by bot id=7637424219
2025-07-16 12:16:27,537 [DEBUG] [aiosqlite:104] executing <function connect.<locals>.connector at 0x000001C917C3C7C0>
2025-07-16 12:16:27,544 [DEBUG] [aiosqlite:106] operation <function connect.<locals>.connector at 0x000001C917C3C7C0> completed
2025-07-16 12:16:27,545 [DEBUG] [aiosqlite:104] executing functools.partial(<built-in method execute of sqlite3.Connection object at 0x000001C917C64040>, 'SELECT first_name, last_name, role FROM users WHERE user_id = ?', (1018880781,))
2025-07-16 12:16:27,547 [DEBUG] [aiosqlite:106] operation functools.partial(<built-in method execute of sqlite3.Connection object at 0x000001C917C64040>, 'SELECT first_name, last_name, role FROM users WHERE user_id = ?', (1018880781,)) completed
2025-07-16 12:16:27,548 [DEBUG] [aiosqlite:104] executing functools.partial(<built-in method fetchone of sqlite3.Cursor object at 0x000001C917C68140>)
2025-07-16 12:16:27,549 [DEBUG] [aiosqlite:106] operation functools.partial(<built-in method fetchone of sqlite3.Cursor object at 0x000001C917C68140>) completed
2025-07-16 12:16:27,550 [DEBUG] [aiosqlite:104] executing functools.partial(<built-in method close of sqlite3.Connection object at 0x000001C917C64040>)
2025-07-16 12:16:27,551 [DEBUG] [aiosqlite:106] operation functools.partial(<built-in method close of sqlite3.Connection object at 0x000001C917C64040>) completed
2025-07-16 12:16:27,840 [INFO] [aiogram.event:172] Update id=861001267 is handled. Duration 314 ms by bot id=7637424219
2025-07-16 12:16:29,255 [DEBUG] [aiosqlite:104] executing <function connect.<locals>.connector at 0x000001C917C3C5E0>
2025-07-16 12:16:29,503 [DEBUG] [aiosqlite:106] operation <function connect.<locals>.connector at 0x000001C917C3C5E0> completed
2025-07-16 12:16:29,506 [DEBUG] [aiosqlite:104] executing functools.partial(<built-in method execute of sqlite3.Connection object at 0x000001C917B87B50>, 'SELECT first_name, last_name, role FROM users WHERE user_id = ?', (1018880781,))
2025-07-16 12:16:29,509 [DEBUG] [aiosqlite:106] operation functools.partial(<built-in method execute of sqlite3.Connection object at 0x000001C917B87B50>, 'SELECT first_name, last_name, role FROM users WHERE user_id = ?', (1018880781,)) completed
2025-07-16 12:16:29,511 [DEBUG] [aiosqlite:104] executing functools.partial(<built-in method fetchone of sqlite3.Cursor object at 0x000001C917C68440>)
2025-07-16 12:16:29,513 [DEBUG] [aiosqlite:106] operation functools.partial(<built-in method fetchone of sqlite3.Cursor object at 0x000001C917C68440>) completed
2025-07-16 12:16:29,520 [DEBUG] [aiosqlite:104] executing functools.partial(<built-in method close of sqlite3.Connection object at 0x000001C917B87B50>)
2025-07-16 12:16:29,522 [DEBUG] [aiosqlite:106] operation functools.partial(<built-in method close of sqlite3.Connection object at 0x000001C917B87B50>) completed
2025-07-16 12:16:29,769 [INFO] [aiogram.event:172] Update id=861001268 is handled. Duration 515 ms by bot id=7637424219
2025-07-16 12:16:30,559 [DEBUG] [aiosqlite:104] executing <function connect.<locals>.connector at 0x000001C917C3C860>
2025-07-16 12:16:30,560 [DEBUG] [aiosqlite:106] operation <function connect.<locals>.connector at 0x000001C917C3C860> completed
2025-07-16 12:16:30,561 [DEBUG] [aiosqlite:104] executing functools.partial(<built-in method execute of sqlite3.Connection object at 0x000001C917C64130>, 'SELECT first_name, last_name, role FROM users WHERE user_id = ?', (1018880781,))
2025-07-16 12:16:30,562 [DEBUG] [aiosqlite:106] operation functools.partial(<built-in method execute of sqlite3.Connection object at 0x000001C917C64130>, 'SELECT first_name, last_name, role FROM users WHERE user_id = ?', (1018880781,)) completed
2025-07-16 12:16:30,563 [DEBUG] [aiosqlite:104] executing functools.partial(<built-in method fetchone of sqlite3.Cursor object at 0x000001C917C688C0>)
2025-07-16 12:16:30,564 [DEBUG] [aiosqlite:106] operation functools.partial(<built-in method fetchone of sqlite3.Cursor object at 0x000001C917C688C0>) completed
2025-07-16 12:16:30,564 [DEBUG] [aiosqlite:104] executing functools.partial(<built-in method close of sqlite3.Connection object at 0x000001C917C64130>)
2025-07-16 12:16:30,565 [DEBUG] [aiosqlite:106] operation functools.partial(<built-in method close of sqlite3.Connection object at 0x000001C917C64130>) completed
2025-07-16 12:16:30,869 [INFO] [aiogram.event:172] Update id=861001269 is handled. Duration 312 ms by bot id=7637424219
2025-07-16 13:06:47,834 [DEBUG] [aiosqlite:104] executing <function connect.<locals>.connector at 0x000001C917C3C9A0>
2025-07-16 13:06:48,074 [DEBUG] [aiosqlite:106] operation <function connect.<locals>.connector at 0x000001C917C3C9A0> completed
2025-07-16 13:06:48,075 [DEBUG] [aiosqlite:104] executing functools.partial(<built-in method execute of sqlite3.Connection object at 0x000001C917B87970>, 'SELECT first_name, last_name, role FROM users WHERE user_id = ?', (1018880781,))
2025-07-16 13:06:48,106 [DEBUG] [aiosqlite:106] operation functools.partial(<built-in method execute of sqlite3.Connection object at 0x000001C917B87970>, 'SELECT first_name, last_name, role FROM users WHERE user_id = ?', (1018880781,)) completed
2025-07-16 13:06:48,107 [DEBUG] [aiosqlite:104] executing functools.partial(<built-in method fetchone of sqlite3.Cursor object at 0x000001C917C684C0>)
2025-07-16 13:06:48,107 [DEBUG] [aiosqlite:106] operation functools.partial(<built-in method fetchone of sqlite3.Cursor object at 0x000001C917C684C0>) completed
2025-07-16 13:06:48,108 [DEBUG] [aiosqlite:104] executing functools.partial(<built-in method close of sqlite3.Connection object at 0x000001C917B87970>)
2025-07-16 13:06:48,108 [DEBUG] [aiosqlite:106] operation functools.partial(<built-in method close of sqlite3.Connection object at 0x000001C917B87970>) completed
2025-07-16 13:06:48,650 [INFO] [aiogram.event:172] Update id=861001270 is handled. Duration 1148 ms by bot id=7637424219
2025-07-16 13:13:29,586 [DEBUG] [asyncio:631] Using proactor: IocpProactor
2025-07-16 13:13:30,491 [INFO] [apscheduler.scheduler:214] Scheduler started
2025-07-16 13:13:30,492 [INFO] [__main__:125] Bot starting… version MasterBot 12.92-refactor
2025-07-16 13:13:30,494 [INFO] [__main__:65] [startup] admin_chat_id загружен: -4738242986
2025-07-16 13:13:30,494 [DEBUG] [aiosqlite:104] executing <function connect.<locals>.connector at 0x0000021C61752FC0>
2025-07-16 13:13:30,495 [DEBUG] [apscheduler.scheduler:1151] Looking for jobs to run
2025-07-16 13:13:30,495 [DEBUG] [apscheduler.scheduler:1252] No jobs; waiting until a job is added
2025-07-16 13:13:30,550 [DEBUG] [aiosqlite:106] operation <function connect.<locals>.connector at 0x0000021C61752FC0> completed
2025-07-16 13:13:30,550 [DEBUG] [aiosqlite:104] executing functools.partial(<built-in method execute of sqlite3.Connection object at 0x0000021C616E7970>, '\nCREATE TABLE IF NOT EXISTS users (\n    user_id         INTEGER PRIMARY KEY,\n    first_name      TEXT,\n    last_name       TEXT,\n    role            TEXT,\n    scenario_access TEXT,\n    updated_at      TIMESTAMP DEFAULT CURRENT_TIMESTAMP\n);\n', [])
2025-07-16 13:13:30,553 [DEBUG] [aiosqlite:106] operation functools.partial(<built-in method execute of sqlite3.Connection object at 0x0000021C616E7970>, '\nCREATE TABLE IF NOT EXISTS users (\n    user_id         INTEGER PRIMARY KEY,\n    first_name      TEXT,\n    last_name       TEXT,\n    role            TEXT,\n    scenario_access TEXT,\n    updated_at      TIMESTAMP DEFAULT CURRENT_TIMESTAMP\n);\n', []) completed
2025-07-16 13:13:30,556 [DEBUG] [aiosqlite:104] executing functools.partial(<built-in method execute of sqlite3.Connection object at 0x0000021C616E7970>, "INSERT OR IGNORE INTO users(user_id, role) VALUES (?, 'руководитель')", (1018880781,))
2025-07-16 13:13:30,557 [DEBUG] [aiosqlite:106] operation functools.partial(<built-in method execute of sqlite3.Connection object at 0x0000021C616E7970>, "INSERT OR IGNORE INTO users(user_id, role) VALUES (?, 'руководитель')", (1018880781,)) completed
2025-07-16 13:13:30,558 [DEBUG] [aiosqlite:104] executing functools.partial(<built-in method commit of sqlite3.Connection object at 0x0000021C616E7970>)
2025-07-16 13:13:30,559 [DEBUG] [aiosqlite:106] operation functools.partial(<built-in method commit of sqlite3.Connection object at 0x0000021C616E7970>) completed
2025-07-16 13:13:30,559 [DEBUG] [aiosqlite:104] executing functools.partial(<built-in method close of sqlite3.Connection object at 0x0000021C616E7970>)
2025-07-16 13:13:30,560 [DEBUG] [aiosqlite:106] operation functools.partial(<built-in method close of sqlite3.Connection object at 0x0000021C616E7970>) completed
2025-07-16 13:13:30,560 [INFO] [__main__:73] [startup] Конфиг и БД инициализированы, Leader-ID 1018880781 гарантирован
2025-07-16 13:13:30,561 [INFO] [aiogram.dispatcher:566] Start polling
2025-07-16 13:13:31,719 [INFO] [aiogram.dispatcher:363] Run polling for bot @masbot12_bot id=7637424219 - 'masterbot12'
2025-07-16 13:13:49,538 [DEBUG] [aiosqlite:104] executing <function connect.<locals>.connector at 0x0000021C617945E0>
2025-07-16 13:13:49,539 [DEBUG] [aiosqlite:106] operation <function connect.<locals>.connector at 0x0000021C617945E0> completed
2025-07-16 13:13:49,540 [DEBUG] [aiosqlite:104] executing functools.partial(<built-in method execute of sqlite3.Connection object at 0x0000021C616E7F10>, 'SELECT first_name, last_name, role FROM users WHERE user_id = ?', (1018880781,))
2025-07-16 13:13:49,541 [DEBUG] [aiosqlite:106] operation functools.partial(<built-in method execute of sqlite3.Connection object at 0x0000021C616E7F10>, 'SELECT first_name, last_name, role FROM users WHERE user_id = ?', (1018880781,)) completed
2025-07-16 13:13:49,542 [DEBUG] [aiosqlite:104] executing functools.partial(<built-in method fetchone of sqlite3.Cursor object at 0x0000021C6178F5C0>)
2025-07-16 13:13:49,542 [DEBUG] [aiosqlite:106] operation functools.partial(<built-in method fetchone of sqlite3.Cursor object at 0x0000021C6178F5C0>) completed
2025-07-16 13:13:49,543 [DEBUG] [aiosqlite:104] executing functools.partial(<built-in method close of sqlite3.Connection object at 0x0000021C616E7F10>)
2025-07-16 13:13:49,544 [DEBUG] [aiosqlite:106] operation functools.partial(<built-in method close of sqlite3.Connection object at 0x0000021C616E7F10>) completed
2025-07-16 13:13:49,782 [INFO] [aiogram.event:172] Update id=861001271 is handled. Duration 244 ms by bot id=7637424219
2025-07-16 13:13:51,789 [DEBUG] [aiosqlite:104] executing <function connect.<locals>.connector at 0x0000021C617945E0>
2025-07-16 13:13:51,791 [DEBUG] [aiosqlite:106] operation <function connect.<locals>.connector at 0x0000021C617945E0> completed
2025-07-16 13:13:51,791 [DEBUG] [aiosqlite:104] executing functools.partial(<built-in method execute of sqlite3.Connection object at 0x0000021C617B4310>, 'SELECT first_name, last_name, role FROM users WHERE user_id = ?', (1018880781,))
2025-07-16 13:13:51,793 [DEBUG] [aiosqlite:106] operation functools.partial(<built-in method execute of sqlite3.Connection object at 0x0000021C617B4310>, 'SELECT first_name, last_name, role FROM users WHERE user_id = ?', (1018880781,)) completed
2025-07-16 13:13:51,793 [DEBUG] [aiosqlite:104] executing functools.partial(<built-in method fetchone of sqlite3.Cursor object at 0x0000021C617BD740>)
2025-07-16 13:13:51,794 [DEBUG] [aiosqlite:106] operation functools.partial(<built-in method fetchone of sqlite3.Cursor object at 0x0000021C617BD740>) completed
2025-07-16 13:13:51,794 [DEBUG] [aiosqlite:104] executing functools.partial(<built-in method close of sqlite3.Connection object at 0x0000021C617B4310>)
2025-07-16 13:13:51,795 [DEBUG] [aiosqlite:106] operation functools.partial(<built-in method close of sqlite3.Connection object at 0x0000021C617B4310>) completed
2025-07-16 13:13:59,591 [DEBUG] [aiosqlite:104] executing <function connect.<locals>.connector at 0x0000021C61794180>
2025-07-16 13:13:59,592 [DEBUG] [aiosqlite:106] operation <function connect.<locals>.connector at 0x0000021C61794180> completed
2025-07-16 13:13:59,593 [DEBUG] [aiosqlite:104] executing functools.partial(<built-in method execute of sqlite3.Connection object at 0x0000021C617B4220>, 'SELECT first_name, last_name, role FROM users WHERE user_id = ?', (1018880781,))
2025-07-16 13:13:59,594 [DEBUG] [aiosqlite:106] operation functools.partial(<built-in method execute of sqlite3.Connection object at 0x0000021C617B4220>, 'SELECT first_name, last_name, role FROM users WHERE user_id = ?', (1018880781,)) completed
2025-07-16 13:13:59,595 [DEBUG] [aiosqlite:104] executing functools.partial(<built-in method fetchone of sqlite3.Cursor object at 0x0000021C617BF040>)
2025-07-16 13:13:59,596 [DEBUG] [aiosqlite:106] operation functools.partial(<built-in method fetchone of sqlite3.Cursor object at 0x0000021C617BF040>) completed
2025-07-16 13:13:59,596 [DEBUG] [aiosqlite:104] executing functools.partial(<built-in method close of sqlite3.Connection object at 0x0000021C617B4220>)
2025-07-16 13:13:59,597 [DEBUG] [aiosqlite:106] operation functools.partial(<built-in method close of sqlite3.Connection object at 0x0000021C617B4220>) completed
2025-07-16 13:14:04,961 [INFO] [aiogram.event:172] Update id=861001272 is handled. Duration 13249 ms by bot id=7637424219
2025-07-16 13:14:07,603 [INFO] [aiogram.event:172] Update id=861001273 is handled. Duration 8013 ms by bot id=7637424219
2025-07-16 13:14:44,160 [DEBUG] [aiosqlite:104] executing <function connect.<locals>.connector at 0x0000021C61795440>
2025-07-16 13:14:44,201 [DEBUG] [aiosqlite:106] operation <function connect.<locals>.connector at 0x0000021C61795440> completed
2025-07-16 13:14:44,205 [DEBUG] [aiosqlite:104] executing functools.partial(<built-in method execute of sqlite3.Connection object at 0x0000021C617B48B0>, 'SELECT first_name, last_name, role FROM users WHERE user_id = ?', (1018880781,))
2025-07-16 13:14:44,212 [DEBUG] [aiosqlite:106] operation functools.partial(<built-in method execute of sqlite3.Connection object at 0x0000021C617B48B0>, 'SELECT first_name, last_name, role FROM users WHERE user_id = ?', (1018880781,)) completed
2025-07-16 13:14:44,223 [DEBUG] [aiosqlite:104] executing functools.partial(<built-in method fetchone of sqlite3.Cursor object at 0x0000021C627B2C40>)
2025-07-16 13:14:44,224 [DEBUG] [aiosqlite:106] operation functools.partial(<built-in method fetchone of sqlite3.Cursor object at 0x0000021C627B2C40>) completed
2025-07-16 13:14:44,226 [DEBUG] [aiosqlite:104] executing functools.partial(<built-in method close of sqlite3.Connection object at 0x0000021C617B48B0>)
2025-07-16 13:14:44,227 [DEBUG] [aiosqlite:106] operation functools.partial(<built-in method close of sqlite3.Connection object at 0x0000021C617B48B0>) completed
2025-07-16 13:14:44,267 [DEBUG] [aiosqlite:104] executing <function connect.<locals>.connector at 0x0000021C59299B20>
2025-07-16 13:14:44,271 [DEBUG] [aiosqlite:106] operation <function connect.<locals>.connector at 0x0000021C59299B20> completed
2025-07-16 13:14:44,276 [DEBUG] [aiosqlite:104] executing functools.partial(<built-in method execute of sqlite3.Connection object at 0x0000021C617B49A0>, 'SELECT first_name, last_name, role FROM users WHERE user_id = ?', (1018880781,))
2025-07-16 13:14:44,281 [DEBUG] [aiosqlite:106] operation functools.partial(<built-in method execute of sqlite3.Connection object at 0x0000021C617B49A0>, 'SELECT first_name, last_name, role FROM users WHERE user_id = ?', (1018880781,)) completed
2025-07-16 13:14:44,282 [DEBUG] [aiosqlite:104] executing functools.partial(<built-in method fetchone of sqlite3.Cursor object at 0x0000021C627B38C0>)
2025-07-16 13:14:44,283 [DEBUG] [aiosqlite:106] operation functools.partial(<built-in method fetchone of sqlite3.Cursor object at 0x0000021C627B38C0>) completed
2025-07-16 13:14:44,285 [DEBUG] [aiosqlite:104] executing functools.partial(<built-in method close of sqlite3.Connection object at 0x0000021C617B49A0>)
2025-07-16 13:14:44,290 [DEBUG] [aiosqlite:106] operation functools.partial(<built-in method close of sqlite3.Connection object at 0x0000021C617B49A0>) completed
2025-07-16 13:14:49,704 [DEBUG] [services.cache:42] [cache] GET svetofor:1018880781:Коллекционер игр failed: Error 22 connecting to localhost:6379. Удаленный компьютер отклонил это сетевое подключение.
2025-07-16 13:14:50,296 [DEBUG] [urllib3.util.retry:286] Converted retries value: 3 -> Retry(total=3, connect=None, read=None, redirect=None, status=None)
2025-07-16 13:14:50,378 [DEBUG] [google.auth.transport.requests:185] Making request: POST https://oauth2.googleapis.com/token
2025-07-16 13:14:50,415 [DEBUG] [urllib3.connectionpool:1049] Starting new HTTPS connection (1): oauth2.googleapis.com:443
2025-07-16 13:14:51,754 [DEBUG] [urllib3.connectionpool:544] https://oauth2.googleapis.com:443 "POST /token HTTP/1.1" 200 None
2025-07-16 13:14:51,766 [DEBUG] [urllib3.connectionpool:1049] Starting new HTTPS connection (1): sheets.googleapis.com:443
2025-07-16 13:14:53,434 [DEBUG] [urllib3.connectionpool:544] https://sheets.googleapis.com:443 "GET /v4/spreadsheets/11wjq2kXi_FHqx1yzzQ8weqr5PngvJpOVu9VQo--hJMI?includeGridData=false HTTP/1.1" 200 None
2025-07-16 13:14:54,111 [DEBUG] [urllib3.connectionpool:544] https://sheets.googleapis.com:443 "GET /v4/spreadsheets/11wjq2kXi_FHqx1yzzQ8weqr5PngvJpOVu9VQo--hJMI?includeGridData=false HTTP/1.1" 200 None
2025-07-16 13:14:54,913 [INFO] [googleapiclient.discovery_cache:49] file_cache is only supported with oauth2client<4.0.0
2025-07-16 13:14:56,549 [DEBUG] [googleapiclient.discovery:1258] URL being requested: GET https://sheets.googleapis.com/v4/spreadsheets/11wjq2kXi_FHqx1yzzQ8weqr5PngvJpOVu9VQo--hJMI?includeGridData=true&alt=json
2025-07-16 13:15:07,141 [DEBUG] [services.cache:51] [cache] SET svetofor:1018880781:Коллекционер игр failed: Error 22 connecting to localhost:6379. Удаленный компьютер отклонил это сетевое подключение.
2025-07-16 13:15:11,442 [DEBUG] [services.cache:42] [cache] GET svetofor:1018880781:Петля времени failed: Error 22 connecting to localhost:6379. Удаленный компьютер отклонил это сетевое подключение.
2025-07-16 13:15:15,883 [DEBUG] [services.cache:51] [cache] SET svetofor:1018880781:Петля времени failed: Error 22 connecting to localhost:6379. Удаленный компьютер отклонил это сетевое подключение.
2025-07-16 13:15:20,860 [INFO] [aiogram.event:172] Update id=861001274 is handled. Duration 36701 ms by bot id=7637424219
2025-07-16 13:22:25,506 [INFO] [aiogram.event:172] Update id=861001275 is handled. Duration 0 ms by bot id=7637424219
2025-07-16 13:22:28,477 [DEBUG] [aiosqlite:104] executing <function connect.<locals>.connector at 0x0000021C61795760>
2025-07-16 13:22:28,511 [DEBUG] [aiosqlite:106] operation <function connect.<locals>.connector at 0x0000021C61795760> completed
2025-07-16 13:22:28,512 [DEBUG] [aiosqlite:104] executing functools.partial(<built-in method execute of sqlite3.Connection object at 0x0000021C617B4C70>, 'SELECT first_name, last_name, role FROM users WHERE user_id = ?', (625280877,))
2025-07-16 13:22:28,514 [DEBUG] [aiosqlite:106] operation functools.partial(<built-in method execute of sqlite3.Connection object at 0x0000021C617B4C70>, 'SELECT first_name, last_name, role FROM users WHERE user_id = ?', (625280877,)) completed
2025-07-16 13:22:28,515 [DEBUG] [aiosqlite:104] executing functools.partial(<built-in method fetchone of sqlite3.Cursor object at 0x0000021C6347F8C0>)
2025-07-16 13:22:28,515 [DEBUG] [aiosqlite:106] operation functools.partial(<built-in method fetchone of sqlite3.Cursor object at 0x0000021C6347F8C0>) completed
2025-07-16 13:22:28,516 [DEBUG] [aiosqlite:104] executing functools.partial(<built-in method close of sqlite3.Connection object at 0x0000021C617B4C70>)
2025-07-16 13:22:28,517 [DEBUG] [aiosqlite:106] operation functools.partial(<built-in method close of sqlite3.Connection object at 0x0000021C617B4C70>) completed
2025-07-16 13:22:28,518 [DEBUG] [aiosqlite:104] executing <function connect.<locals>.connector at 0x0000021C617532E0>
2025-07-16 13:22:28,521 [DEBUG] [aiosqlite:106] operation <function connect.<locals>.connector at 0x0000021C617532E0> completed
2025-07-16 13:22:28,521 [DEBUG] [aiosqlite:104] executing functools.partial(<built-in method execute of sqlite3.Connection object at 0x0000021C617B65C0>, 'SELECT first_name, last_name, role FROM users WHERE user_id = ?', (1018880781,))
2025-07-16 13:22:28,523 [DEBUG] [aiosqlite:106] operation functools.partial(<built-in method execute of sqlite3.Connection object at 0x0000021C617B65C0>, 'SELECT first_name, last_name, role FROM users WHERE user_id = ?', (1018880781,)) completed
2025-07-16 13:22:28,524 [DEBUG] [aiosqlite:104] executing functools.partial(<built-in method fetchone of sqlite3.Cursor object at 0x0000021C6347F840>)
2025-07-16 13:22:28,524 [DEBUG] [aiosqlite:106] operation functools.partial(<built-in method fetchone of sqlite3.Cursor object at 0x0000021C6347F840>) completed
2025-07-16 13:22:28,525 [DEBUG] [aiosqlite:104] executing functools.partial(<built-in method close of sqlite3.Connection object at 0x0000021C617B65C0>)
2025-07-16 13:22:28,526 [DEBUG] [aiosqlite:106] operation functools.partial(<built-in method close of sqlite3.Connection object at 0x0000021C617B65C0>) completed
2025-07-16 13:22:32,620 [DEBUG] [services.cache:42] [cache] GET svetofor:625280877:Петля времени failed: Error 22 connecting to localhost:6379. Удаленный компьютер отклонил это сетевое подключение.
2025-07-16 13:22:37,009 [DEBUG] [services.cache:51] [cache] SET svetofor:625280877:Петля времени failed: Error 22 connecting to localhost:6379. Удаленный компьютер отклонил это сетевое подключение.
2025-07-16 13:22:41,113 [DEBUG] [services.cache:42] [cache] GET svetofor:625280877:Кланы Нью-Йорка failed: Error 22 connecting to localhost:6379. Удаленный компьютер отклонил это сетевое подключение.
2025-07-16 13:22:45,406 [DEBUG] [services.cache:51] [cache] SET svetofor:625280877:Кланы Нью-Йорка failed: Error 22 connecting to localhost:6379. Удаленный компьютер отклонил это сетевое подключение.
2025-07-16 13:22:49,417 [DEBUG] [services.cache:42] [cache] GET svetofor:1018880781:Коллекционер игр failed: Error 22 connecting to localhost:6379. Удаленный компьютер отклонил это сетевое подключение.
2025-07-16 13:22:53,424 [DEBUG] [services.cache:51] [cache] SET svetofor:1018880781:Коллекционер игр failed: Error 22 connecting to localhost:6379. Удаленный компьютер отклонил это сетевое подключение.
2025-07-16 13:22:57,613 [DEBUG] [services.cache:42] [cache] GET svetofor:625280877:Коллекционер игр failed: Error 22 connecting to localhost:6379. Удаленный компьютер отклонил это сетевое подключение.
2025-07-16 13:23:01,620 [DEBUG] [services.cache:51] [cache] SET svetofor:625280877:Коллекционер игр failed: Error 22 connecting to localhost:6379. Удаленный компьютер отклонил это сетевое подключение.
2025-07-16 13:23:06,152 [DEBUG] [services.cache:42] [cache] GET svetofor:1018880781:Петля времени failed: Error 22 connecting to localhost:6379. Удаленный компьютер отклонил это сетевое подключение.
2025-07-16 13:23:10,512 [DEBUG] [services.cache:51] [cache] SET svetofor:1018880781:Петля времени failed: Error 22 connecting to localhost:6379. Удаленный компьютер отклонил это сетевое подключение.
2025-07-16 13:23:10,680 [INFO] [aiogram.event:172] Update id=861001276 is handled. Duration 42204 ms by bot id=7637424219
2025-07-16 13:37:18,178 [DEBUG] [services.cache:42] [cache] GET svetofor:1018880781:Хранители Волшебства failed: Error 22 connecting to localhost:6379. Удаленный компьютер отклонил это сетевое подключение.
2025-07-16 13:37:22,300 [DEBUG] [services.cache:51] [cache] SET svetofor:1018880781:Хранители Волшебства failed: Error 22 connecting to localhost:6379. Удаленный компьютер отклонил это сетевое подключение.
2025-07-16 13:37:26,368 [DEBUG] [services.cache:42] [cache] GET svetofor:1018880781:Хранители Волшебства failed: Error 22 connecting to localhost:6379. Удаленный компьютер отклонил это сетевое подключение.
2025-07-16 13:37:30,448 [DEBUG] [services.cache:51] [cache] SET svetofor:1018880781:Хранители Волшебства failed: Error 22 connecting to localhost:6379. Удаленный компьютер отклонил это сетевое подключение.
2025-07-16 13:37:32,798 [DEBUG] [aiosqlite:104] executing <function connect.<locals>.connector at 0x0000021C61795760>
2025-07-16 13:37:33,500 [DEBUG] [aiosqlite:106] operation <function connect.<locals>.connector at 0x0000021C61795760> completed
2025-07-16 13:37:33,828 [DEBUG] [aiosqlite:104] executing functools.partial(<built-in method execute of sqlite3.Connection object at 0x0000021C617B67A0>, 'SELECT first_name, last_name, role FROM users WHERE user_id = ?', (1018880781,))
2025-07-16 13:37:33,930 [DEBUG] [aiosqlite:106] operation functools.partial(<built-in method execute of sqlite3.Connection object at 0x0000021C617B67A0>, 'SELECT first_name, last_name, role FROM users WHERE user_id = ?', (1018880781,)) completed
2025-07-16 13:37:33,941 [DEBUG] [aiosqlite:104] executing functools.partial(<built-in method fetchone of sqlite3.Cursor object at 0x0000021C634A9AC0>)
2025-07-16 13:37:33,964 [DEBUG] [aiosqlite:106] operation functools.partial(<built-in method fetchone of sqlite3.Cursor object at 0x0000021C634A9AC0>) completed
2025-07-16 13:37:34,018 [DEBUG] [aiosqlite:104] executing functools.partial(<built-in method close of sqlite3.Connection object at 0x0000021C617B67A0>)
2025-07-16 13:37:34,031 [DEBUG] [aiosqlite:106] operation functools.partial(<built-in method close of sqlite3.Connection object at 0x0000021C617B67A0>) completed
2025-07-16 13:37:36,903 [DEBUG] [services.cache:42] [cache] GET svetofor:1018880781:Хранители Волшебства failed: Error 22 connecting to localhost:6379. Удаленный компьютер отклонил это сетевое подключение.
2025-07-16 13:37:37,106 [INFO] [aiogram.event:172] Update id=861001278 is handled. Duration 5944 ms by bot id=7637424219
2025-07-16 13:37:40,931 [DEBUG] [services.cache:51] [cache] SET svetofor:1018880781:Хранители Волшебства failed: Error 22 connecting to localhost:6379. Удаленный компьютер отклонил это сетевое подключение.
2025-07-16 13:37:44,943 [DEBUG] [services.cache:42] [cache] GET svetofor:1018880781:Хранители Волшебства failed: Error 22 connecting to localhost:6379. Удаленный компьютер отклонил это сетевое подключение.
2025-07-16 13:37:48,953 [DEBUG] [services.cache:51] [cache] SET svetofor:1018880781:Хранители Волшебства failed: Error 22 connecting to localhost:6379. Удаленный компьютер отклонил это сетевое подключение.
2025-07-16 13:37:52,963 [DEBUG] [services.cache:42] [cache] GET svetofor:1018880781:Хранители Волшебства failed: Error 22 connecting to localhost:6379. Удаленный компьютер отклонил это сетевое подключение.
2025-07-16 13:37:57,069 [DEBUG] [services.cache:51] [cache] SET svetofor:1018880781:Хранители Волшебства failed: Error 22 connecting to localhost:6379. Удаленный компьютер отклонил это сетевое подключение.
2025-07-16 13:38:01,112 [DEBUG] [services.cache:42] [cache] GET svetofor:1018880781:Хранители Волшебства failed: Error 22 connecting to localhost:6379. Удаленный компьютер отклонил это сетевое подключение.
2025-07-16 13:38:05,121 [DEBUG] [services.cache:51] [cache] SET svetofor:1018880781:Хранители Волшебства failed: Error 22 connecting to localhost:6379. Удаленный компьютер отклонил это сетевое подключение.
2025-07-16 13:38:09,631 [DEBUG] [services.cache:42] [cache] GET svetofor:1018880781:Хранители Волшебства failed: Error 22 connecting to localhost:6379. Удаленный компьютер отклонил это сетевое подключение.
2025-07-16 13:38:13,754 [DEBUG] [services.cache:51] [cache] SET svetofor:1018880781:Хранители Волшебства failed: Error 22 connecting to localhost:6379. Удаленный компьютер отклонил это сетевое подключение.
2025-07-16 13:38:14,580 [ERROR] [handlers.poll_details:208] [details] show_deal: Telegram server says - Bad Request: query is too old and response timeout expired or query ID is invalid
Traceback (most recent call last):
  File "C:\Users\DELL\Desktop\gpt\Masterbot1\handlers\poll_details.py", line 206, in show_deal_callback_handler
    await callback.answer()
  File "C:\Users\DELL\AppData\Local\Programs\Python\Python313\Lib\site-packages\aiogram\methods\base.py", line 84, in emit
    return await bot(self)
           ^^^^^^^^^^^^^^^
  File "C:\Users\DELL\AppData\Local\Programs\Python\Python313\Lib\site-packages\aiogram\client\bot.py", line 478, in __call__
    return await self.session(self, method, timeout=request_timeout)
           ^^^^^^^^^^^^^^^^^^^^^^^^^^^^^^^^^^^^^^^^^^^^^^^^^^^^^^^^^
  File "C:\Users\DELL\AppData\Local\Programs\Python\Python313\Lib\site-packages\aiogram\client\session\base.py", line 254, in __call__
    return cast(TelegramType, await middleware(bot, method))
                              ^^^^^^^^^^^^^^^^^^^^^^^^^^^^^
  File "C:\Users\DELL\AppData\Local\Programs\Python\Python313\Lib\site-packages\aiogram\client\session\aiohttp.py", line 185, in make_request
    response = self.check_response(
        bot=bot, method=method, status_code=resp.status, content=raw_result
    )
  File "C:\Users\DELL\AppData\Local\Programs\Python\Python313\Lib\site-packages\aiogram\client\session\base.py", line 120, in check_response
    raise TelegramBadRequest(method=method, message=description)
aiogram.exceptions.TelegramBadRequest: Telegram server says - Bad Request: query is too old and response timeout expired or query ID is invalid
2025-07-16 13:38:29,661 [INFO] [aiogram.event:172] Update id=861001277 is not handled. Duration 79123 ms by bot id=7637424219
2025-07-16 13:38:29,662 [ERROR] [aiogram.event:315] Cause exception while process update id=861001277 by bot id=7637424219
TelegramBadRequest: Telegram server says - Bad Request: query is too old and response timeout expired or query ID is invalid
Traceback (most recent call last):
  File "C:\Users\DELL\Desktop\gpt\Masterbot1\handlers\poll_details.py", line 206, in show_deal_callback_handler
    await callback.answer()
  File "C:\Users\DELL\AppData\Local\Programs\Python\Python313\Lib\site-packages\aiogram\methods\base.py", line 84, in emit
    return await bot(self)
           ^^^^^^^^^^^^^^^
  File "C:\Users\DELL\AppData\Local\Programs\Python\Python313\Lib\site-packages\aiogram\client\bot.py", line 478, in __call__
    return await self.session(self, method, timeout=request_timeout)
           ^^^^^^^^^^^^^^^^^^^^^^^^^^^^^^^^^^^^^^^^^^^^^^^^^^^^^^^^^
  File "C:\Users\DELL\AppData\Local\Programs\Python\Python313\Lib\site-packages\aiogram\client\session\base.py", line 254, in __call__
    return cast(TelegramType, await middleware(bot, method))
                              ^^^^^^^^^^^^^^^^^^^^^^^^^^^^^
  File "C:\Users\DELL\AppData\Local\Programs\Python\Python313\Lib\site-packages\aiogram\client\session\aiohttp.py", line 185, in make_request
    response = self.check_response(
        bot=bot, method=method, status_code=resp.status, content=raw_result
    )
  File "C:\Users\DELL\AppData\Local\Programs\Python\Python313\Lib\site-packages\aiogram\client\session\base.py", line 120, in check_response
    raise TelegramBadRequest(method=method, message=description)
aiogram.exceptions.TelegramBadRequest: Telegram server says - Bad Request: query is too old and response timeout expired or query ID is invalid

During handling of the above exception, another exception occurred:

Traceback (most recent call last):
  File "C:\Users\DELL\AppData\Local\Programs\Python\Python313\Lib\site-packages\aiogram\dispatcher\dispatcher.py", line 309, in _process_update
    response = await self.feed_update(bot, update, **kwargs)
               ^^^^^^^^^^^^^^^^^^^^^^^^^^^^^^^^^^^^^^^^^^^^^
  File "C:\Users\DELL\AppData\Local\Programs\Python\Python313\Lib\site-packages\aiogram\dispatcher\dispatcher.py", line 158, in feed_update
    response = await self.update.wrap_outer_middleware(
               ^^^^^^^^^^^^^^^^^^^^^^^^^^^^^^^^^^^^^^^^
    ...<7 lines>...
    )
    ^
  File "C:\Users\DELL\AppData\Local\Programs\Python\Python313\Lib\site-packages\aiogram\dispatcher\middlewares\error.py", line 25, in __call__
    return await handler(event, data)
           ^^^^^^^^^^^^^^^^^^^^^^^^^^
  File "C:\Users\DELL\AppData\Local\Programs\Python\Python313\Lib\site-packages\aiogram\dispatcher\middlewares\user_context.py", line 56, in __call__
    return await handler(event, data)
           ^^^^^^^^^^^^^^^^^^^^^^^^^^
  File "C:\Users\DELL\AppData\Local\Programs\Python\Python313\Lib\site-packages\aiogram\fsm\middleware.py", line 42, in __call__
    return await handler(event, data)
           ^^^^^^^^^^^^^^^^^^^^^^^^^^
  File "C:\Users\DELL\AppData\Local\Programs\Python\Python313\Lib\site-packages\aiogram\dispatcher\event\telegram.py", line 121, in trigger
    return await wrapped_inner(event, kwargs)
           ^^^^^^^^^^^^^^^^^^^^^^^^^^^^^^^^^^
  File "C:\Users\DELL\AppData\Local\Programs\Python\Python313\Lib\site-packages\aiogram\dispatcher\event\handler.py", line 43, in call
    return await wrapped()
           ^^^^^^^^^^^^^^^
  File "C:\Users\DELL\AppData\Local\Programs\Python\Python313\Lib\site-packages\aiogram\dispatcher\dispatcher.py", line 276, in _listen_update
    return await self.propagate_event(update_type=update_type, event=event, **kwargs)
           ^^^^^^^^^^^^^^^^^^^^^^^^^^^^^^^^^^^^^^^^^^^^^^^^^^^^^^^^^^^^^^^^^^^^^^^^^^
  File "C:\Users\DELL\AppData\Local\Programs\Python\Python313\Lib\site-packages\aiogram\dispatcher\router.py", line 146, in propagate_event
    return await observer.wrap_outer_middleware(_wrapped, event=event, data=kwargs)
           ^^^^^^^^^^^^^^^^^^^^^^^^^^^^^^^^^^^^^^^^^^^^^^^^^^^^^^^^^^^^^^^^^^^^^^^^
  File "C:\Users\DELL\AppData\Local\Programs\Python\Python313\Lib\site-packages\aiogram\dispatcher\router.py", line 141, in _wrapped
    return await self._propagate_event(
           ^^^^^^^^^^^^^^^^^^^^^^^^^^^^
        observer=observer, update_type=update_type, event=telegram_event, **data
        ^^^^^^^^^^^^^^^^^^^^^^^^^^^^^^^^^^^^^^^^^^^^^^^^^^^^^^^^^^^^^^^^^^^^^^^^
    )
    ^
  File "C:\Users\DELL\AppData\Local\Programs\Python\Python313\Lib\site-packages\aiogram\dispatcher\router.py", line 174, in _propagate_event
    response = await router.propagate_event(update_type=update_type, event=event, **kwargs)
               ^^^^^^^^^^^^^^^^^^^^^^^^^^^^^^^^^^^^^^^^^^^^^^^^^^^^^^^^^^^^^^^^^^^^^^^^^^^^
  File "C:\Users\DELL\AppData\Local\Programs\Python\Python313\Lib\site-packages\aiogram\dispatcher\router.py", line 146, in propagate_event
    return await observer.wrap_outer_middleware(_wrapped, event=event, data=kwargs)
           ^^^^^^^^^^^^^^^^^^^^^^^^^^^^^^^^^^^^^^^^^^^^^^^^^^^^^^^^^^^^^^^^^^^^^^^^
  File "C:\Users\DELL\AppData\Local\Programs\Python\Python313\Lib\site-packages\aiogram\dispatcher\router.py", line 141, in _wrapped
    return await self._propagate_event(
           ^^^^^^^^^^^^^^^^^^^^^^^^^^^^
        observer=observer, update_type=update_type, event=telegram_event, **data
        ^^^^^^^^^^^^^^^^^^^^^^^^^^^^^^^^^^^^^^^^^^^^^^^^^^^^^^^^^^^^^^^^^^^^^^^^
    )
    ^
  File "C:\Users\DELL\AppData\Local\Programs\Python\Python313\Lib\site-packages\aiogram\dispatcher\router.py", line 166, in _propagate_event
    response = await observer.trigger(event, **kwargs)
               ^^^^^^^^^^^^^^^^^^^^^^^^^^^^^^^^^^^^^^^
  File "C:\Users\DELL\AppData\Local\Programs\Python\Python313\Lib\site-packages\aiogram\dispatcher\event\telegram.py", line 121, in trigger
    return await wrapped_inner(event, kwargs)
           ^^^^^^^^^^^^^^^^^^^^^^^^^^^^^^^^^^
  File "C:\Users\DELL\AppData\Local\Programs\Python\Python313\Lib\site-packages\aiogram\dispatcher\event\handler.py", line 43, in call
    return await wrapped()
           ^^^^^^^^^^^^^^^
  File "C:\Users\DELL\Desktop\gpt\Masterbot1\handlers\poll_details.py", line 210, in show_deal_callback_handler
    await callback.answer("⚠️ Ошибка.", show_alert=True)
  File "C:\Users\DELL\AppData\Local\Programs\Python\Python313\Lib\site-packages\aiogram\methods\base.py", line 84, in emit
    return await bot(self)
           ^^^^^^^^^^^^^^^
  File "C:\Users\DELL\AppData\Local\Programs\Python\Python313\Lib\site-packages\aiogram\client\bot.py", line 478, in __call__
    return await self.session(self, method, timeout=request_timeout)
           ^^^^^^^^^^^^^^^^^^^^^^^^^^^^^^^^^^^^^^^^^^^^^^^^^^^^^^^^^
  File "C:\Users\DELL\AppData\Local\Programs\Python\Python313\Lib\site-packages\aiogram\client\session\base.py", line 254, in __call__
    return cast(TelegramType, await middleware(bot, method))
                              ^^^^^^^^^^^^^^^^^^^^^^^^^^^^^
  File "C:\Users\DELL\AppData\Local\Programs\Python\Python313\Lib\site-packages\aiogram\client\session\aiohttp.py", line 185, in make_request
    response = self.check_response(
        bot=bot, method=method, status_code=resp.status, content=raw_result
    )
  File "C:\Users\DELL\AppData\Local\Programs\Python\Python313\Lib\site-packages\aiogram\client\session\base.py", line 120, in check_response
    raise TelegramBadRequest(method=method, message=description)
aiogram.exceptions.TelegramBadRequest: Telegram server says - Bad Request: query is too old and response timeout expired or query ID is invalid
2025-07-16 13:47:14,439 [DEBUG] [asyncio:631] Using proactor: IocpProactor
2025-07-16 13:47:15,452 [INFO] [apscheduler.scheduler:214] Scheduler started
2025-07-16 13:47:15,481 [INFO] [__main__:125] Bot starting… version MasterBot 12.92-refactor
2025-07-16 13:47:15,692 [INFO] [__main__:65] [startup] admin_chat_id загружен: -4738242986
2025-07-16 13:47:15,813 [DEBUG] [aiosqlite:104] executing <function connect.<locals>.connector at 0x0000016B30573100>
2025-07-16 13:47:15,815 [DEBUG] [apscheduler.scheduler:1151] Looking for jobs to run
2025-07-16 13:47:15,833 [DEBUG] [apscheduler.scheduler:1252] No jobs; waiting until a job is added
2025-07-16 13:47:16,124 [DEBUG] [aiosqlite:106] operation <function connect.<locals>.connector at 0x0000016B30573100> completed
2025-07-16 13:47:16,126 [DEBUG] [aiosqlite:104] executing functools.partial(<built-in method execute of sqlite3.Connection object at 0x0000016B30507A60>, '\nCREATE TABLE IF NOT EXISTS users (\n    user_id         INTEGER PRIMARY KEY,\n    first_name      TEXT,\n    last_name       TEXT,\n    role            TEXT,\n    scenario_access TEXT,\n    updated_at      TIMESTAMP DEFAULT CURRENT_TIMESTAMP\n);\n', [])
2025-07-16 13:47:16,192 [DEBUG] [aiosqlite:106] operation functools.partial(<built-in method execute of sqlite3.Connection object at 0x0000016B30507A60>, '\nCREATE TABLE IF NOT EXISTS users (\n    user_id         INTEGER PRIMARY KEY,\n    first_name      TEXT,\n    last_name       TEXT,\n    role            TEXT,\n    scenario_access TEXT,\n    updated_at      TIMESTAMP DEFAULT CURRENT_TIMESTAMP\n);\n', []) completed
2025-07-16 13:47:16,194 [DEBUG] [aiosqlite:104] executing functools.partial(<built-in method execute of sqlite3.Connection object at 0x0000016B30507A60>, "INSERT OR IGNORE INTO users(user_id, role) VALUES (?, 'руководитель')", (1018880781,))
2025-07-16 13:47:16,195 [DEBUG] [aiosqlite:106] operation functools.partial(<built-in method execute of sqlite3.Connection object at 0x0000016B30507A60>, "INSERT OR IGNORE INTO users(user_id, role) VALUES (?, 'руководитель')", (1018880781,)) completed
2025-07-16 13:47:16,196 [DEBUG] [aiosqlite:104] executing functools.partial(<built-in method commit of sqlite3.Connection object at 0x0000016B30507A60>)
2025-07-16 13:47:16,196 [DEBUG] [aiosqlite:106] operation functools.partial(<built-in method commit of sqlite3.Connection object at 0x0000016B30507A60>) completed
2025-07-16 13:47:16,197 [DEBUG] [aiosqlite:104] executing functools.partial(<built-in method close of sqlite3.Connection object at 0x0000016B30507A60>)
2025-07-16 13:47:16,198 [DEBUG] [aiosqlite:106] operation functools.partial(<built-in method close of sqlite3.Connection object at 0x0000016B30507A60>) completed
2025-07-16 13:47:16,199 [INFO] [__main__:73] [startup] Конфиг и БД инициализированы, Leader-ID 1018880781 гарантирован
2025-07-16 13:47:16,200 [INFO] [aiogram.dispatcher:566] Start polling
2025-07-16 13:47:16,791 [INFO] [aiogram.dispatcher:363] Run polling for bot @masbot12_bot id=7637424219 - 'masterbot12'
2025-07-16 13:47:32,292 [DEBUG] [aiosqlite:104] executing <function connect.<locals>.connector at 0x0000016B305B0720>
2025-07-16 13:47:32,295 [DEBUG] [aiosqlite:106] operation <function connect.<locals>.connector at 0x0000016B305B0720> completed
2025-07-16 13:47:32,296 [DEBUG] [aiosqlite:104] executing functools.partial(<built-in method execute of sqlite3.Connection object at 0x0000016B305D8040>, 'SELECT first_name, last_name, role FROM users WHERE user_id = ?', (1018880781,))
2025-07-16 13:47:32,299 [DEBUG] [aiosqlite:106] operation functools.partial(<built-in method execute of sqlite3.Connection object at 0x0000016B305D8040>, 'SELECT first_name, last_name, role FROM users WHERE user_id = ?', (1018880781,)) completed
2025-07-16 13:47:32,301 [DEBUG] [aiosqlite:104] executing functools.partial(<built-in method fetchone of sqlite3.Cursor object at 0x0000016B305BDAC0>)
2025-07-16 13:47:32,303 [DEBUG] [aiosqlite:106] operation functools.partial(<built-in method fetchone of sqlite3.Cursor object at 0x0000016B305BDAC0>) completed
2025-07-16 13:47:32,383 [DEBUG] [aiosqlite:104] executing functools.partial(<built-in method close of sqlite3.Connection object at 0x0000016B305D8040>)
2025-07-16 13:47:32,385 [DEBUG] [aiosqlite:106] operation functools.partial(<built-in method close of sqlite3.Connection object at 0x0000016B305D8040>) completed
2025-07-16 13:47:32,774 [INFO] [aiogram.event:172] Update id=861001279 is handled. Duration 532 ms by bot id=7637424219
2025-07-16 13:47:34,744 [DEBUG] [aiosqlite:104] executing <function connect.<locals>.connector at 0x0000016B305B0720>
2025-07-16 13:47:34,746 [DEBUG] [aiosqlite:106] operation <function connect.<locals>.connector at 0x0000016B305B0720> completed
2025-07-16 13:47:34,748 [DEBUG] [aiosqlite:104] executing functools.partial(<built-in method execute of sqlite3.Connection object at 0x0000016B305E4400>, 'SELECT first_name, last_name, role FROM users WHERE user_id = ?', (1018880781,))
2025-07-16 13:47:34,750 [DEBUG] [aiosqlite:106] operation functools.partial(<built-in method execute of sqlite3.Connection object at 0x0000016B305E4400>, 'SELECT first_name, last_name, role FROM users WHERE user_id = ?', (1018880781,)) completed
2025-07-16 13:47:34,752 [DEBUG] [aiosqlite:104] executing functools.partial(<built-in method fetchone of sqlite3.Cursor object at 0x0000016B305E9540>)
2025-07-16 13:47:34,753 [DEBUG] [aiosqlite:106] operation functools.partial(<built-in method fetchone of sqlite3.Cursor object at 0x0000016B305E9540>) completed
2025-07-16 13:47:34,755 [DEBUG] [aiosqlite:104] executing functools.partial(<built-in method close of sqlite3.Connection object at 0x0000016B305E4400>)
2025-07-16 13:47:34,756 [DEBUG] [aiosqlite:106] operation functools.partial(<built-in method close of sqlite3.Connection object at 0x0000016B305E4400>) completed
2025-07-16 13:47:37,826 [INFO] [aiogram.event:172] Update id=861001280 is handled. Duration 3085 ms by bot id=7637424219
2025-07-16 13:47:40,531 [INFO] [aiogram.event:172] Update id=861001281 is handled. Duration 855 ms by bot id=7637424219
2025-07-16 13:51:37,150 [INFO] [aiogram.event:172] Update id=861001282 is handled. Duration 0 ms by bot id=7637424219
2025-07-16 13:51:41,299 [INFO] [aiogram.event:172] Update id=861001283 is handled. Duration 0 ms by bot id=7637424219
2025-07-16 13:51:46,326 [DEBUG] [aiosqlite:104] executing <function connect.<locals>.connector at 0x0000016B305B0720>
2025-07-16 13:51:46,333 [DEBUG] [aiosqlite:106] operation <function connect.<locals>.connector at 0x0000016B305B0720> completed
2025-07-16 13:51:46,342 [DEBUG] [aiosqlite:104] executing functools.partial(<built-in method execute of sqlite3.Connection object at 0x0000016B305E4310>, 'SELECT first_name, last_name, role FROM users WHERE user_id = ?', (5073681134,))
2025-07-16 13:51:46,353 [DEBUG] [aiosqlite:106] operation functools.partial(<built-in method execute of sqlite3.Connection object at 0x0000016B305E4310>, 'SELECT first_name, last_name, role FROM users WHERE user_id = ?', (5073681134,)) completed
2025-07-16 13:51:46,360 [DEBUG] [aiosqlite:104] executing functools.partial(<built-in method fetchone of sqlite3.Cursor object at 0x0000016B315EA940>)
2025-07-16 13:51:46,362 [DEBUG] [aiosqlite:106] operation functools.partial(<built-in method fetchone of sqlite3.Cursor object at 0x0000016B315EA940>) completed
2025-07-16 13:51:46,363 [DEBUG] [aiosqlite:104] executing functools.partial(<built-in method close of sqlite3.Connection object at 0x0000016B305E4310>)
2025-07-16 13:51:46,366 [DEBUG] [aiosqlite:106] operation functools.partial(<built-in method close of sqlite3.Connection object at 0x0000016B305E4310>) completed
2025-07-16 13:51:51,077 [DEBUG] [services.cache:42] [cache] GET svetofor:5073681134:Хранители Волшебства failed: Error 22 connecting to localhost:6379. Удаленный компьютер отклонил это сетевое подключение.
2025-07-16 13:51:51,094 [DEBUG] [urllib3.util.retry:286] Converted retries value: 3 -> Retry(total=3, connect=None, read=None, redirect=None, status=None)
2025-07-16 13:51:51,156 [DEBUG] [google.auth.transport.requests:185] Making request: POST https://oauth2.googleapis.com/token
2025-07-16 13:51:51,172 [DEBUG] [urllib3.connectionpool:1049] Starting new HTTPS connection (1): oauth2.googleapis.com:443
2025-07-16 13:51:51,349 [DEBUG] [urllib3.connectionpool:544] https://oauth2.googleapis.com:443 "POST /token HTTP/1.1" 200 None
2025-07-16 13:51:51,370 [DEBUG] [urllib3.connectionpool:1049] Starting new HTTPS connection (1): sheets.googleapis.com:443
2025-07-16 13:51:53,048 [DEBUG] [urllib3.connectionpool:544] https://sheets.googleapis.com:443 "GET /v4/spreadsheets/11wjq2kXi_FHqx1yzzQ8weqr5PngvJpOVu9VQo--hJMI?includeGridData=false HTTP/1.1" 200 None
2025-07-16 13:51:53,881 [DEBUG] [urllib3.connectionpool:544] https://sheets.googleapis.com:443 "GET /v4/spreadsheets/11wjq2kXi_FHqx1yzzQ8weqr5PngvJpOVu9VQo--hJMI?includeGridData=false HTTP/1.1" 200 None
2025-07-16 13:51:54,030 [INFO] [googleapiclient.discovery_cache:49] file_cache is only supported with oauth2client<4.0.0
2025-07-16 13:51:55,195 [DEBUG] [googleapiclient.discovery:1258] URL being requested: GET https://sheets.googleapis.com/v4/spreadsheets/11wjq2kXi_FHqx1yzzQ8weqr5PngvJpOVu9VQo--hJMI?includeGridData=true&alt=json
2025-07-16 13:52:01,860 [DEBUG] [services.cache:51] [cache] SET svetofor:5073681134:Хранители Волшебства failed: Error 22 connecting to localhost:6379. Удаленный компьютер отклонил это сетевое подключение.
2025-07-16 13:52:06,467 [DEBUG] [services.cache:42] [cache] GET svetofor:5073681134:Петля времени failed: Error 22 connecting to localhost:6379. Удаленный компьютер отклонил это сетевое подключение.
2025-07-16 13:52:11,138 [DEBUG] [services.cache:51] [cache] SET svetofor:5073681134:Петля времени failed: Error 22 connecting to localhost:6379. Удаленный компьютер отклонил это сетевое подключение.
2025-07-16 13:52:15,362 [DEBUG] [services.cache:42] [cache] GET svetofor:5073681134:Время приключений failed: Error 22 connecting to localhost:6379. Удаленный компьютер отклонил это сетевое подключение.
2025-07-16 13:52:19,371 [DEBUG] [services.cache:51] [cache] SET svetofor:5073681134:Время приключений failed: Error 22 connecting to localhost:6379. Удаленный компьютер отклонил это сетевое подключение.
2025-07-16 13:52:23,384 [DEBUG] [services.cache:42] [cache] GET svetofor:5073681134:Кланы Нью-Йорка failed: Error 22 connecting to localhost:6379. Удаленный компьютер отклонил это сетевое подключение.
2025-07-16 13:52:27,393 [DEBUG] [services.cache:51] [cache] SET svetofor:5073681134:Кланы Нью-Йорка failed: Error 22 connecting to localhost:6379. Удаленный компьютер отклонил это сетевое подключение.
2025-07-16 13:52:31,402 [DEBUG] [services.cache:42] [cache] GET svetofor:5073681134:Коллекционер игр failed: Error 22 connecting to localhost:6379. Удаленный компьютер отклонил это сетевое подключение.
2025-07-16 13:52:35,415 [DEBUG] [services.cache:51] [cache] SET svetofor:5073681134:Коллекционер игр failed: Error 22 connecting to localhost:6379. Удаленный компьютер отклонил это сетевое подключение.
2025-07-16 13:52:39,392 [DEBUG] [aiosqlite:104] executing <function connect.<locals>.connector at 0x0000016B305B0F40>
2025-07-16 13:52:39,393 [DEBUG] [aiosqlite:106] operation <function connect.<locals>.connector at 0x0000016B305B0F40> completed
2025-07-16 13:52:39,394 [DEBUG] [aiosqlite:104] executing functools.partial(<built-in method execute of sqlite3.Connection object at 0x0000016B305E67A0>, 'SELECT first_name, last_name, role FROM users WHERE user_id = ?', (1018880781,))
2025-07-16 13:52:39,395 [DEBUG] [aiosqlite:106] operation functools.partial(<built-in method execute of sqlite3.Connection object at 0x0000016B305E67A0>, 'SELECT first_name, last_name, role FROM users WHERE user_id = ?', (1018880781,)) completed
2025-07-16 13:52:39,395 [DEBUG] [aiosqlite:104] executing functools.partial(<built-in method fetchone of sqlite3.Cursor object at 0x0000016B316A7CC0>)
2025-07-16 13:52:39,396 [DEBUG] [aiosqlite:106] operation functools.partial(<built-in method fetchone of sqlite3.Cursor object at 0x0000016B316A7CC0>) completed
2025-07-16 13:52:39,396 [DEBUG] [aiosqlite:104] executing functools.partial(<built-in method close of sqlite3.Connection object at 0x0000016B305E67A0>)
2025-07-16 13:52:39,397 [DEBUG] [aiosqlite:106] operation functools.partial(<built-in method close of sqlite3.Connection object at 0x0000016B305E67A0>) completed
2025-07-16 13:52:39,398 [DEBUG] [aiosqlite:104] executing <function connect.<locals>.connector at 0x0000016B305B0900>
2025-07-16 13:52:39,398 [DEBUG] [aiosqlite:106] operation <function connect.<locals>.connector at 0x0000016B305B0900> completed
2025-07-16 13:52:39,399 [DEBUG] [aiosqlite:104] executing functools.partial(<built-in method execute of sqlite3.Connection object at 0x0000016B305E45E0>, 'SELECT first_name, last_name, role FROM users WHERE user_id = ?', (1018880781,))
2025-07-16 13:52:39,401 [DEBUG] [aiosqlite:106] operation functools.partial(<built-in method execute of sqlite3.Connection object at 0x0000016B305E45E0>, 'SELECT first_name, last_name, role FROM users WHERE user_id = ?', (1018880781,)) completed
2025-07-16 13:52:39,401 [DEBUG] [aiosqlite:104] executing functools.partial(<built-in method fetchone of sqlite3.Cursor object at 0x0000016B31780740>)
2025-07-16 13:52:39,403 [DEBUG] [aiosqlite:106] operation functools.partial(<built-in method fetchone of sqlite3.Cursor object at 0x0000016B31780740>) completed
2025-07-16 13:52:39,404 [DEBUG] [aiosqlite:104] executing functools.partial(<built-in method close of sqlite3.Connection object at 0x0000016B305E45E0>)
2025-07-16 13:52:39,405 [DEBUG] [aiosqlite:106] operation functools.partial(<built-in method close of sqlite3.Connection object at 0x0000016B305E45E0>) completed
2025-07-16 13:52:39,424 [DEBUG] [services.cache:42] [cache] GET svetofor:5073681134:Петля времени failed: Error 22 connecting to localhost:6379. Удаленный компьютер отклонил это сетевое подключение.
2025-07-16 13:52:43,432 [DEBUG] [services.cache:42] [cache] GET svetofor:5073681134:Хранители Волшебства failed: Error 22 connecting to localhost:6379. Удаленный компьютер отклонил это сетевое подключение.
2025-07-16 13:52:47,441 [DEBUG] [services.cache:51] [cache] SET svetofor:5073681134:Петля времени failed: Error 22 connecting to localhost:6379. Удаленный компьютер отклонил это сетевое подключение.
2025-07-16 13:52:51,467 [DEBUG] [services.cache:51] [cache] SET svetofor:5073681134:Хранители Волшебства failed: Error 22 connecting to localhost:6379. Удаленный компьютер отклонил это сетевое подключение.
2025-07-16 13:52:55,479 [DEBUG] [services.cache:42] [cache] GET svetofor:5073681134:Петля времени failed: Error 22 connecting to localhost:6379. Удаленный компьютер отклонил это сетевое подключение.
2025-07-16 13:52:59,492 [DEBUG] [services.cache:42] [cache] GET svetofor:5073681134:Петля времени failed: Error 22 connecting to localhost:6379. Удаленный компьютер отклонил это сетевое подключение.
2025-07-16 13:53:03,497 [DEBUG] [services.cache:51] [cache] SET svetofor:5073681134:Петля времени failed: Error 22 connecting to localhost:6379. Удаленный компьютер отклонил это сетевое подключение.
2025-07-16 13:53:07,504 [DEBUG] [services.cache:51] [cache] SET svetofor:5073681134:Петля времени failed: Error 22 connecting to localhost:6379. Удаленный компьютер отклонил это сетевое подключение.
2025-07-16 13:53:11,510 [DEBUG] [services.cache:42] [cache] GET svetofor:1018880781:Петля времени failed: Error 22 connecting to localhost:6379. Удаленный компьютер отклонил это сетевое подключение.
2025-07-16 13:53:15,520 [DEBUG] [services.cache:42] [cache] GET svetofor:5073681134:Время приключений failed: Error 22 connecting to localhost:6379. Удаленный компьютер отклонил это сетевое подключение.
2025-07-16 13:53:19,526 [DEBUG] [services.cache:51] [cache] SET svetofor:1018880781:Петля времени failed: Error 22 connecting to localhost:6379. Удаленный компьютер отклонил это сетевое подключение.
2025-07-16 13:53:23,541 [DEBUG] [services.cache:51] [cache] SET svetofor:5073681134:Время приключений failed: Error 22 connecting to localhost:6379. Удаленный компьютер отклонил это сетевое подключение.
2025-07-16 13:53:27,552 [DEBUG] [services.cache:42] [cache] GET svetofor:5073681134:Хранители Волшебства failed: Error 22 connecting to localhost:6379. Удаленный компьютер отклонил это сетевое подключение.
2025-07-16 13:53:31,563 [DEBUG] [services.cache:42] [cache] GET svetofor:5073681134:Кланы Нью-Йорка failed: Error 22 connecting to localhost:6379. Удаленный компьютер отклонил это сетевое подключение.
2025-07-16 13:53:35,573 [DEBUG] [services.cache:42] [cache] GET svetofor:5073681134:Петля времени failed: Error 22 connecting to localhost:6379. Удаленный компьютер отклонил это сетевое подключение.
2025-07-16 13:53:39,583 [DEBUG] [services.cache:51] [cache] SET svetofor:5073681134:Хранители Волшебства failed: Error 22 connecting to localhost:6379. Удаленный компьютер отклонил это сетевое подключение.
2025-07-16 13:53:43,599 [DEBUG] [services.cache:51] [cache] SET svetofor:5073681134:Кланы Нью-Йорка failed: Error 22 connecting to localhost:6379. Удаленный компьютер отклонил это сетевое подключение.
2025-07-16 13:53:47,607 [DEBUG] [services.cache:51] [cache] SET svetofor:5073681134:Петля времени failed: Error 22 connecting to localhost:6379. Удаленный компьютер отклонил это сетевое подключение.
2025-07-16 13:53:51,618 [DEBUG] [services.cache:42] [cache] GET svetofor:5073681134:Хранители Волшебства failed: Error 22 connecting to localhost:6379. Удаленный компьютер отклонил это сетевое подключение.
2025-07-16 13:53:55,641 [DEBUG] [services.cache:42] [cache] GET svetofor:5073681134:Коллекционер игр failed: Error 22 connecting to localhost:6379. Удаленный компьютер отклонил это сетевое подключение.
2025-07-16 13:53:59,665 [DEBUG] [services.cache:42] [cache] GET svetofor:5073681134:Петля времени failed: Error 22 connecting to localhost:6379. Удаленный компьютер отклонил это сетевое подключение.
2025-07-16 13:54:03,685 [DEBUG] [services.cache:51] [cache] SET svetofor:5073681134:Хранители Волшебства failed: Error 22 connecting to localhost:6379. Удаленный компьютер отклонил это сетевое подключение.
2025-07-16 13:54:07,697 [DEBUG] [services.cache:51] [cache] SET svetofor:5073681134:Коллекционер игр failed: Error 22 connecting to localhost:6379. Удаленный компьютер отклонил это сетевое подключение.
2025-07-16 13:54:11,709 [DEBUG] [services.cache:51] [cache] SET svetofor:5073681134:Петля времени failed: Error 22 connecting to localhost:6379. Удаленный компьютер отклонил это сетевое подключение.
2025-07-16 13:54:15,716 [DEBUG] [services.cache:42] [cache] GET svetofor:1018880781:Хранители Волшебства failed: Error 22 connecting to localhost:6379. Удаленный компьютер отклонил это сетевое подключение.
2025-07-16 13:54:19,725 [DEBUG] [services.cache:42] [cache] GET svetofor:1018880781:Коллекционер игр failed: Error 22 connecting to localhost:6379. Удаленный компьютер отклонил это сетевое подключение.
2025-07-16 13:54:23,732 [DEBUG] [services.cache:42] [cache] GET svetofor:1018880781:Петля времени failed: Error 22 connecting to localhost:6379. Удаленный компьютер отклонил это сетевое подключение.
2025-07-16 13:54:27,745 [DEBUG] [services.cache:51] [cache] SET svetofor:1018880781:Хранители Волшебства failed: Error 22 connecting to localhost:6379. Удаленный компьютер отклонил это сетевое подключение.
2025-07-16 13:54:31,756 [DEBUG] [services.cache:51] [cache] SET svetofor:1018880781:Коллекционер игр failed: Error 22 connecting to localhost:6379. Удаленный компьютер отклонил это сетевое подключение.
2025-07-16 13:54:35,764 [DEBUG] [services.cache:51] [cache] SET svetofor:1018880781:Петля времени failed: Error 22 connecting to localhost:6379. Удаленный компьютер отклонил это сетевое подключение.
2025-07-16 13:54:39,771 [DEBUG] [services.cache:42] [cache] GET svetofor:1018880781:Хранители Волшебства failed: Error 22 connecting to localhost:6379. Удаленный компьютер отклонил это сетевое подключение.
2025-07-16 13:54:43,780 [DEBUG] [services.cache:42] [cache] GET svetofor:5073681134:Петля времени failed: Error 22 connecting to localhost:6379. Удаленный компьютер отклонил это сетевое подключение.
2025-07-16 13:54:47,788 [DEBUG] [services.cache:42] [cache] GET svetofor:1018880781:Петля времени failed: Error 22 connecting to localhost:6379. Удаленный компьютер отклонил это сетевое подключение.
2025-07-16 13:54:51,795 [DEBUG] [services.cache:51] [cache] SET svetofor:1018880781:Хранители Волшебства failed: Error 22 connecting to localhost:6379. Удаленный компьютер отклонил это сетевое подключение.
2025-07-16 13:54:55,804 [DEBUG] [services.cache:51] [cache] SET svetofor:5073681134:Петля времени failed: Error 22 connecting to localhost:6379. Удаленный компьютер отклонил это сетевое подключение.
2025-07-16 13:54:59,843 [DEBUG] [services.cache:51] [cache] SET svetofor:1018880781:Петля времени failed: Error 22 connecting to localhost:6379. Удаленный компьютер отклонил это сетевое подключение.
2025-07-16 13:55:03,858 [DEBUG] [services.cache:42] [cache] GET svetofor:1018880781:Хранители Волшебства failed: Error 22 connecting to localhost:6379. Удаленный компьютер отклонил это сетевое подключение.
2025-07-16 13:55:07,866 [DEBUG] [services.cache:42] [cache] GET svetofor:5073681134:Петля времени failed: Error 22 connecting to localhost:6379. Удаленный компьютер отклонил это сетевое подключение.
2025-07-16 13:55:11,878 [DEBUG] [services.cache:42] [cache] GET svetofor:1018880781:Петля времени failed: Error 22 connecting to localhost:6379. Удаленный компьютер отклонил это сетевое подключение.
2025-07-16 13:55:15,911 [DEBUG] [services.cache:51] [cache] SET svetofor:1018880781:Хранители Волшебства failed: Error 22 connecting to localhost:6379. Удаленный компьютер отклонил это сетевое подключение.
2025-07-16 13:55:19,918 [DEBUG] [services.cache:51] [cache] SET svetofor:5073681134:Петля времени failed: Error 22 connecting to localhost:6379. Удаленный компьютер отклонил это сетевое подключение.
2025-07-16 13:55:23,925 [DEBUG] [services.cache:51] [cache] SET svetofor:1018880781:Петля времени failed: Error 22 connecting to localhost:6379. Удаленный компьютер отклонил это сетевое подключение.
2025-07-16 13:55:27,933 [DEBUG] [services.cache:42] [cache] GET svetofor:1018880781:Хранители Волшебства failed: Error 22 connecting to localhost:6379. Удаленный компьютер отклонил это сетевое подключение.
2025-07-16 13:55:31,945 [DEBUG] [services.cache:42] [cache] GET svetofor:1018880781:Петля времени failed: Error 22 connecting to localhost:6379. Удаленный компьютер отклонил это сетевое подключение.
2025-07-16 13:55:35,955 [DEBUG] [services.cache:42] [cache] GET svetofor:1018880781:Петля времени failed: Error 22 connecting to localhost:6379. Удаленный компьютер отклонил это сетевое подключение.
2025-07-16 13:55:39,965 [DEBUG] [services.cache:51] [cache] SET svetofor:1018880781:Хранители Волшебства failed: Error 22 connecting to localhost:6379. Удаленный компьютер отклонил это сетевое подключение.
2025-07-16 13:55:43,971 [DEBUG] [services.cache:51] [cache] SET svetofor:1018880781:Петля времени failed: Error 22 connecting to localhost:6379. Удаленный компьютер отклонил это сетевое подключение.
2025-07-16 13:55:44,118 [INFO] [aiogram.event:172] Update id=861001285 is handled. Duration 184726 ms by bot id=7637424219
2025-07-16 13:55:47,980 [DEBUG] [services.cache:51] [cache] SET svetofor:1018880781:Петля времени failed: Error 22 connecting to localhost:6379. Удаленный компьютер отклонил это сетевое подключение.
2025-07-16 13:55:51,988 [DEBUG] [services.cache:42] [cache] GET svetofor:5073681134:Хранители Волшебства failed: Error 22 connecting to localhost:6379. Удаленный компьютер отклонил это сетевое подключение.
2025-07-16 13:55:56,000 [DEBUG] [services.cache:42] [cache] GET svetofor:5073681134:Петля времени failed: Error 22 connecting to localhost:6379. Удаленный компьютер отклонил это сетевое подключение.
2025-07-16 13:56:00,011 [DEBUG] [services.cache:42] [cache] GET svetofor:5073681134:Коллекционер игр failed: Error 22 connecting to localhost:6379. Удаленный компьютер отклонил это сетевое подключение.
2025-07-16 13:56:04,031 [DEBUG] [services.cache:51] [cache] SET svetofor:5073681134:Хранители Волшебства failed: Error 22 connecting to localhost:6379. Удаленный компьютер отклонил это сетевое подключение.
2025-07-16 13:56:08,059 [DEBUG] [services.cache:51] [cache] SET svetofor:5073681134:Петля времени failed: Error 22 connecting to localhost:6379. Удаленный компьютер отклонил это сетевое подключение.
2025-07-16 13:56:12,072 [DEBUG] [services.cache:51] [cache] SET svetofor:5073681134:Коллекционер игр failed: Error 22 connecting to localhost:6379. Удаленный компьютер отклонил это сетевое подключение.
2025-07-16 13:56:16,079 [DEBUG] [services.cache:42] [cache] GET svetofor:1018880781:Хранители Волшебства failed: Error 22 connecting to localhost:6379. Удаленный компьютер отклонил это сетевое подключение.
2025-07-16 13:56:20,090 [DEBUG] [services.cache:42] [cache] GET svetofor:5073681134:Петля времени failed: Error 22 connecting to localhost:6379. Удаленный компьютер отклонил это сетевое подключение.
2025-07-16 13:56:24,103 [DEBUG] [services.cache:42] [cache] GET svetofor:1018880781:Коллекционер игр failed: Error 22 connecting to localhost:6379. Удаленный компьютер отклонил это сетевое подключение.
2025-07-16 13:56:28,111 [DEBUG] [services.cache:51] [cache] SET svetofor:1018880781:Хранители Волшебства failed: Error 22 connecting to localhost:6379. Удаленный компьютер отклонил это сетевое подключение.
2025-07-16 13:56:32,119 [DEBUG] [services.cache:51] [cache] SET svetofor:5073681134:Петля времени failed: Error 22 connecting to localhost:6379. Удаленный компьютер отклонил это сетевое подключение.
2025-07-16 13:56:36,130 [DEBUG] [services.cache:51] [cache] SET svetofor:1018880781:Коллекционер игр failed: Error 22 connecting to localhost:6379. Удаленный компьютер отклонил это сетевое подключение.
2025-07-16 13:56:40,137 [DEBUG] [services.cache:42] [cache] GET svetofor:1018880781:Хранители Волшебства failed: Error 22 connecting to localhost:6379. Удаленный компьютер отклонил это сетевое подключение.
2025-07-16 13:56:44,143 [DEBUG] [services.cache:42] [cache] GET svetofor:1018880781:Петля времени failed: Error 22 connecting to localhost:6379. Удаленный компьютер отклонил это сетевое подключение.
2025-07-16 14:05:51,454 [DEBUG] [asyncio:631] Using proactor: IocpProactor
2025-07-16 14:05:52,334 [INFO] [apscheduler.scheduler:214] Scheduler started
2025-07-16 14:05:52,334 [INFO] [__main__:125] Bot starting… version MasterBot 12.92-refactor
2025-07-16 14:05:52,492 [INFO] [__main__:65] [startup] admin_chat_id загружен: -4738242986
2025-07-16 14:05:52,523 [DEBUG] [aiosqlite:104] executing <function connect.<locals>.connector at 0x0000026826E83100>
2025-07-16 14:05:52,563 [DEBUG] [apscheduler.scheduler:1151] Looking for jobs to run
2025-07-16 14:05:52,563 [DEBUG] [apscheduler.scheduler:1252] No jobs; waiting until a job is added
2025-07-16 14:05:52,686 [DEBUG] [aiosqlite:106] operation <function connect.<locals>.connector at 0x0000026826E83100> completed
2025-07-16 14:05:52,688 [DEBUG] [aiosqlite:104] executing functools.partial(<built-in method execute of sqlite3.Connection object at 0x0000026826E17970>, '\nCREATE TABLE IF NOT EXISTS users (\n    user_id         INTEGER PRIMARY KEY,\n    first_name      TEXT,\n    last_name       TEXT,\n    role            TEXT,\n    scenario_access TEXT,\n    updated_at      TIMESTAMP DEFAULT CURRENT_TIMESTAMP\n);\n', [])
2025-07-16 14:05:52,699 [DEBUG] [aiosqlite:106] operation functools.partial(<built-in method execute of sqlite3.Connection object at 0x0000026826E17970>, '\nCREATE TABLE IF NOT EXISTS users (\n    user_id         INTEGER PRIMARY KEY,\n    first_name      TEXT,\n    last_name       TEXT,\n    role            TEXT,\n    scenario_access TEXT,\n    updated_at      TIMESTAMP DEFAULT CURRENT_TIMESTAMP\n);\n', []) completed
2025-07-16 14:05:52,703 [DEBUG] [aiosqlite:104] executing functools.partial(<built-in method execute of sqlite3.Connection object at 0x0000026826E17970>, "INSERT OR IGNORE INTO users(user_id, role) VALUES (?, 'руководитель')", (1018880781,))
2025-07-16 14:05:52,705 [DEBUG] [aiosqlite:106] operation functools.partial(<built-in method execute of sqlite3.Connection object at 0x0000026826E17970>, "INSERT OR IGNORE INTO users(user_id, role) VALUES (?, 'руководитель')", (1018880781,)) completed
2025-07-16 14:05:52,707 [DEBUG] [aiosqlite:104] executing functools.partial(<built-in method commit of sqlite3.Connection object at 0x0000026826E17970>)
2025-07-16 14:05:52,709 [DEBUG] [aiosqlite:106] operation functools.partial(<built-in method commit of sqlite3.Connection object at 0x0000026826E17970>) completed
2025-07-16 14:05:52,710 [DEBUG] [aiosqlite:104] executing functools.partial(<built-in method close of sqlite3.Connection object at 0x0000026826E17970>)
2025-07-16 14:05:52,712 [DEBUG] [aiosqlite:106] operation functools.partial(<built-in method close of sqlite3.Connection object at 0x0000026826E17970>) completed
2025-07-16 14:05:52,720 [INFO] [__main__:73] [startup] Конфиг и БД инициализированы, Leader-ID 1018880781 гарантирован
2025-07-16 14:05:52,722 [INFO] [aiogram.dispatcher:566] Start polling
2025-07-16 14:05:53,168 [INFO] [aiogram.dispatcher:363] Run polling for bot @masbot12_bot id=7637424219 - 'masterbot12'
2025-07-16 14:06:47,984 [DEBUG] [aiosqlite:104] executing <function connect.<locals>.connector at 0x0000026826ECC720>
2025-07-16 14:06:47,987 [DEBUG] [aiosqlite:106] operation <function connect.<locals>.connector at 0x0000026826ECC720> completed
2025-07-16 14:06:47,989 [DEBUG] [aiosqlite:104] executing functools.partial(<built-in method execute of sqlite3.Connection object at 0x0000026826E17F10>, 'SELECT first_name, last_name, role FROM users WHERE user_id = ?', (1018880781,))
2025-07-16 14:06:48,019 [DEBUG] [aiosqlite:106] operation functools.partial(<built-in method execute of sqlite3.Connection object at 0x0000026826E17F10>, 'SELECT first_name, last_name, role FROM users WHERE user_id = ?', (1018880781,)) completed
2025-07-16 14:06:48,021 [DEBUG] [aiosqlite:104] executing functools.partial(<built-in method fetchone of sqlite3.Cursor object at 0x0000026826EDBC40>)
2025-07-16 14:06:48,021 [DEBUG] [aiosqlite:106] operation functools.partial(<built-in method fetchone of sqlite3.Cursor object at 0x0000026826EDBC40>) completed
2025-07-16 14:06:48,023 [DEBUG] [aiosqlite:104] executing functools.partial(<built-in method close of sqlite3.Connection object at 0x0000026826E17F10>)
2025-07-16 14:06:48,024 [DEBUG] [aiosqlite:106] operation functools.partial(<built-in method close of sqlite3.Connection object at 0x0000026826E17F10>) completed
2025-07-16 14:06:48,273 [INFO] [aiogram.event:172] Update id=861001288 is handled. Duration 307 ms by bot id=7637424219
2025-07-16 14:06:49,267 [DEBUG] [aiosqlite:104] executing <function connect.<locals>.connector at 0x0000026826ECC220>
2025-07-16 14:06:49,268 [DEBUG] [aiosqlite:106] operation <function connect.<locals>.connector at 0x0000026826ECC220> completed
2025-07-16 14:06:49,268 [DEBUG] [aiosqlite:104] executing functools.partial(<built-in method execute of sqlite3.Connection object at 0x0000026826EF84F0>, 'SELECT first_name, last_name, role FROM users WHERE user_id = ?', (1018880781,))
2025-07-16 14:06:49,269 [DEBUG] [aiosqlite:106] operation functools.partial(<built-in method execute of sqlite3.Connection object at 0x0000026826EF84F0>, 'SELECT first_name, last_name, role FROM users WHERE user_id = ?', (1018880781,)) completed
2025-07-16 14:06:49,270 [DEBUG] [aiosqlite:104] executing functools.partial(<built-in method fetchone of sqlite3.Cursor object at 0x0000026826EF5940>)
2025-07-16 14:06:49,270 [DEBUG] [aiosqlite:106] operation functools.partial(<built-in method fetchone of sqlite3.Cursor object at 0x0000026826EF5940>) completed
2025-07-16 14:06:49,271 [DEBUG] [aiosqlite:104] executing functools.partial(<built-in method close of sqlite3.Connection object at 0x0000026826EF84F0>)
2025-07-16 14:06:49,273 [DEBUG] [aiosqlite:106] operation functools.partial(<built-in method close of sqlite3.Connection object at 0x0000026826EF84F0>) completed
2025-07-16 14:06:52,518 [INFO] [aiogram.event:172] Update id=861001289 is handled. Duration 3252 ms by bot id=7637424219
2025-07-16 14:06:55,658 [INFO] [aiogram.event:172] Update id=861001290 is handled. Duration 1050 ms by bot id=7637424219
2025-07-16 14:07:18,253 [DEBUG] [aiosqlite:104] executing <function connect.<locals>.connector at 0x0000026826ECD1C0>
2025-07-16 14:07:18,254 [DEBUG] [aiosqlite:106] operation <function connect.<locals>.connector at 0x0000026826ECD1C0> completed
2025-07-16 14:07:18,255 [DEBUG] [aiosqlite:104] executing functools.partial(<built-in method execute of sqlite3.Connection object at 0x0000026826EF8A90>, 'SELECT first_name, last_name, role FROM users WHERE user_id = ?', (1018880781,))
2025-07-16 14:07:18,256 [DEBUG] [aiosqlite:106] operation functools.partial(<built-in method execute of sqlite3.Connection object at 0x0000026826EF8A90>, 'SELECT first_name, last_name, role FROM users WHERE user_id = ?', (1018880781,)) completed
2025-07-16 14:07:18,257 [DEBUG] [aiosqlite:104] executing functools.partial(<built-in method fetchone of sqlite3.Cursor object at 0x0000026827EE0FC0>)
2025-07-16 14:07:18,257 [DEBUG] [aiosqlite:106] operation functools.partial(<built-in method fetchone of sqlite3.Cursor object at 0x0000026827EE0FC0>) completed
2025-07-16 14:07:18,258 [DEBUG] [aiosqlite:104] executing functools.partial(<built-in method close of sqlite3.Connection object at 0x0000026826EF8A90>)
2025-07-16 14:07:18,260 [DEBUG] [aiosqlite:106] operation functools.partial(<built-in method close of sqlite3.Connection object at 0x0000026826EF8A90>) completed
2025-07-16 14:07:18,263 [DEBUG] [aiosqlite:104] executing <function connect.<locals>.connector at 0x000002681EAA9B20>
2025-07-16 14:07:18,266 [DEBUG] [aiosqlite:106] operation <function connect.<locals>.connector at 0x000002681EAA9B20> completed
2025-07-16 14:07:18,267 [DEBUG] [aiosqlite:104] executing functools.partial(<built-in method execute of sqlite3.Connection object at 0x0000026826E17C40>, 'SELECT first_name, last_name, role FROM users WHERE user_id = ?', (1018880781,))
2025-07-16 14:07:18,270 [DEBUG] [aiosqlite:106] operation functools.partial(<built-in method execute of sqlite3.Connection object at 0x0000026826E17C40>, 'SELECT first_name, last_name, role FROM users WHERE user_id = ?', (1018880781,)) completed
2025-07-16 14:07:18,274 [DEBUG] [aiosqlite:104] executing functools.partial(<built-in method fetchone of sqlite3.Cursor object at 0x0000026827EE1440>)
2025-07-16 14:07:18,275 [DEBUG] [aiosqlite:106] operation functools.partial(<built-in method fetchone of sqlite3.Cursor object at 0x0000026827EE1440>) completed
2025-07-16 14:07:18,276 [DEBUG] [aiosqlite:104] executing functools.partial(<built-in method close of sqlite3.Connection object at 0x0000026826E17C40>)
2025-07-16 14:07:18,279 [DEBUG] [aiosqlite:106] operation functools.partial(<built-in method close of sqlite3.Connection object at 0x0000026826E17C40>) completed
2025-07-16 14:07:22,356 [DEBUG] [services.cache:42] [cache] GET svetofor:1018880781:Коллекционер игр failed: Error 22 connecting to localhost:6379. Удаленный компьютер отклонил это сетевое подключение.
2025-07-16 14:07:22,373 [DEBUG] [urllib3.util.retry:286] Converted retries value: 3 -> Retry(total=3, connect=None, read=None, redirect=None, status=None)
2025-07-16 14:07:22,423 [DEBUG] [google.auth.transport.requests:185] Making request: POST https://oauth2.googleapis.com/token
2025-07-16 14:07:22,428 [DEBUG] [urllib3.connectionpool:1049] Starting new HTTPS connection (1): oauth2.googleapis.com:443
2025-07-16 14:07:22,544 [DEBUG] [urllib3.connectionpool:544] https://oauth2.googleapis.com:443 "POST /token HTTP/1.1" 200 None
2025-07-16 14:07:22,556 [DEBUG] [urllib3.connectionpool:1049] Starting new HTTPS connection (1): sheets.googleapis.com:443
2025-07-16 14:07:24,075 [DEBUG] [urllib3.connectionpool:544] https://sheets.googleapis.com:443 "GET /v4/spreadsheets/11wjq2kXi_FHqx1yzzQ8weqr5PngvJpOVu9VQo--hJMI?includeGridData=false HTTP/1.1" 200 None
2025-07-16 14:07:24,285 [DEBUG] [urllib3.connectionpool:544] https://sheets.googleapis.com:443 "GET /v4/spreadsheets/11wjq2kXi_FHqx1yzzQ8weqr5PngvJpOVu9VQo--hJMI?includeGridData=false HTTP/1.1" 200 None
2025-07-16 14:07:24,350 [INFO] [googleapiclient.discovery_cache:49] file_cache is only supported with oauth2client<4.0.0
2025-07-16 14:07:24,809 [DEBUG] [googleapiclient.discovery:1258] URL being requested: GET https://sheets.googleapis.com/v4/spreadsheets/11wjq2kXi_FHqx1yzzQ8weqr5PngvJpOVu9VQo--hJMI?includeGridData=true&alt=json
2025-07-16 14:07:30,621 [DEBUG] [services.cache:51] [cache] SET svetofor:1018880781:Коллекционер игр failed: Error 22 connecting to localhost:6379. Удаленный компьютер отклонил это сетевое подключение.
2025-07-16 14:07:32,818 [DEBUG] [aiosqlite:104] executing <function connect.<locals>.connector at 0x0000026826ECC9A0>
2025-07-16 14:07:32,820 [DEBUG] [aiosqlite:106] operation <function connect.<locals>.connector at 0x0000026826ECC9A0> completed
2025-07-16 14:07:32,822 [DEBUG] [aiosqlite:104] executing functools.partial(<built-in method execute of sqlite3.Connection object at 0x0000026826EF87C0>, 'SELECT first_name, last_name, role FROM users WHERE user_id = ?', (1018880781,))
2025-07-16 14:07:32,824 [DEBUG] [aiosqlite:106] operation functools.partial(<built-in method execute of sqlite3.Connection object at 0x0000026826EF87C0>, 'SELECT first_name, last_name, role FROM users WHERE user_id = ?', (1018880781,)) completed
2025-07-16 14:07:32,826 [DEBUG] [aiosqlite:104] executing functools.partial(<built-in method fetchone of sqlite3.Cursor object at 0x00000268290BAB40>)
2025-07-16 14:07:32,828 [DEBUG] [aiosqlite:106] operation functools.partial(<built-in method fetchone of sqlite3.Cursor object at 0x00000268290BAB40>) completed
2025-07-16 14:07:32,830 [DEBUG] [aiosqlite:104] executing functools.partial(<built-in method close of sqlite3.Connection object at 0x0000026826EF87C0>)
2025-07-16 14:07:32,831 [DEBUG] [aiosqlite:106] operation functools.partial(<built-in method close of sqlite3.Connection object at 0x0000026826EF87C0>) completed
2025-07-16 14:07:33,103 [INFO] [aiogram.event:172] Update id=861001292 is handled. Duration 289 ms by bot id=7637424219
2025-07-16 14:07:34,626 [DEBUG] [services.cache:42] [cache] GET svetofor:1018880781:Петля времени failed: Error 22 connecting to localhost:6379. Удаленный компьютер отклонил это сетевое подключение.
2025-07-16 14:07:38,631 [DEBUG] [services.cache:51] [cache] SET svetofor:1018880781:Петля времени failed: Error 22 connecting to localhost:6379. Удаленный компьютер отклонил это сетевое подключение.
2025-07-16 14:07:43,248 [DEBUG] [services.cache:42] [cache] GET svetofor:1018880781:Хранители Волшебства failed: Error 22 connecting to localhost:6379. Удаленный компьютер отклонил это сетевое подключение.
2025-07-16 14:07:47,255 [DEBUG] [services.cache:42] [cache] GET svetofor:1018880781:Петля времени failed: Error 22 connecting to localhost:6379. Удаленный компьютер отклонил это сетевое подключение.
2025-07-16 14:07:51,262 [DEBUG] [services.cache:51] [cache] SET svetofor:1018880781:Хранители Волшебства failed: Error 22 connecting to localhost:6379. Удаленный компьютер отклонил это сетевое подключение.
2025-07-16 14:07:55,270 [DEBUG] [services.cache:51] [cache] SET svetofor:1018880781:Петля времени failed: Error 22 connecting to localhost:6379. Удаленный компьютер отклонил это сетевое подключение.
2025-07-16 14:07:59,281 [DEBUG] [services.cache:42] [cache] GET svetofor:1018880781:Хранители Волшебства failed: Error 22 connecting to localhost:6379. Удаленный компьютер отклонил это сетевое подключение.
2025-07-16 14:08:03,293 [DEBUG] [services.cache:42] [cache] GET svetofor:1018880781:Петля времени failed: Error 22 connecting to localhost:6379. Удаленный компьютер отклонил это сетевое подключение.
2025-07-16 14:08:07,304 [DEBUG] [services.cache:51] [cache] SET svetofor:1018880781:Хранители Волшебства failed: Error 22 connecting to localhost:6379. Удаленный компьютер отклонил это сетевое подключение.
2025-07-16 14:08:11,313 [DEBUG] [services.cache:51] [cache] SET svetofor:1018880781:Петля времени failed: Error 22 connecting to localhost:6379. Удаленный компьютер отклонил это сетевое подключение.
2025-07-16 14:08:15,341 [DEBUG] [services.cache:42] [cache] GET svetofor:1018880781:Хранители Волшебства failed: Error 22 connecting to localhost:6379. Удаленный компьютер отклонил это сетевое подключение.
2025-07-16 14:08:19,350 [DEBUG] [services.cache:42] [cache] GET svetofor:1018880781:Петля времени failed: Error 22 connecting to localhost:6379. Удаленный компьютер отклонил это сетевое подключение.
2025-07-16 14:08:23,363 [DEBUG] [services.cache:51] [cache] SET svetofor:1018880781:Хранители Волшебства failed: Error 22 connecting to localhost:6379. Удаленный компьютер отклонил это сетевое подключение.
2025-07-16 14:08:27,373 [DEBUG] [services.cache:51] [cache] SET svetofor:1018880781:Петля времени failed: Error 22 connecting to localhost:6379. Удаленный компьютер отклонил это сетевое подключение.
2025-07-16 14:08:31,386 [DEBUG] [services.cache:42] [cache] GET svetofor:1018880781:Хранители Волшебства failed: Error 22 connecting to localhost:6379. Удаленный компьютер отклонил это сетевое подключение.
2025-07-16 14:08:35,415 [DEBUG] [services.cache:42] [cache] GET svetofor:1018880781:Петля времени failed: Error 22 connecting to localhost:6379. Удаленный компьютер отклонил это сетевое подключение.
2025-07-16 14:08:39,422 [DEBUG] [services.cache:51] [cache] SET svetofor:1018880781:Хранители Волшебства failed: Error 22 connecting to localhost:6379. Удаленный компьютер отклонил это сетевое подключение.
2025-07-16 14:08:43,435 [DEBUG] [services.cache:51] [cache] SET svetofor:1018880781:Петля времени failed: Error 22 connecting to localhost:6379. Удаленный компьютер отклонил это сетевое подключение.
2025-07-16 14:08:47,443 [DEBUG] [services.cache:42] [cache] GET svetofor:1018880781:Хранители Волшебства failed: Error 22 connecting to localhost:6379. Удаленный компьютер отклонил это сетевое подключение.
2025-07-16 14:08:51,452 [DEBUG] [services.cache:42] [cache] GET svetofor:1018880781:Петля времени failed: Error 22 connecting to localhost:6379. Удаленный компьютер отклонил это сетевое подключение.
2025-07-16 14:08:55,459 [DEBUG] [services.cache:51] [cache] SET svetofor:1018880781:Хранители Волшебства failed: Error 22 connecting to localhost:6379. Удаленный компьютер отклонил это сетевое подключение.
2025-07-16 14:08:59,470 [DEBUG] [services.cache:51] [cache] SET svetofor:1018880781:Петля времени failed: Error 22 connecting to localhost:6379. Удаленный компьютер отклонил это сетевое подключение.
2025-07-16 14:08:59,699 [ERROR] [handlers.poll_details:215] [details] show_deal: Telegram server says - Bad Request: query is too old and response timeout expired or query ID is invalid
Traceback (most recent call last):
  File "C:\Users\DELL\Desktop\gpt\Masterbot1\handlers\poll_details.py", line 212, in show_deal_callback_handler
    await callback.answer()
  File "C:\Users\DELL\AppData\Local\Programs\Python\Python313\Lib\site-packages\aiogram\methods\base.py", line 84, in emit
    return await bot(self)
           ^^^^^^^^^^^^^^^
  File "C:\Users\DELL\AppData\Local\Programs\Python\Python313\Lib\site-packages\aiogram\client\bot.py", line 478, in __call__
    return await self.session(self, method, timeout=request_timeout)
           ^^^^^^^^^^^^^^^^^^^^^^^^^^^^^^^^^^^^^^^^^^^^^^^^^^^^^^^^^
  File "C:\Users\DELL\AppData\Local\Programs\Python\Python313\Lib\site-packages\aiogram\client\session\base.py", line 254, in __call__
    return cast(TelegramType, await middleware(bot, method))
                              ^^^^^^^^^^^^^^^^^^^^^^^^^^^^^
  File "C:\Users\DELL\AppData\Local\Programs\Python\Python313\Lib\site-packages\aiogram\client\session\aiohttp.py", line 185, in make_request
    response = self.check_response(
        bot=bot, method=method, status_code=resp.status, content=raw_result
    )
  File "C:\Users\DELL\AppData\Local\Programs\Python\Python313\Lib\site-packages\aiogram\client\session\base.py", line 120, in check_response
    raise TelegramBadRequest(method=method, message=description)
aiogram.exceptions.TelegramBadRequest: Telegram server says - Bad Request: query is too old and response timeout expired or query ID is invalid
2025-07-16 14:09:00,542 [INFO] [aiogram.event:172] Update id=861001293 is not handled. Duration 79741 ms by bot id=7637424219
2025-07-16 14:09:00,543 [ERROR] [aiogram.event:315] Cause exception while process update id=861001293 by bot id=7637424219
TelegramBadRequest: Telegram server says - Bad Request: query is too old and response timeout expired or query ID is invalid
Traceback (most recent call last):
  File "C:\Users\DELL\Desktop\gpt\Masterbot1\handlers\poll_details.py", line 212, in show_deal_callback_handler
    await callback.answer()
  File "C:\Users\DELL\AppData\Local\Programs\Python\Python313\Lib\site-packages\aiogram\methods\base.py", line 84, in emit
    return await bot(self)
           ^^^^^^^^^^^^^^^
  File "C:\Users\DELL\AppData\Local\Programs\Python\Python313\Lib\site-packages\aiogram\client\bot.py", line 478, in __call__
    return await self.session(self, method, timeout=request_timeout)
           ^^^^^^^^^^^^^^^^^^^^^^^^^^^^^^^^^^^^^^^^^^^^^^^^^^^^^^^^^
  File "C:\Users\DELL\AppData\Local\Programs\Python\Python313\Lib\site-packages\aiogram\client\session\base.py", line 254, in __call__
    return cast(TelegramType, await middleware(bot, method))
                              ^^^^^^^^^^^^^^^^^^^^^^^^^^^^^
  File "C:\Users\DELL\AppData\Local\Programs\Python\Python313\Lib\site-packages\aiogram\client\session\aiohttp.py", line 185, in make_request
    response = self.check_response(
        bot=bot, method=method, status_code=resp.status, content=raw_result
    )
  File "C:\Users\DELL\AppData\Local\Programs\Python\Python313\Lib\site-packages\aiogram\client\session\base.py", line 120, in check_response
    raise TelegramBadRequest(method=method, message=description)
aiogram.exceptions.TelegramBadRequest: Telegram server says - Bad Request: query is too old and response timeout expired or query ID is invalid

During handling of the above exception, another exception occurred:

Traceback (most recent call last):
  File "C:\Users\DELL\AppData\Local\Programs\Python\Python313\Lib\site-packages\aiogram\dispatcher\dispatcher.py", line 309, in _process_update
    response = await self.feed_update(bot, update, **kwargs)
               ^^^^^^^^^^^^^^^^^^^^^^^^^^^^^^^^^^^^^^^^^^^^^
  File "C:\Users\DELL\AppData\Local\Programs\Python\Python313\Lib\site-packages\aiogram\dispatcher\dispatcher.py", line 158, in feed_update
    response = await self.update.wrap_outer_middleware(
               ^^^^^^^^^^^^^^^^^^^^^^^^^^^^^^^^^^^^^^^^
    ...<7 lines>...
    )
    ^
  File "C:\Users\DELL\AppData\Local\Programs\Python\Python313\Lib\site-packages\aiogram\dispatcher\middlewares\error.py", line 25, in __call__
    return await handler(event, data)
           ^^^^^^^^^^^^^^^^^^^^^^^^^^
  File "C:\Users\DELL\AppData\Local\Programs\Python\Python313\Lib\site-packages\aiogram\dispatcher\middlewares\user_context.py", line 56, in __call__
    return await handler(event, data)
           ^^^^^^^^^^^^^^^^^^^^^^^^^^
  File "C:\Users\DELL\AppData\Local\Programs\Python\Python313\Lib\site-packages\aiogram\fsm\middleware.py", line 42, in __call__
    return await handler(event, data)
           ^^^^^^^^^^^^^^^^^^^^^^^^^^
  File "C:\Users\DELL\AppData\Local\Programs\Python\Python313\Lib\site-packages\aiogram\dispatcher\event\telegram.py", line 121, in trigger
    return await wrapped_inner(event, kwargs)
           ^^^^^^^^^^^^^^^^^^^^^^^^^^^^^^^^^^
  File "C:\Users\DELL\AppData\Local\Programs\Python\Python313\Lib\site-packages\aiogram\dispatcher\event\handler.py", line 43, in call
    return await wrapped()
           ^^^^^^^^^^^^^^^
  File "C:\Users\DELL\AppData\Local\Programs\Python\Python313\Lib\site-packages\aiogram\dispatcher\dispatcher.py", line 276, in _listen_update
    return await self.propagate_event(update_type=update_type, event=event, **kwargs)
           ^^^^^^^^^^^^^^^^^^^^^^^^^^^^^^^^^^^^^^^^^^^^^^^^^^^^^^^^^^^^^^^^^^^^^^^^^^
  File "C:\Users\DELL\AppData\Local\Programs\Python\Python313\Lib\site-packages\aiogram\dispatcher\router.py", line 146, in propagate_event
    return await observer.wrap_outer_middleware(_wrapped, event=event, data=kwargs)
           ^^^^^^^^^^^^^^^^^^^^^^^^^^^^^^^^^^^^^^^^^^^^^^^^^^^^^^^^^^^^^^^^^^^^^^^^
  File "C:\Users\DELL\AppData\Local\Programs\Python\Python313\Lib\site-packages\aiogram\dispatcher\router.py", line 141, in _wrapped
    return await self._propagate_event(
           ^^^^^^^^^^^^^^^^^^^^^^^^^^^^
        observer=observer, update_type=update_type, event=telegram_event, **data
        ^^^^^^^^^^^^^^^^^^^^^^^^^^^^^^^^^^^^^^^^^^^^^^^^^^^^^^^^^^^^^^^^^^^^^^^^
    )
    ^
  File "C:\Users\DELL\AppData\Local\Programs\Python\Python313\Lib\site-packages\aiogram\dispatcher\router.py", line 174, in _propagate_event
    response = await router.propagate_event(update_type=update_type, event=event, **kwargs)
               ^^^^^^^^^^^^^^^^^^^^^^^^^^^^^^^^^^^^^^^^^^^^^^^^^^^^^^^^^^^^^^^^^^^^^^^^^^^^
  File "C:\Users\DELL\AppData\Local\Programs\Python\Python313\Lib\site-packages\aiogram\dispatcher\router.py", line 146, in propagate_event
    return await observer.wrap_outer_middleware(_wrapped, event=event, data=kwargs)
           ^^^^^^^^^^^^^^^^^^^^^^^^^^^^^^^^^^^^^^^^^^^^^^^^^^^^^^^^^^^^^^^^^^^^^^^^
  File "C:\Users\DELL\AppData\Local\Programs\Python\Python313\Lib\site-packages\aiogram\dispatcher\router.py", line 141, in _wrapped
    return await self._propagate_event(
           ^^^^^^^^^^^^^^^^^^^^^^^^^^^^
        observer=observer, update_type=update_type, event=telegram_event, **data
        ^^^^^^^^^^^^^^^^^^^^^^^^^^^^^^^^^^^^^^^^^^^^^^^^^^^^^^^^^^^^^^^^^^^^^^^^
    )
    ^
  File "C:\Users\DELL\AppData\Local\Programs\Python\Python313\Lib\site-packages\aiogram\dispatcher\router.py", line 166, in _propagate_event
    response = await observer.trigger(event, **kwargs)
               ^^^^^^^^^^^^^^^^^^^^^^^^^^^^^^^^^^^^^^^
  File "C:\Users\DELL\AppData\Local\Programs\Python\Python313\Lib\site-packages\aiogram\dispatcher\event\telegram.py", line 121, in trigger
    return await wrapped_inner(event, kwargs)
           ^^^^^^^^^^^^^^^^^^^^^^^^^^^^^^^^^^
  File "C:\Users\DELL\AppData\Local\Programs\Python\Python313\Lib\site-packages\aiogram\dispatcher\event\handler.py", line 43, in call
    return await wrapped()
           ^^^^^^^^^^^^^^^
  File "C:\Users\DELL\Desktop\gpt\Masterbot1\handlers\poll_details.py", line 217, in show_deal_callback_handler
    await callback.answer("⚠️ Ошибка при отображении состава.", show_alert=True)
  File "C:\Users\DELL\AppData\Local\Programs\Python\Python313\Lib\site-packages\aiogram\methods\base.py", line 84, in emit
    return await bot(self)
           ^^^^^^^^^^^^^^^
  File "C:\Users\DELL\AppData\Local\Programs\Python\Python313\Lib\site-packages\aiogram\client\bot.py", line 478, in __call__
    return await self.session(self, method, timeout=request_timeout)
           ^^^^^^^^^^^^^^^^^^^^^^^^^^^^^^^^^^^^^^^^^^^^^^^^^^^^^^^^^
  File "C:\Users\DELL\AppData\Local\Programs\Python\Python313\Lib\site-packages\aiogram\client\session\base.py", line 254, in __call__
    return cast(TelegramType, await middleware(bot, method))
                              ^^^^^^^^^^^^^^^^^^^^^^^^^^^^^
  File "C:\Users\DELL\AppData\Local\Programs\Python\Python313\Lib\site-packages\aiogram\client\session\aiohttp.py", line 185, in make_request
    response = self.check_response(
        bot=bot, method=method, status_code=resp.status, content=raw_result
    )
  File "C:\Users\DELL\AppData\Local\Programs\Python\Python313\Lib\site-packages\aiogram\client\session\base.py", line 120, in check_response
    raise TelegramBadRequest(method=method, message=description)
aiogram.exceptions.TelegramBadRequest: Telegram server says - Bad Request: query is too old and response timeout expired or query ID is invalid
2025-07-16 14:09:03,485 [DEBUG] [services.cache:42] [cache] GET svetofor:1018880781:Хранители Волшебства failed: Error 22 connecting to localhost:6379. Удаленный компьютер отклонил это сетевое подключение.
2025-07-16 14:09:07,496 [DEBUG] [services.cache:51] [cache] SET svetofor:1018880781:Хранители Волшебства failed: Error 22 connecting to localhost:6379. Удаленный компьютер отклонил это сетевое подключение.
2025-07-16 14:09:07,674 [INFO] [aiogram.event:172] Update id=861001291 is handled. Duration 109421 ms by bot id=7637424219
2025-07-16 14:13:28,516 [DEBUG] [asyncio:631] Using proactor: IocpProactor
2025-07-16 14:13:29,210 [INFO] [apscheduler.scheduler:214] Scheduler started
2025-07-16 14:13:29,211 [INFO] [__main__:125] Bot starting… version MasterBot 12.92-refactor
2025-07-16 14:13:29,475 [INFO] [__main__:65] [startup] admin_chat_id загружен: -4738242986
2025-07-16 14:13:29,492 [DEBUG] [aiosqlite:104] executing <function connect.<locals>.connector at 0x00000223ABD2DF80>
2025-07-16 14:13:29,531 [DEBUG] [apscheduler.scheduler:1151] Looking for jobs to run
2025-07-16 14:13:29,541 [DEBUG] [apscheduler.scheduler:1252] No jobs; waiting until a job is added
2025-07-16 14:13:29,714 [DEBUG] [aiosqlite:106] operation <function connect.<locals>.connector at 0x00000223ABD2DF80> completed
2025-07-16 14:13:29,716 [DEBUG] [aiosqlite:104] executing functools.partial(<built-in method execute of sqlite3.Connection object at 0x00000223ABD14C70>, '\nCREATE TABLE IF NOT EXISTS users (\n    user_id         INTEGER PRIMARY KEY,\n    first_name      TEXT,\n    last_name       TEXT,\n    role            TEXT,\n    scenario_access TEXT,\n    updated_at      TIMESTAMP DEFAULT CURRENT_TIMESTAMP\n);\n', [])
2025-07-16 14:13:29,826 [DEBUG] [aiosqlite:106] operation functools.partial(<built-in method execute of sqlite3.Connection object at 0x00000223ABD14C70>, '\nCREATE TABLE IF NOT EXISTS users (\n    user_id         INTEGER PRIMARY KEY,\n    first_name      TEXT,\n    last_name       TEXT,\n    role            TEXT,\n    scenario_access TEXT,\n    updated_at      TIMESTAMP DEFAULT CURRENT_TIMESTAMP\n);\n', []) completed
2025-07-16 14:13:29,827 [DEBUG] [aiosqlite:104] executing functools.partial(<built-in method execute of sqlite3.Connection object at 0x00000223ABD14C70>, "INSERT OR IGNORE INTO users(user_id, role) VALUES (?, 'руководитель')", (1018880781,))
2025-07-16 14:13:29,828 [DEBUG] [aiosqlite:106] operation functools.partial(<built-in method execute of sqlite3.Connection object at 0x00000223ABD14C70>, "INSERT OR IGNORE INTO users(user_id, role) VALUES (?, 'руководитель')", (1018880781,)) completed
2025-07-16 14:13:29,829 [DEBUG] [aiosqlite:104] executing functools.partial(<built-in method commit of sqlite3.Connection object at 0x00000223ABD14C70>)
2025-07-16 14:13:29,830 [DEBUG] [aiosqlite:106] operation functools.partial(<built-in method commit of sqlite3.Connection object at 0x00000223ABD14C70>) completed
2025-07-16 14:13:29,830 [DEBUG] [aiosqlite:104] executing functools.partial(<built-in method close of sqlite3.Connection object at 0x00000223ABD14C70>)
2025-07-16 14:13:29,831 [DEBUG] [aiosqlite:106] operation functools.partial(<built-in method close of sqlite3.Connection object at 0x00000223ABD14C70>) completed
2025-07-16 14:13:29,831 [INFO] [__main__:73] [startup] Конфиг и БД инициализированы, Leader-ID 1018880781 гарантирован
2025-07-16 14:13:29,832 [INFO] [aiogram.dispatcher:566] Start polling
2025-07-16 14:13:30,683 [INFO] [aiogram.dispatcher:363] Run polling for bot @masbot12_bot id=7637424219 - 'masterbot12'
2025-07-16 14:13:34,325 [DEBUG] [aiosqlite:104] executing <function connect.<locals>.connector at 0x00000223ABD2F6A0>
2025-07-16 14:13:34,326 [DEBUG] [aiosqlite:106] operation <function connect.<locals>.connector at 0x00000223ABD2F6A0> completed
2025-07-16 14:13:34,327 [DEBUG] [aiosqlite:104] executing functools.partial(<built-in method execute of sqlite3.Connection object at 0x00000223ABD15210>, 'SELECT first_name, last_name, role FROM users WHERE user_id = ?', (1018880781,))
2025-07-16 14:13:34,329 [DEBUG] [aiosqlite:106] operation functools.partial(<built-in method execute of sqlite3.Connection object at 0x00000223ABD15210>, 'SELECT first_name, last_name, role FROM users WHERE user_id = ?', (1018880781,)) completed
2025-07-16 14:13:34,329 [DEBUG] [aiosqlite:104] executing functools.partial(<built-in method fetchone of sqlite3.Cursor object at 0x00000223ABD576C0>)
2025-07-16 14:13:34,330 [DEBUG] [aiosqlite:106] operation functools.partial(<built-in method fetchone of sqlite3.Cursor object at 0x00000223ABD576C0>) completed
2025-07-16 14:13:34,350 [DEBUG] [aiosqlite:104] executing functools.partial(<built-in method close of sqlite3.Connection object at 0x00000223ABD15210>)
2025-07-16 14:13:34,351 [DEBUG] [aiosqlite:106] operation functools.partial(<built-in method close of sqlite3.Connection object at 0x00000223ABD15210>) completed
2025-07-16 14:13:34,684 [INFO] [aiogram.event:172] Update id=861001294 is handled. Duration 407 ms by bot id=7637424219
2025-07-16 14:13:37,472 [DEBUG] [aiosqlite:104] executing <function connect.<locals>.connector at 0x00000223ABD2FB00>
2025-07-16 14:13:37,474 [DEBUG] [aiosqlite:106] operation <function connect.<locals>.connector at 0x00000223ABD2FB00> completed
2025-07-16 14:13:37,475 [DEBUG] [aiosqlite:104] executing functools.partial(<built-in method execute of sqlite3.Connection object at 0x00000223ABD155D0>, 'SELECT first_name, last_name, role FROM users WHERE user_id = ?', (1018880781,))
2025-07-16 14:13:37,477 [DEBUG] [aiosqlite:106] operation functools.partial(<built-in method execute of sqlite3.Connection object at 0x00000223ABD155D0>, 'SELECT first_name, last_name, role FROM users WHERE user_id = ?', (1018880781,)) completed
2025-07-16 14:13:37,478 [DEBUG] [aiosqlite:104] executing functools.partial(<built-in method fetchone of sqlite3.Cursor object at 0x00000223ABD78DC0>)
2025-07-16 14:13:37,480 [DEBUG] [aiosqlite:106] operation functools.partial(<built-in method fetchone of sqlite3.Cursor object at 0x00000223ABD78DC0>) completed
2025-07-16 14:13:37,481 [DEBUG] [aiosqlite:104] executing functools.partial(<built-in method close of sqlite3.Connection object at 0x00000223ABD155D0>)
2025-07-16 14:13:37,482 [DEBUG] [aiosqlite:106] operation functools.partial(<built-in method close of sqlite3.Connection object at 0x00000223ABD155D0>) completed
2025-07-16 14:13:40,500 [INFO] [aiogram.event:172] Update id=861001295 is handled. Duration 3031 ms by bot id=7637424219
2025-07-16 14:13:44,677 [INFO] [aiogram.event:172] Update id=861001296 is handled. Duration 1234 ms by bot id=7637424219
2025-07-16 14:13:57,459 [DEBUG] [aiosqlite:104] executing <function connect.<locals>.connector at 0x00000223ABD2FC40>
2025-07-16 14:13:57,461 [DEBUG] [aiosqlite:106] operation <function connect.<locals>.connector at 0x00000223ABD2FC40> completed
2025-07-16 14:13:57,463 [DEBUG] [aiosqlite:104] executing functools.partial(<built-in method execute of sqlite3.Connection object at 0x00000223ABD15D50>, 'SELECT first_name, last_name, role FROM users WHERE user_id = ?', (1018880781,))
2025-07-16 14:13:57,465 [DEBUG] [aiosqlite:106] operation functools.partial(<built-in method execute of sqlite3.Connection object at 0x00000223ABD15D50>, 'SELECT first_name, last_name, role FROM users WHERE user_id = ?', (1018880781,)) completed
2025-07-16 14:13:57,467 [DEBUG] [aiosqlite:104] executing functools.partial(<built-in method fetchone of sqlite3.Cursor object at 0x00000223ABDA0A40>)
2025-07-16 14:13:57,468 [DEBUG] [aiosqlite:106] operation functools.partial(<built-in method fetchone of sqlite3.Cursor object at 0x00000223ABDA0A40>) completed
2025-07-16 14:13:57,471 [DEBUG] [aiosqlite:104] executing functools.partial(<built-in method close of sqlite3.Connection object at 0x00000223ABD15D50>)
2025-07-16 14:13:57,472 [DEBUG] [aiosqlite:106] operation functools.partial(<built-in method close of sqlite3.Connection object at 0x00000223ABD15D50>) completed
2025-07-16 14:13:57,475 [DEBUG] [aiosqlite:104] executing <function connect.<locals>.connector at 0x00000223ABD2FCE0>
2025-07-16 14:13:57,477 [DEBUG] [aiosqlite:106] operation <function connect.<locals>.connector at 0x00000223ABD2FCE0> completed
2025-07-16 14:13:57,479 [DEBUG] [aiosqlite:104] executing functools.partial(<built-in method execute of sqlite3.Connection object at 0x00000223ABD156C0>, 'SELECT first_name, last_name, role FROM users WHERE user_id = ?', (1018880781,))
2025-07-16 14:13:57,482 [DEBUG] [aiosqlite:106] operation functools.partial(<built-in method execute of sqlite3.Connection object at 0x00000223ABD156C0>, 'SELECT first_name, last_name, role FROM users WHERE user_id = ?', (1018880781,)) completed
2025-07-16 14:13:57,484 [DEBUG] [aiosqlite:104] executing functools.partial(<built-in method fetchone of sqlite3.Cursor object at 0x00000223ABDA14C0>)
2025-07-16 14:13:57,485 [DEBUG] [aiosqlite:106] operation functools.partial(<built-in method fetchone of sqlite3.Cursor object at 0x00000223ABDA14C0>) completed
2025-07-16 14:13:57,486 [DEBUG] [aiosqlite:104] executing functools.partial(<built-in method close of sqlite3.Connection object at 0x00000223ABD156C0>)
2025-07-16 14:13:57,488 [DEBUG] [aiosqlite:106] operation functools.partial(<built-in method close of sqlite3.Connection object at 0x00000223ABD156C0>) completed
2025-07-16 14:13:57,515 [INFO] [aiogram.event:172] Update id=861001297 is not handled. Duration 56 ms by bot id=7637424219
2025-07-16 14:13:57,515 [ERROR] [aiogram.event:315] Cause exception while process update id=861001297 by bot id=7637424219
AttributeError: 'Settings' object has no attribute 'GOOGLE_SHEETS_SCOPES'
Traceback (most recent call last):
  File "C:\Users\DELL\AppData\Local\Programs\Python\Python313\Lib\site-packages\aiogram\dispatcher\dispatcher.py", line 309, in _process_update
    response = await self.feed_update(bot, update, **kwargs)
               ^^^^^^^^^^^^^^^^^^^^^^^^^^^^^^^^^^^^^^^^^^^^^
  File "C:\Users\DELL\AppData\Local\Programs\Python\Python313\Lib\site-packages\aiogram\dispatcher\dispatcher.py", line 158, in feed_update
    response = await self.update.wrap_outer_middleware(
               ^^^^^^^^^^^^^^^^^^^^^^^^^^^^^^^^^^^^^^^^
    ...<7 lines>...
    )
    ^
  File "C:\Users\DELL\AppData\Local\Programs\Python\Python313\Lib\site-packages\aiogram\dispatcher\middlewares\error.py", line 25, in __call__
    return await handler(event, data)
           ^^^^^^^^^^^^^^^^^^^^^^^^^^
  File "C:\Users\DELL\AppData\Local\Programs\Python\Python313\Lib\site-packages\aiogram\dispatcher\middlewares\user_context.py", line 56, in __call__
    return await handler(event, data)
           ^^^^^^^^^^^^^^^^^^^^^^^^^^
  File "C:\Users\DELL\AppData\Local\Programs\Python\Python313\Lib\site-packages\aiogram\fsm\middleware.py", line 42, in __call__
    return await handler(event, data)
           ^^^^^^^^^^^^^^^^^^^^^^^^^^
  File "C:\Users\DELL\AppData\Local\Programs\Python\Python313\Lib\site-packages\aiogram\dispatcher\event\telegram.py", line 121, in trigger
    return await wrapped_inner(event, kwargs)
           ^^^^^^^^^^^^^^^^^^^^^^^^^^^^^^^^^^
  File "C:\Users\DELL\AppData\Local\Programs\Python\Python313\Lib\site-packages\aiogram\dispatcher\event\handler.py", line 43, in call
    return await wrapped()
           ^^^^^^^^^^^^^^^
  File "C:\Users\DELL\AppData\Local\Programs\Python\Python313\Lib\site-packages\aiogram\dispatcher\dispatcher.py", line 276, in _listen_update
    return await self.propagate_event(update_type=update_type, event=event, **kwargs)
           ^^^^^^^^^^^^^^^^^^^^^^^^^^^^^^^^^^^^^^^^^^^^^^^^^^^^^^^^^^^^^^^^^^^^^^^^^^
  File "C:\Users\DELL\AppData\Local\Programs\Python\Python313\Lib\site-packages\aiogram\dispatcher\router.py", line 146, in propagate_event
    return await observer.wrap_outer_middleware(_wrapped, event=event, data=kwargs)
           ^^^^^^^^^^^^^^^^^^^^^^^^^^^^^^^^^^^^^^^^^^^^^^^^^^^^^^^^^^^^^^^^^^^^^^^^
  File "C:\Users\DELL\AppData\Local\Programs\Python\Python313\Lib\site-packages\aiogram\dispatcher\router.py", line 141, in _wrapped
    return await self._propagate_event(
           ^^^^^^^^^^^^^^^^^^^^^^^^^^^^
        observer=observer, update_type=update_type, event=telegram_event, **data
        ^^^^^^^^^^^^^^^^^^^^^^^^^^^^^^^^^^^^^^^^^^^^^^^^^^^^^^^^^^^^^^^^^^^^^^^^
    )
    ^
  File "C:\Users\DELL\AppData\Local\Programs\Python\Python313\Lib\site-packages\aiogram\dispatcher\router.py", line 174, in _propagate_event
    response = await router.propagate_event(update_type=update_type, event=event, **kwargs)
               ^^^^^^^^^^^^^^^^^^^^^^^^^^^^^^^^^^^^^^^^^^^^^^^^^^^^^^^^^^^^^^^^^^^^^^^^^^^^
  File "C:\Users\DELL\AppData\Local\Programs\Python\Python313\Lib\site-packages\aiogram\dispatcher\router.py", line 146, in propagate_event
    return await observer.wrap_outer_middleware(_wrapped, event=event, data=kwargs)
           ^^^^^^^^^^^^^^^^^^^^^^^^^^^^^^^^^^^^^^^^^^^^^^^^^^^^^^^^^^^^^^^^^^^^^^^^
  File "C:\Users\DELL\AppData\Local\Programs\Python\Python313\Lib\site-packages\aiogram\dispatcher\router.py", line 141, in _wrapped
    return await self._propagate_event(
           ^^^^^^^^^^^^^^^^^^^^^^^^^^^^
        observer=observer, update_type=update_type, event=telegram_event, **data
        ^^^^^^^^^^^^^^^^^^^^^^^^^^^^^^^^^^^^^^^^^^^^^^^^^^^^^^^^^^^^^^^^^^^^^^^^
    )
    ^
  File "C:\Users\DELL\AppData\Local\Programs\Python\Python313\Lib\site-packages\aiogram\dispatcher\router.py", line 166, in _propagate_event
    response = await observer.trigger(event, **kwargs)
               ^^^^^^^^^^^^^^^^^^^^^^^^^^^^^^^^^^^^^^^
  File "C:\Users\DELL\AppData\Local\Programs\Python\Python313\Lib\site-packages\aiogram\dispatcher\event\telegram.py", line 121, in trigger
    return await wrapped_inner(event, kwargs)
           ^^^^^^^^^^^^^^^^^^^^^^^^^^^^^^^^^^
  File "C:\Users\DELL\AppData\Local\Programs\Python\Python313\Lib\site-packages\aiogram\dispatcher\event\handler.py", line 43, in call
    return await wrapped()
           ^^^^^^^^^^^^^^^
  File "C:\Users\DELL\Desktop\gpt\Masterbot1\handlers\polls.py", line 289, in handle_poll_answer
    await _sync_leader_report()
  File "C:\Users\DELL\Desktop\gpt\Masterbot1\handlers\polls.py", line 294, in _sync_leader_report
    new_text = await generate_poll_report()
               ^^^^^^^^^^^^^^^^^^^^^^^^^^^^
  File "C:\Users\DELL\Desktop\gpt\Masterbot1\handlers\polls.py", line 222, in generate_poll_report
    status = await get_user_status_from_svetofor(u["user_id"], game)
             ^^^^^^^^^^^^^^^^^^^^^^^^^^^^^^^^^^^^^^^^^^^^^^^^^^^^^^^
  File "C:\Users\DELL\Desktop\gpt\Masterbot1\services\gsheets.py", line 119, in get_user_status_from_svetofor
    _init_svetofor()
    ~~~~~~~~~~~~~~^^
  File "C:\Users\DELL\Desktop\gpt\Masterbot1\services\gsheets.py", line 40, in _init_svetofor
    scopes = settings.google_sheets_scopes if hasattr(settings, "google_sheets_scopes") else settings.GOOGLE_SHEETS_SCOPES  # type: ignore
                                                                                             ^^^^^^^^^^^^^^^^^^^^^^^^^^^^^
  File "C:\Users\DELL\AppData\Local\Programs\Python\Python313\Lib\site-packages\pydantic\main.py", line 991, in __getattr__
    raise AttributeError(f'{type(self).__name__!r} object has no attribute {item!r}')
AttributeError: 'Settings' object has no attribute 'GOOGLE_SHEETS_SCOPES'
2025-07-16 14:14:11,398 [INFO] [aiogram.event:172] Update id=861001298 is handled. Duration 906 ms by bot id=7637424219
2025-07-16 14:14:15,917 [DEBUG] [aiosqlite:104] executing <function connect.<locals>.connector at 0x00000223ABD2FD80>
2025-07-16 14:14:15,918 [DEBUG] [aiosqlite:106] operation <function connect.<locals>.connector at 0x00000223ABD2FD80> completed
2025-07-16 14:14:15,919 [DEBUG] [aiosqlite:104] executing functools.partial(<built-in method execute of sqlite3.Connection object at 0x00000223ABD15D50>, 'SELECT first_name, last_name, role FROM users WHERE user_id = ?', (1018880781,))
2025-07-16 14:14:15,920 [DEBUG] [aiosqlite:106] operation functools.partial(<built-in method execute of sqlite3.Connection object at 0x00000223ABD15D50>, 'SELECT first_name, last_name, role FROM users WHERE user_id = ?', (1018880781,)) completed
2025-07-16 14:14:15,921 [DEBUG] [aiosqlite:104] executing functools.partial(<built-in method fetchone of sqlite3.Cursor object at 0x00000223ABD915C0>)
2025-07-16 14:14:15,921 [DEBUG] [aiosqlite:106] operation functools.partial(<built-in method fetchone of sqlite3.Cursor object at 0x00000223ABD915C0>) completed
2025-07-16 14:14:15,922 [DEBUG] [aiosqlite:104] executing functools.partial(<built-in method close of sqlite3.Connection object at 0x00000223ABD15D50>)
2025-07-16 14:14:15,923 [DEBUG] [aiosqlite:106] operation functools.partial(<built-in method close of sqlite3.Connection object at 0x00000223ABD15D50>) completed
2025-07-16 14:14:16,147 [INFO] [aiogram.event:172] Update id=861001299 is handled. Duration 231 ms by bot id=7637424219
2025-07-16 14:15:48,449 [INFO] [aiogram.event:172] Update id=861001300 is handled. Duration 0 ms by bot id=7637424219
2025-07-16 14:15:55,423 [DEBUG] [aiosqlite:104] executing <function connect.<locals>.connector at 0x00000223ABD2F560>
2025-07-16 14:15:55,480 [DEBUG] [aiosqlite:106] operation <function connect.<locals>.connector at 0x00000223ABD2F560> completed
2025-07-16 14:15:55,481 [DEBUG] [aiosqlite:104] executing functools.partial(<built-in method execute of sqlite3.Connection object at 0x00000223ABD15D50>, 'SELECT first_name, last_name, role FROM users WHERE user_id = ?', (5073681134,))
2025-07-16 14:15:55,514 [DEBUG] [aiosqlite:106] operation functools.partial(<built-in method execute of sqlite3.Connection object at 0x00000223ABD15D50>, 'SELECT first_name, last_name, role FROM users WHERE user_id = ?', (5073681134,)) completed
2025-07-16 14:15:55,517 [DEBUG] [aiosqlite:104] executing functools.partial(<built-in method fetchone of sqlite3.Cursor object at 0x00000223ABD92240>)
2025-07-16 14:15:55,522 [DEBUG] [aiosqlite:106] operation functools.partial(<built-in method fetchone of sqlite3.Cursor object at 0x00000223ABD92240>) completed
2025-07-16 14:15:55,525 [DEBUG] [aiosqlite:104] executing functools.partial(<built-in method close of sqlite3.Connection object at 0x00000223ABD15D50>)
2025-07-16 14:15:55,527 [DEBUG] [aiosqlite:106] operation functools.partial(<built-in method close of sqlite3.Connection object at 0x00000223ABD15D50>) completed
2025-07-16 14:15:55,529 [DEBUG] [aiosqlite:104] executing <function connect.<locals>.connector at 0x00000223ABD2E0C0>
2025-07-16 14:15:55,531 [DEBUG] [aiosqlite:106] operation <function connect.<locals>.connector at 0x00000223ABD2E0C0> completed
2025-07-16 14:15:55,532 [DEBUG] [aiosqlite:104] executing functools.partial(<built-in method execute of sqlite3.Connection object at 0x00000223ABD15990>, 'SELECT first_name, last_name, role FROM users WHERE user_id = ?', (1018880781,))
2025-07-16 14:15:55,534 [DEBUG] [aiosqlite:106] operation functools.partial(<built-in method execute of sqlite3.Connection object at 0x00000223ABD15990>, 'SELECT first_name, last_name, role FROM users WHERE user_id = ?', (1018880781,)) completed
2025-07-16 14:15:55,536 [DEBUG] [aiosqlite:104] executing functools.partial(<built-in method fetchone of sqlite3.Cursor object at 0x00000223ABD91B40>)
2025-07-16 14:15:55,544 [DEBUG] [aiosqlite:106] operation functools.partial(<built-in method fetchone of sqlite3.Cursor object at 0x00000223ABD91B40>) completed
2025-07-16 14:15:55,547 [DEBUG] [aiosqlite:104] executing functools.partial(<built-in method close of sqlite3.Connection object at 0x00000223ABD15990>)
2025-07-16 14:15:55,547 [DEBUG] [aiosqlite:106] operation functools.partial(<built-in method close of sqlite3.Connection object at 0x00000223ABD15990>) completed
2025-07-16 14:15:55,550 [INFO] [aiogram.event:172] Update id=861001301 is not handled. Duration 127 ms by bot id=7637424219
2025-07-16 14:15:55,559 [ERROR] [aiogram.event:315] Cause exception while process update id=861001301 by bot id=7637424219
AttributeError: 'Settings' object has no attribute 'GOOGLE_SHEETS_SCOPES'
Traceback (most recent call last):
  File "C:\Users\DELL\AppData\Local\Programs\Python\Python313\Lib\site-packages\aiogram\dispatcher\dispatcher.py", line 309, in _process_update
    response = await self.feed_update(bot, update, **kwargs)
               ^^^^^^^^^^^^^^^^^^^^^^^^^^^^^^^^^^^^^^^^^^^^^
  File "C:\Users\DELL\AppData\Local\Programs\Python\Python313\Lib\site-packages\aiogram\dispatcher\dispatcher.py", line 158, in feed_update
    response = await self.update.wrap_outer_middleware(
               ^^^^^^^^^^^^^^^^^^^^^^^^^^^^^^^^^^^^^^^^
    ...<7 lines>...
    )
    ^
  File "C:\Users\DELL\AppData\Local\Programs\Python\Python313\Lib\site-packages\aiogram\dispatcher\middlewares\error.py", line 25, in __call__
    return await handler(event, data)
           ^^^^^^^^^^^^^^^^^^^^^^^^^^
  File "C:\Users\DELL\AppData\Local\Programs\Python\Python313\Lib\site-packages\aiogram\dispatcher\middlewares\user_context.py", line 56, in __call__
    return await handler(event, data)
           ^^^^^^^^^^^^^^^^^^^^^^^^^^
  File "C:\Users\DELL\AppData\Local\Programs\Python\Python313\Lib\site-packages\aiogram\fsm\middleware.py", line 42, in __call__
    return await handler(event, data)
           ^^^^^^^^^^^^^^^^^^^^^^^^^^
  File "C:\Users\DELL\AppData\Local\Programs\Python\Python313\Lib\site-packages\aiogram\dispatcher\event\telegram.py", line 121, in trigger
    return await wrapped_inner(event, kwargs)
           ^^^^^^^^^^^^^^^^^^^^^^^^^^^^^^^^^^
  File "C:\Users\DELL\AppData\Local\Programs\Python\Python313\Lib\site-packages\aiogram\dispatcher\event\handler.py", line 43, in call
    return await wrapped()
           ^^^^^^^^^^^^^^^
  File "C:\Users\DELL\AppData\Local\Programs\Python\Python313\Lib\site-packages\aiogram\dispatcher\dispatcher.py", line 276, in _listen_update
    return await self.propagate_event(update_type=update_type, event=event, **kwargs)
           ^^^^^^^^^^^^^^^^^^^^^^^^^^^^^^^^^^^^^^^^^^^^^^^^^^^^^^^^^^^^^^^^^^^^^^^^^^
  File "C:\Users\DELL\AppData\Local\Programs\Python\Python313\Lib\site-packages\aiogram\dispatcher\router.py", line 146, in propagate_event
    return await observer.wrap_outer_middleware(_wrapped, event=event, data=kwargs)
           ^^^^^^^^^^^^^^^^^^^^^^^^^^^^^^^^^^^^^^^^^^^^^^^^^^^^^^^^^^^^^^^^^^^^^^^^
  File "C:\Users\DELL\AppData\Local\Programs\Python\Python313\Lib\site-packages\aiogram\dispatcher\router.py", line 141, in _wrapped
    return await self._propagate_event(
           ^^^^^^^^^^^^^^^^^^^^^^^^^^^^
        observer=observer, update_type=update_type, event=telegram_event, **data
        ^^^^^^^^^^^^^^^^^^^^^^^^^^^^^^^^^^^^^^^^^^^^^^^^^^^^^^^^^^^^^^^^^^^^^^^^
    )
    ^
  File "C:\Users\DELL\AppData\Local\Programs\Python\Python313\Lib\site-packages\aiogram\dispatcher\router.py", line 174, in _propagate_event
    response = await router.propagate_event(update_type=update_type, event=event, **kwargs)
               ^^^^^^^^^^^^^^^^^^^^^^^^^^^^^^^^^^^^^^^^^^^^^^^^^^^^^^^^^^^^^^^^^^^^^^^^^^^^
  File "C:\Users\DELL\AppData\Local\Programs\Python\Python313\Lib\site-packages\aiogram\dispatcher\router.py", line 146, in propagate_event
    return await observer.wrap_outer_middleware(_wrapped, event=event, data=kwargs)
           ^^^^^^^^^^^^^^^^^^^^^^^^^^^^^^^^^^^^^^^^^^^^^^^^^^^^^^^^^^^^^^^^^^^^^^^^
  File "C:\Users\DELL\AppData\Local\Programs\Python\Python313\Lib\site-packages\aiogram\dispatcher\router.py", line 141, in _wrapped
    return await self._propagate_event(
           ^^^^^^^^^^^^^^^^^^^^^^^^^^^^
        observer=observer, update_type=update_type, event=telegram_event, **data
        ^^^^^^^^^^^^^^^^^^^^^^^^^^^^^^^^^^^^^^^^^^^^^^^^^^^^^^^^^^^^^^^^^^^^^^^^
    )
    ^
  File "C:\Users\DELL\AppData\Local\Programs\Python\Python313\Lib\site-packages\aiogram\dispatcher\router.py", line 166, in _propagate_event
    response = await observer.trigger(event, **kwargs)
               ^^^^^^^^^^^^^^^^^^^^^^^^^^^^^^^^^^^^^^^
  File "C:\Users\DELL\AppData\Local\Programs\Python\Python313\Lib\site-packages\aiogram\dispatcher\event\telegram.py", line 121, in trigger
    return await wrapped_inner(event, kwargs)
           ^^^^^^^^^^^^^^^^^^^^^^^^^^^^^^^^^^
  File "C:\Users\DELL\AppData\Local\Programs\Python\Python313\Lib\site-packages\aiogram\dispatcher\event\handler.py", line 43, in call
    return await wrapped()
           ^^^^^^^^^^^^^^^
  File "C:\Users\DELL\Desktop\gpt\Masterbot1\handlers\polls.py", line 289, in handle_poll_answer
    await _sync_leader_report()
  File "C:\Users\DELL\Desktop\gpt\Masterbot1\handlers\polls.py", line 294, in _sync_leader_report
    new_text = await generate_poll_report()
               ^^^^^^^^^^^^^^^^^^^^^^^^^^^^
  File "C:\Users\DELL\Desktop\gpt\Masterbot1\handlers\polls.py", line 222, in generate_poll_report
    status = await get_user_status_from_svetofor(u["user_id"], game)
             ^^^^^^^^^^^^^^^^^^^^^^^^^^^^^^^^^^^^^^^^^^^^^^^^^^^^^^^
  File "C:\Users\DELL\Desktop\gpt\Masterbot1\services\gsheets.py", line 119, in get_user_status_from_svetofor
    _init_svetofor()
    ~~~~~~~~~~~~~~^^
  File "C:\Users\DELL\Desktop\gpt\Masterbot1\services\gsheets.py", line 40, in _init_svetofor
    scopes = settings.google_sheets_scopes if hasattr(settings, "google_sheets_scopes") else settings.GOOGLE_SHEETS_SCOPES  # type: ignore
                                                                                             ^^^^^^^^^^^^^^^^^^^^^^^^^^^^^
  File "C:\Users\DELL\AppData\Local\Programs\Python\Python313\Lib\site-packages\pydantic\main.py", line 991, in __getattr__
    raise AttributeError(f'{type(self).__name__!r} object has no attribute {item!r}')
AttributeError: 'Settings' object has no attribute 'GOOGLE_SHEETS_SCOPES'
2025-07-16 14:16:18,074 [DEBUG] [aiosqlite:104] executing <function connect.<locals>.connector at 0x00000223ABD2FD80>
2025-07-16 14:16:18,077 [DEBUG] [aiosqlite:106] operation <function connect.<locals>.connector at 0x00000223ABD2FD80> completed
2025-07-16 14:16:18,078 [DEBUG] [aiosqlite:104] executing functools.partial(<built-in method execute of sqlite3.Connection object at 0x00000223ABD153F0>, 'SELECT first_name, last_name, role FROM users WHERE user_id = ?', (864616607,))
2025-07-16 14:16:18,080 [DEBUG] [aiosqlite:106] operation functools.partial(<built-in method execute of sqlite3.Connection object at 0x00000223ABD153F0>, 'SELECT first_name, last_name, role FROM users WHERE user_id = ?', (864616607,)) completed
2025-07-16 14:16:18,082 [DEBUG] [aiosqlite:104] executing functools.partial(<built-in method fetchone of sqlite3.Cursor object at 0x00000223ABD92940>)
2025-07-16 14:16:18,083 [DEBUG] [aiosqlite:106] operation functools.partial(<built-in method fetchone of sqlite3.Cursor object at 0x00000223ABD92940>) completed
2025-07-16 14:16:18,085 [DEBUG] [aiosqlite:104] executing functools.partial(<built-in method close of sqlite3.Connection object at 0x00000223ABD153F0>)
2025-07-16 14:16:18,086 [DEBUG] [aiosqlite:106] operation functools.partial(<built-in method close of sqlite3.Connection object at 0x00000223ABD153F0>) completed
2025-07-16 14:16:18,093 [DEBUG] [aiosqlite:104] executing <function connect.<locals>.connector at 0x00000223ABD982C0>
2025-07-16 14:16:18,095 [DEBUG] [aiosqlite:106] operation <function connect.<locals>.connector at 0x00000223ABD982C0> completed
2025-07-16 14:16:18,097 [DEBUG] [aiosqlite:104] executing functools.partial(<built-in method execute of sqlite3.Connection object at 0x00000223ABD14F40>, 'SELECT first_name, last_name, role FROM users WHERE user_id = ?', (1018880781,))
2025-07-16 14:16:18,099 [DEBUG] [aiosqlite:106] operation functools.partial(<built-in method execute of sqlite3.Connection object at 0x00000223ABD14F40>, 'SELECT first_name, last_name, role FROM users WHERE user_id = ?', (1018880781,)) completed
2025-07-16 14:16:18,101 [DEBUG] [aiosqlite:104] executing functools.partial(<built-in method fetchone of sqlite3.Cursor object at 0x00000223ABD920C0>)
2025-07-16 14:16:18,102 [DEBUG] [aiosqlite:106] operation functools.partial(<built-in method fetchone of sqlite3.Cursor object at 0x00000223ABD920C0>) completed
2025-07-16 14:16:18,103 [DEBUG] [aiosqlite:104] executing functools.partial(<built-in method close of sqlite3.Connection object at 0x00000223ABD14F40>)
2025-07-16 14:16:18,105 [DEBUG] [aiosqlite:106] operation functools.partial(<built-in method close of sqlite3.Connection object at 0x00000223ABD14F40>) completed
2025-07-16 14:16:18,107 [DEBUG] [aiosqlite:104] executing <function connect.<locals>.connector at 0x00000223ABD2F1A0>
2025-07-16 14:16:18,111 [DEBUG] [aiosqlite:106] operation <function connect.<locals>.connector at 0x00000223ABD2F1A0> completed
2025-07-16 14:16:18,111 [DEBUG] [aiosqlite:104] executing functools.partial(<built-in method execute of sqlite3.Connection object at 0x00000223ABD15990>, 'SELECT first_name, last_name, role FROM users WHERE user_id = ?', (864616607,))
2025-07-16 14:16:18,113 [DEBUG] [aiosqlite:106] operation functools.partial(<built-in method execute of sqlite3.Connection object at 0x00000223ABD15990>, 'SELECT first_name, last_name, role FROM users WHERE user_id = ?', (864616607,)) completed
2025-07-16 14:16:18,114 [DEBUG] [aiosqlite:104] executing functools.partial(<built-in method fetchone of sqlite3.Cursor object at 0x00000223ABE02CC0>)
2025-07-16 14:16:18,114 [DEBUG] [aiosqlite:106] operation functools.partial(<built-in method fetchone of sqlite3.Cursor object at 0x00000223ABE02CC0>) completed
2025-07-16 14:16:18,115 [DEBUG] [aiosqlite:104] executing functools.partial(<built-in method close of sqlite3.Connection object at 0x00000223ABD15990>)
2025-07-16 14:16:18,116 [DEBUG] [aiosqlite:106] operation functools.partial(<built-in method close of sqlite3.Connection object at 0x00000223ABD15990>) completed
2025-07-16 14:16:18,117 [INFO] [aiogram.event:172] Update id=861001302 is not handled. Duration 45 ms by bot id=7637424219
2025-07-16 14:16:18,118 [ERROR] [aiogram.event:315] Cause exception while process update id=861001302 by bot id=7637424219
AttributeError: 'Settings' object has no attribute 'GOOGLE_SHEETS_SCOPES'
Traceback (most recent call last):
  File "C:\Users\DELL\AppData\Local\Programs\Python\Python313\Lib\site-packages\aiogram\dispatcher\dispatcher.py", line 309, in _process_update
    response = await self.feed_update(bot, update, **kwargs)
               ^^^^^^^^^^^^^^^^^^^^^^^^^^^^^^^^^^^^^^^^^^^^^
  File "C:\Users\DELL\AppData\Local\Programs\Python\Python313\Lib\site-packages\aiogram\dispatcher\dispatcher.py", line 158, in feed_update
    response = await self.update.wrap_outer_middleware(
               ^^^^^^^^^^^^^^^^^^^^^^^^^^^^^^^^^^^^^^^^
    ...<7 lines>...
    )
    ^
  File "C:\Users\DELL\AppData\Local\Programs\Python\Python313\Lib\site-packages\aiogram\dispatcher\middlewares\error.py", line 25, in __call__
    return await handler(event, data)
           ^^^^^^^^^^^^^^^^^^^^^^^^^^
  File "C:\Users\DELL\AppData\Local\Programs\Python\Python313\Lib\site-packages\aiogram\dispatcher\middlewares\user_context.py", line 56, in __call__
    return await handler(event, data)
           ^^^^^^^^^^^^^^^^^^^^^^^^^^
  File "C:\Users\DELL\AppData\Local\Programs\Python\Python313\Lib\site-packages\aiogram\fsm\middleware.py", line 42, in __call__
    return await handler(event, data)
           ^^^^^^^^^^^^^^^^^^^^^^^^^^
  File "C:\Users\DELL\AppData\Local\Programs\Python\Python313\Lib\site-packages\aiogram\dispatcher\event\telegram.py", line 121, in trigger
    return await wrapped_inner(event, kwargs)
           ^^^^^^^^^^^^^^^^^^^^^^^^^^^^^^^^^^
  File "C:\Users\DELL\AppData\Local\Programs\Python\Python313\Lib\site-packages\aiogram\dispatcher\event\handler.py", line 43, in call
    return await wrapped()
           ^^^^^^^^^^^^^^^
  File "C:\Users\DELL\AppData\Local\Programs\Python\Python313\Lib\site-packages\aiogram\dispatcher\dispatcher.py", line 276, in _listen_update
    return await self.propagate_event(update_type=update_type, event=event, **kwargs)
           ^^^^^^^^^^^^^^^^^^^^^^^^^^^^^^^^^^^^^^^^^^^^^^^^^^^^^^^^^^^^^^^^^^^^^^^^^^
  File "C:\Users\DELL\AppData\Local\Programs\Python\Python313\Lib\site-packages\aiogram\dispatcher\router.py", line 146, in propagate_event
    return await observer.wrap_outer_middleware(_wrapped, event=event, data=kwargs)
           ^^^^^^^^^^^^^^^^^^^^^^^^^^^^^^^^^^^^^^^^^^^^^^^^^^^^^^^^^^^^^^^^^^^^^^^^
  File "C:\Users\DELL\AppData\Local\Programs\Python\Python313\Lib\site-packages\aiogram\dispatcher\router.py", line 141, in _wrapped
    return await self._propagate_event(
           ^^^^^^^^^^^^^^^^^^^^^^^^^^^^
        observer=observer, update_type=update_type, event=telegram_event, **data
        ^^^^^^^^^^^^^^^^^^^^^^^^^^^^^^^^^^^^^^^^^^^^^^^^^^^^^^^^^^^^^^^^^^^^^^^^
    )
    ^
  File "C:\Users\DELL\AppData\Local\Programs\Python\Python313\Lib\site-packages\aiogram\dispatcher\router.py", line 174, in _propagate_event
    response = await router.propagate_event(update_type=update_type, event=event, **kwargs)
               ^^^^^^^^^^^^^^^^^^^^^^^^^^^^^^^^^^^^^^^^^^^^^^^^^^^^^^^^^^^^^^^^^^^^^^^^^^^^
  File "C:\Users\DELL\AppData\Local\Programs\Python\Python313\Lib\site-packages\aiogram\dispatcher\router.py", line 146, in propagate_event
    return await observer.wrap_outer_middleware(_wrapped, event=event, data=kwargs)
           ^^^^^^^^^^^^^^^^^^^^^^^^^^^^^^^^^^^^^^^^^^^^^^^^^^^^^^^^^^^^^^^^^^^^^^^^
  File "C:\Users\DELL\AppData\Local\Programs\Python\Python313\Lib\site-packages\aiogram\dispatcher\router.py", line 141, in _wrapped
    return await self._propagate_event(
           ^^^^^^^^^^^^^^^^^^^^^^^^^^^^
        observer=observer, update_type=update_type, event=telegram_event, **data
        ^^^^^^^^^^^^^^^^^^^^^^^^^^^^^^^^^^^^^^^^^^^^^^^^^^^^^^^^^^^^^^^^^^^^^^^^
    )
    ^
  File "C:\Users\DELL\AppData\Local\Programs\Python\Python313\Lib\site-packages\aiogram\dispatcher\router.py", line 166, in _propagate_event
    response = await observer.trigger(event, **kwargs)
               ^^^^^^^^^^^^^^^^^^^^^^^^^^^^^^^^^^^^^^^
  File "C:\Users\DELL\AppData\Local\Programs\Python\Python313\Lib\site-packages\aiogram\dispatcher\event\telegram.py", line 121, in trigger
    return await wrapped_inner(event, kwargs)
           ^^^^^^^^^^^^^^^^^^^^^^^^^^^^^^^^^^
  File "C:\Users\DELL\AppData\Local\Programs\Python\Python313\Lib\site-packages\aiogram\dispatcher\event\handler.py", line 43, in call
    return await wrapped()
           ^^^^^^^^^^^^^^^
  File "C:\Users\DELL\Desktop\gpt\Masterbot1\handlers\polls.py", line 289, in handle_poll_answer
    await _sync_leader_report()
  File "C:\Users\DELL\Desktop\gpt\Masterbot1\handlers\polls.py", line 294, in _sync_leader_report
    new_text = await generate_poll_report()
               ^^^^^^^^^^^^^^^^^^^^^^^^^^^^
  File "C:\Users\DELL\Desktop\gpt\Masterbot1\handlers\polls.py", line 222, in generate_poll_report
    status = await get_user_status_from_svetofor(u["user_id"], game)
             ^^^^^^^^^^^^^^^^^^^^^^^^^^^^^^^^^^^^^^^^^^^^^^^^^^^^^^^
  File "C:\Users\DELL\Desktop\gpt\Masterbot1\services\gsheets.py", line 119, in get_user_status_from_svetofor
    _init_svetofor()
    ~~~~~~~~~~~~~~^^
  File "C:\Users\DELL\Desktop\gpt\Masterbot1\services\gsheets.py", line 40, in _init_svetofor
    scopes = settings.google_sheets_scopes if hasattr(settings, "google_sheets_scopes") else settings.GOOGLE_SHEETS_SCOPES  # type: ignore
                                                                                             ^^^^^^^^^^^^^^^^^^^^^^^^^^^^^
  File "C:\Users\DELL\AppData\Local\Programs\Python\Python313\Lib\site-packages\pydantic\main.py", line 991, in __getattr__
    raise AttributeError(f'{type(self).__name__!r} object has no attribute {item!r}')
AttributeError: 'Settings' object has no attribute 'GOOGLE_SHEETS_SCOPES'
2025-07-16 14:16:37,202 [INFO] [aiogram.event:172] Update id=861001303 is handled. Duration 0 ms by bot id=7637424219
2025-07-16 14:16:49,581 [INFO] [aiogram.event:172] Update id=861001304 is handled. Duration 0 ms by bot id=7637424219
2025-07-16 14:42:37,470 [DEBUG] [asyncio:631] Using proactor: IocpProactor
2025-07-16 14:42:38,232 [INFO] [apscheduler.scheduler:214] Scheduler started
2025-07-16 14:42:38,233 [INFO] [__main__:125] Bot starting… version MasterBot 12.92-refactor
2025-07-16 14:42:38,408 [INFO] [__main__:65] [startup] admin_chat_id загружен: -4738242986
2025-07-16 14:42:38,443 [DEBUG] [aiosqlite:104] executing <function connect.<locals>.connector at 0x00000152778EA020>
2025-07-16 14:42:38,444 [DEBUG] [apscheduler.scheduler:1151] Looking for jobs to run
2025-07-16 14:42:38,479 [DEBUG] [apscheduler.scheduler:1252] No jobs; waiting until a job is added
2025-07-16 14:42:38,625 [DEBUG] [aiosqlite:106] operation <function connect.<locals>.connector at 0x00000152778EA020> completed
2025-07-16 14:42:38,626 [DEBUG] [aiosqlite:104] executing functools.partial(<built-in method execute of sqlite3.Connection object at 0x0000015277894E50>, '\nCREATE TABLE IF NOT EXISTS users (\n    user_id         INTEGER PRIMARY KEY,\n    first_name      TEXT,\n    last_name       TEXT,\n    role            TEXT,\n    scenario_access TEXT,\n    updated_at      TIMESTAMP DEFAULT CURRENT_TIMESTAMP\n);\n', [])
2025-07-16 14:42:38,639 [DEBUG] [aiosqlite:106] operation functools.partial(<built-in method execute of sqlite3.Connection object at 0x0000015277894E50>, '\nCREATE TABLE IF NOT EXISTS users (\n    user_id         INTEGER PRIMARY KEY,\n    first_name      TEXT,\n    last_name       TEXT,\n    role            TEXT,\n    scenario_access TEXT,\n    updated_at      TIMESTAMP DEFAULT CURRENT_TIMESTAMP\n);\n', []) completed
2025-07-16 14:42:38,654 [DEBUG] [aiosqlite:104] executing functools.partial(<built-in method execute of sqlite3.Connection object at 0x0000015277894E50>, "INSERT OR IGNORE INTO users(user_id, role) VALUES (?, 'руководитель')", (1018880781,))
2025-07-16 14:42:38,656 [DEBUG] [aiosqlite:106] operation functools.partial(<built-in method execute of sqlite3.Connection object at 0x0000015277894E50>, "INSERT OR IGNORE INTO users(user_id, role) VALUES (?, 'руководитель')", (1018880781,)) completed
2025-07-16 14:42:38,657 [DEBUG] [aiosqlite:104] executing functools.partial(<built-in method commit of sqlite3.Connection object at 0x0000015277894E50>)
2025-07-16 14:42:38,658 [DEBUG] [aiosqlite:106] operation functools.partial(<built-in method commit of sqlite3.Connection object at 0x0000015277894E50>) completed
2025-07-16 14:42:38,659 [DEBUG] [aiosqlite:104] executing functools.partial(<built-in method close of sqlite3.Connection object at 0x0000015277894E50>)
2025-07-16 14:42:38,660 [DEBUG] [aiosqlite:106] operation functools.partial(<built-in method close of sqlite3.Connection object at 0x0000015277894E50>) completed
2025-07-16 14:42:38,662 [INFO] [__main__:73] [startup] Конфиг и БД инициализированы, Leader-ID 1018880781 гарантирован
2025-07-16 14:42:38,664 [INFO] [aiogram.dispatcher:566] Start polling
2025-07-16 14:42:39,295 [INFO] [aiogram.dispatcher:363] Run polling for bot @masbot12_bot id=7637424219 - 'masterbot12'
2025-07-16 14:42:39,376 [INFO] [aiogram.event:172] Update id=861001305 is handled. Duration 8 ms by bot id=7637424219
2025-07-16 14:42:39,377 [INFO] [aiogram.event:172] Update id=861001306 is handled. Duration 0 ms by bot id=7637424219
2025-07-16 14:42:39,378 [INFO] [aiogram.event:172] Update id=861001307 is handled. Duration 0 ms by bot id=7637424219
2025-07-16 14:42:46,718 [DEBUG] [aiosqlite:104] executing <function connect.<locals>.connector at 0x00000152778EB7E0>
2025-07-16 14:42:46,723 [DEBUG] [aiosqlite:106] operation <function connect.<locals>.connector at 0x00000152778EB7E0> completed
2025-07-16 14:42:46,737 [DEBUG] [aiosqlite:104] executing functools.partial(<built-in method execute of sqlite3.Connection object at 0x00000152778953F0>, 'SELECT first_name, last_name, role FROM users WHERE user_id = ?', (1018880781,))
2025-07-16 14:42:46,746 [DEBUG] [aiosqlite:106] operation functools.partial(<built-in method execute of sqlite3.Connection object at 0x00000152778953F0>, 'SELECT first_name, last_name, role FROM users WHERE user_id = ?', (1018880781,)) completed
2025-07-16 14:42:46,751 [DEBUG] [aiosqlite:104] executing functools.partial(<built-in method fetchone of sqlite3.Cursor object at 0x00000152778F4840>)
2025-07-16 14:42:46,756 [DEBUG] [aiosqlite:106] operation functools.partial(<built-in method fetchone of sqlite3.Cursor object at 0x00000152778F4840>) completed
2025-07-16 14:42:46,781 [DEBUG] [aiosqlite:104] executing functools.partial(<built-in method close of sqlite3.Connection object at 0x00000152778953F0>)
2025-07-16 14:42:46,802 [DEBUG] [aiosqlite:106] operation functools.partial(<built-in method close of sqlite3.Connection object at 0x00000152778953F0>) completed
2025-07-16 14:42:47,147 [INFO] [aiogram.event:172] Update id=861001308 is handled. Duration 460 ms by bot id=7637424219
2025-07-16 14:42:49,326 [DEBUG] [aiosqlite:104] executing <function connect.<locals>.connector at 0x00000152778EB4C0>
2025-07-16 14:42:49,329 [DEBUG] [aiosqlite:106] operation <function connect.<locals>.connector at 0x00000152778EB4C0> completed
2025-07-16 14:42:49,330 [DEBUG] [aiosqlite:104] executing functools.partial(<built-in method execute of sqlite3.Connection object at 0x00000152778958A0>, 'SELECT first_name, last_name, role FROM users WHERE user_id = ?', (1018880781,))
2025-07-16 14:42:49,332 [DEBUG] [aiosqlite:106] operation functools.partial(<built-in method execute of sqlite3.Connection object at 0x00000152778958A0>, 'SELECT first_name, last_name, role FROM users WHERE user_id = ?', (1018880781,)) completed
2025-07-16 14:42:49,334 [DEBUG] [aiosqlite:104] executing functools.partial(<built-in method fetchone of sqlite3.Cursor object at 0x00000152778F59C0>)
2025-07-16 14:42:49,335 [DEBUG] [aiosqlite:106] operation functools.partial(<built-in method fetchone of sqlite3.Cursor object at 0x00000152778F59C0>) completed
2025-07-16 14:42:49,337 [DEBUG] [aiosqlite:104] executing functools.partial(<built-in method close of sqlite3.Connection object at 0x00000152778958A0>)
2025-07-16 14:42:49,338 [DEBUG] [aiosqlite:106] operation functools.partial(<built-in method close of sqlite3.Connection object at 0x00000152778958A0>) completed
2025-07-16 14:42:52,689 [INFO] [aiogram.event:172] Update id=861001309 is handled. Duration 3365 ms by bot id=7637424219
2025-07-16 14:42:55,416 [INFO] [aiogram.event:172] Update id=861001310 is handled. Duration 569 ms by bot id=7637424219
2025-07-16 14:43:07,221 [DEBUG] [aiosqlite:104] executing <function connect.<locals>.connector at 0x00000152778EA2A0>
2025-07-16 14:43:07,223 [DEBUG] [aiosqlite:106] operation <function connect.<locals>.connector at 0x00000152778EA2A0> completed
2025-07-16 14:43:07,224 [DEBUG] [aiosqlite:104] executing functools.partial(<built-in method execute of sqlite3.Connection object at 0x0000015277895990>, 'SELECT first_name, last_name, role FROM users WHERE user_id = ?', (1018880781,))
2025-07-16 14:43:07,226 [DEBUG] [aiosqlite:106] operation functools.partial(<built-in method execute of sqlite3.Connection object at 0x0000015277895990>, 'SELECT first_name, last_name, role FROM users WHERE user_id = ?', (1018880781,)) completed
2025-07-16 14:43:07,228 [DEBUG] [aiosqlite:104] executing functools.partial(<built-in method fetchone of sqlite3.Cursor object at 0x0000015277917540>)
2025-07-16 14:43:07,228 [DEBUG] [aiosqlite:106] operation functools.partial(<built-in method fetchone of sqlite3.Cursor object at 0x0000015277917540>) completed
2025-07-16 14:43:07,231 [DEBUG] [aiosqlite:104] executing functools.partial(<built-in method close of sqlite3.Connection object at 0x0000015277895990>)
2025-07-16 14:43:07,232 [DEBUG] [aiosqlite:106] operation functools.partial(<built-in method close of sqlite3.Connection object at 0x0000015277895990>) completed
2025-07-16 14:43:10,144 [DEBUG] [aiosqlite:104] executing <function connect.<locals>.connector at 0x00000152778EA2A0>
2025-07-16 14:43:10,146 [DEBUG] [aiosqlite:106] operation <function connect.<locals>.connector at 0x00000152778EA2A0> completed
2025-07-16 14:43:10,147 [DEBUG] [aiosqlite:104] executing functools.partial(<built-in method execute of sqlite3.Connection object at 0x0000015277896020>, 'SELECT first_name, last_name, role FROM users WHERE user_id = ?', (1018880781,))
2025-07-16 14:43:10,149 [DEBUG] [aiosqlite:106] operation functools.partial(<built-in method execute of sqlite3.Connection object at 0x0000015277896020>, 'SELECT first_name, last_name, role FROM users WHERE user_id = ?', (1018880781,)) completed
2025-07-16 14:43:10,151 [DEBUG] [aiosqlite:104] executing functools.partial(<built-in method fetchone of sqlite3.Cursor object at 0x00000152778D4240>)
2025-07-16 14:43:10,153 [DEBUG] [aiosqlite:106] operation functools.partial(<built-in method fetchone of sqlite3.Cursor object at 0x00000152778D4240>) completed
2025-07-16 14:43:10,155 [DEBUG] [aiosqlite:104] executing functools.partial(<built-in method close of sqlite3.Connection object at 0x0000015277896020>)
2025-07-16 14:43:10,156 [DEBUG] [aiosqlite:106] operation functools.partial(<built-in method close of sqlite3.Connection object at 0x0000015277896020>) completed
2025-07-16 14:43:10,459 [INFO] [aiogram.event:172] Update id=861001311 is handled. Duration 3244 ms by bot id=7637424219
2025-07-16 14:43:15,569 [INFO] [aiogram.event:172] Update id=861001312 is handled. Duration 1583 ms by bot id=7637424219
2025-07-16 14:43:28,171 [INFO] [aiogram.event:172] Update id=861001313 is handled. Duration 955 ms by bot id=7637424219
2025-07-16 14:43:31,748 [INFO] [aiogram.event:172] Update id=861001314 is handled. Duration 387 ms by bot id=7637424219
2025-07-16 14:43:35,660 [DEBUG] [aiosqlite:104] executing <function connect.<locals>.connector at 0x00000152778EA2A0>
2025-07-16 14:43:35,662 [DEBUG] [aiosqlite:106] operation <function connect.<locals>.connector at 0x00000152778EA2A0> completed
2025-07-16 14:43:35,663 [DEBUG] [aiosqlite:104] executing functools.partial(<built-in method execute of sqlite3.Connection object at 0x0000015277895C60>, 'SELECT first_name, last_name, role FROM users WHERE user_id = ?', (1018880781,))
2025-07-16 14:43:35,666 [DEBUG] [aiosqlite:106] operation functools.partial(<built-in method execute of sqlite3.Connection object at 0x0000015277895C60>, 'SELECT first_name, last_name, role FROM users WHERE user_id = ?', (1018880781,)) completed
2025-07-16 14:43:35,668 [DEBUG] [aiosqlite:104] executing functools.partial(<built-in method fetchone of sqlite3.Cursor object at 0x0000015277994A40>)
2025-07-16 14:43:35,670 [DEBUG] [aiosqlite:106] operation functools.partial(<built-in method fetchone of sqlite3.Cursor object at 0x0000015277994A40>) completed
2025-07-16 14:43:35,671 [DEBUG] [aiosqlite:104] executing functools.partial(<built-in method close of sqlite3.Connection object at 0x0000015277895C60>)
2025-07-16 14:43:35,672 [DEBUG] [aiosqlite:106] operation functools.partial(<built-in method close of sqlite3.Connection object at 0x0000015277895C60>) completed
2025-07-16 14:43:36,033 [DEBUG] [aiosqlite:104] executing <function connect.<locals>.connector at 0x00000152778EBE20>
2025-07-16 14:43:36,035 [DEBUG] [aiosqlite:106] operation <function connect.<locals>.connector at 0x00000152778EBE20> completed
2025-07-16 14:43:36,036 [DEBUG] [aiosqlite:104] executing functools.partial(<built-in method execute of sqlite3.Connection object at 0x0000015277895C60>, 'SELECT first_name, last_name, role FROM users WHERE user_id = ?', (1018880781,))
2025-07-16 14:43:36,038 [DEBUG] [aiosqlite:106] operation functools.partial(<built-in method execute of sqlite3.Connection object at 0x0000015277895C60>, 'SELECT first_name, last_name, role FROM users WHERE user_id = ?', (1018880781,)) completed
2025-07-16 14:43:36,040 [DEBUG] [aiosqlite:104] executing functools.partial(<built-in method fetchone of sqlite3.Cursor object at 0x0000015277915DC0>)
2025-07-16 14:43:36,042 [DEBUG] [aiosqlite:106] operation functools.partial(<built-in method fetchone of sqlite3.Cursor object at 0x0000015277915DC0>) completed
2025-07-16 14:43:36,044 [DEBUG] [aiosqlite:104] executing functools.partial(<built-in method close of sqlite3.Connection object at 0x0000015277895C60>)
2025-07-16 14:43:36,045 [DEBUG] [aiosqlite:106] operation functools.partial(<built-in method close of sqlite3.Connection object at 0x0000015277895C60>) completed
2025-07-16 14:43:36,356 [INFO] [aiogram.event:172] Update id=861001315 is handled. Duration 701 ms by bot id=7637424219
2025-07-16 14:43:38,995 [INFO] [aiogram.event:172] Update id=861001316 is handled. Duration 1250 ms by bot id=7637424219
2025-07-16 14:43:47,599 [DEBUG] [aiosqlite:104] executing <function connect.<locals>.connector at 0x00000152778EA2A0>
2025-07-16 14:43:47,605 [DEBUG] [aiosqlite:106] operation <function connect.<locals>.connector at 0x00000152778EA2A0> completed
2025-07-16 14:43:47,608 [DEBUG] [aiosqlite:104] executing functools.partial(<built-in method execute of sqlite3.Connection object at 0x00000152778958A0>, 'SELECT first_name, last_name, role FROM users WHERE user_id = ?', (5073681134,))
2025-07-16 14:43:47,623 [DEBUG] [aiosqlite:106] operation functools.partial(<built-in method execute of sqlite3.Connection object at 0x00000152778958A0>, 'SELECT first_name, last_name, role FROM users WHERE user_id = ?', (5073681134,)) completed
2025-07-16 14:43:47,624 [DEBUG] [aiosqlite:104] executing functools.partial(<built-in method fetchone of sqlite3.Cursor object at 0x0000015277996440>)
2025-07-16 14:43:47,625 [DEBUG] [aiosqlite:106] operation functools.partial(<built-in method fetchone of sqlite3.Cursor object at 0x0000015277996440>) completed
2025-07-16 14:43:47,626 [DEBUG] [aiosqlite:104] executing functools.partial(<built-in method close of sqlite3.Connection object at 0x00000152778958A0>)
2025-07-16 14:43:47,635 [DEBUG] [aiosqlite:106] operation functools.partial(<built-in method close of sqlite3.Connection object at 0x00000152778958A0>) completed
2025-07-16 14:43:47,661 [INFO] [aiogram.event:172] Update id=861001317 is not handled. Duration 64 ms by bot id=7637424219
2025-07-16 14:43:47,664 [ERROR] [aiogram.event:315] Cause exception while process update id=861001317 by bot id=7637424219
AttributeError: 'Settings' object has no attribute 'GOOGLE_SHEETS_SCOPES'
Traceback (most recent call last):
  File "C:\Users\DELL\AppData\Local\Programs\Python\Python313\Lib\site-packages\aiogram\dispatcher\dispatcher.py", line 309, in _process_update
    response = await self.feed_update(bot, update, **kwargs)
               ^^^^^^^^^^^^^^^^^^^^^^^^^^^^^^^^^^^^^^^^^^^^^
  File "C:\Users\DELL\AppData\Local\Programs\Python\Python313\Lib\site-packages\aiogram\dispatcher\dispatcher.py", line 158, in feed_update
    response = await self.update.wrap_outer_middleware(
               ^^^^^^^^^^^^^^^^^^^^^^^^^^^^^^^^^^^^^^^^
    ...<7 lines>...
    )
    ^
  File "C:\Users\DELL\AppData\Local\Programs\Python\Python313\Lib\site-packages\aiogram\dispatcher\middlewares\error.py", line 25, in __call__
    return await handler(event, data)
           ^^^^^^^^^^^^^^^^^^^^^^^^^^
  File "C:\Users\DELL\AppData\Local\Programs\Python\Python313\Lib\site-packages\aiogram\dispatcher\middlewares\user_context.py", line 56, in __call__
    return await handler(event, data)
           ^^^^^^^^^^^^^^^^^^^^^^^^^^
  File "C:\Users\DELL\AppData\Local\Programs\Python\Python313\Lib\site-packages\aiogram\fsm\middleware.py", line 42, in __call__
    return await handler(event, data)
           ^^^^^^^^^^^^^^^^^^^^^^^^^^
  File "C:\Users\DELL\AppData\Local\Programs\Python\Python313\Lib\site-packages\aiogram\dispatcher\event\telegram.py", line 121, in trigger
    return await wrapped_inner(event, kwargs)
           ^^^^^^^^^^^^^^^^^^^^^^^^^^^^^^^^^^
  File "C:\Users\DELL\AppData\Local\Programs\Python\Python313\Lib\site-packages\aiogram\dispatcher\event\handler.py", line 43, in call
    return await wrapped()
           ^^^^^^^^^^^^^^^
  File "C:\Users\DELL\AppData\Local\Programs\Python\Python313\Lib\site-packages\aiogram\dispatcher\dispatcher.py", line 276, in _listen_update
    return await self.propagate_event(update_type=update_type, event=event, **kwargs)
           ^^^^^^^^^^^^^^^^^^^^^^^^^^^^^^^^^^^^^^^^^^^^^^^^^^^^^^^^^^^^^^^^^^^^^^^^^^
  File "C:\Users\DELL\AppData\Local\Programs\Python\Python313\Lib\site-packages\aiogram\dispatcher\router.py", line 146, in propagate_event
    return await observer.wrap_outer_middleware(_wrapped, event=event, data=kwargs)
           ^^^^^^^^^^^^^^^^^^^^^^^^^^^^^^^^^^^^^^^^^^^^^^^^^^^^^^^^^^^^^^^^^^^^^^^^
  File "C:\Users\DELL\AppData\Local\Programs\Python\Python313\Lib\site-packages\aiogram\dispatcher\router.py", line 141, in _wrapped
    return await self._propagate_event(
           ^^^^^^^^^^^^^^^^^^^^^^^^^^^^
        observer=observer, update_type=update_type, event=telegram_event, **data
        ^^^^^^^^^^^^^^^^^^^^^^^^^^^^^^^^^^^^^^^^^^^^^^^^^^^^^^^^^^^^^^^^^^^^^^^^
    )
    ^
  File "C:\Users\DELL\AppData\Local\Programs\Python\Python313\Lib\site-packages\aiogram\dispatcher\router.py", line 174, in _propagate_event
    response = await router.propagate_event(update_type=update_type, event=event, **kwargs)
               ^^^^^^^^^^^^^^^^^^^^^^^^^^^^^^^^^^^^^^^^^^^^^^^^^^^^^^^^^^^^^^^^^^^^^^^^^^^^
  File "C:\Users\DELL\AppData\Local\Programs\Python\Python313\Lib\site-packages\aiogram\dispatcher\router.py", line 146, in propagate_event
    return await observer.wrap_outer_middleware(_wrapped, event=event, data=kwargs)
           ^^^^^^^^^^^^^^^^^^^^^^^^^^^^^^^^^^^^^^^^^^^^^^^^^^^^^^^^^^^^^^^^^^^^^^^^
  File "C:\Users\DELL\AppData\Local\Programs\Python\Python313\Lib\site-packages\aiogram\dispatcher\router.py", line 141, in _wrapped
    return await self._propagate_event(
           ^^^^^^^^^^^^^^^^^^^^^^^^^^^^
        observer=observer, update_type=update_type, event=telegram_event, **data
        ^^^^^^^^^^^^^^^^^^^^^^^^^^^^^^^^^^^^^^^^^^^^^^^^^^^^^^^^^^^^^^^^^^^^^^^^
    )
    ^
  File "C:\Users\DELL\AppData\Local\Programs\Python\Python313\Lib\site-packages\aiogram\dispatcher\router.py", line 166, in _propagate_event
    response = await observer.trigger(event, **kwargs)
               ^^^^^^^^^^^^^^^^^^^^^^^^^^^^^^^^^^^^^^^
  File "C:\Users\DELL\AppData\Local\Programs\Python\Python313\Lib\site-packages\aiogram\dispatcher\event\telegram.py", line 121, in trigger
    return await wrapped_inner(event, kwargs)
           ^^^^^^^^^^^^^^^^^^^^^^^^^^^^^^^^^^
  File "C:\Users\DELL\AppData\Local\Programs\Python\Python313\Lib\site-packages\aiogram\dispatcher\event\handler.py", line 43, in call
    return await wrapped()
           ^^^^^^^^^^^^^^^
  File "C:\Users\DELL\Desktop\gpt\Masterbot1\handlers\polls.py", line 313, in handle_poll_answer
    await _sync_leader_report()
  File "C:\Users\DELL\Desktop\gpt\Masterbot1\handlers\polls.py", line 319, in _sync_leader_report
    new_text = await generate_poll_report()
               ^^^^^^^^^^^^^^^^^^^^^^^^^^^^
  File "C:\Users\DELL\Desktop\gpt\Masterbot1\handlers\polls.py", line 245, in generate_poll_report
    status = await get_user_status_from_svetofor(u["user_id"], game)
             ^^^^^^^^^^^^^^^^^^^^^^^^^^^^^^^^^^^^^^^^^^^^^^^^^^^^^^^
  File "C:\Users\DELL\Desktop\gpt\Masterbot1\services\gsheets.py", line 119, in get_user_status_from_svetofor
    _init_svetofor()
    ~~~~~~~~~~~~~~^^
  File "C:\Users\DELL\Desktop\gpt\Masterbot1\services\gsheets.py", line 40, in _init_svetofor
    scopes = settings.google_sheets_scopes if hasattr(settings, "google_sheets_scopes") else settings.GOOGLE_SHEETS_SCOPES  # type: ignore
                                                                                             ^^^^^^^^^^^^^^^^^^^^^^^^^^^^^
  File "C:\Users\DELL\AppData\Local\Programs\Python\Python313\Lib\site-packages\pydantic\main.py", line 991, in __getattr__
    raise AttributeError(f'{type(self).__name__!r} object has no attribute {item!r}')
AttributeError: 'Settings' object has no attribute 'GOOGLE_SHEETS_SCOPES'
2025-07-16 14:43:48,680 [DEBUG] [aiosqlite:104] executing <function connect.<locals>.connector at 0x00000152778E9580>
2025-07-16 14:43:48,683 [DEBUG] [aiosqlite:106] operation <function connect.<locals>.connector at 0x00000152778E9580> completed
2025-07-16 14:43:48,684 [DEBUG] [aiosqlite:104] executing functools.partial(<built-in method execute of sqlite3.Connection object at 0x0000015277896110>, 'SELECT first_name, last_name, role FROM users WHERE user_id = ?', (1018880781,))
2025-07-16 14:43:48,686 [DEBUG] [aiosqlite:106] operation functools.partial(<built-in method execute of sqlite3.Connection object at 0x0000015277896110>, 'SELECT first_name, last_name, role FROM users WHERE user_id = ?', (1018880781,)) completed
2025-07-16 14:43:48,688 [DEBUG] [aiosqlite:104] executing functools.partial(<built-in method fetchone of sqlite3.Cursor object at 0x0000015277982940>)
2025-07-16 14:43:48,689 [DEBUG] [aiosqlite:106] operation functools.partial(<built-in method fetchone of sqlite3.Cursor object at 0x0000015277982940>) completed
2025-07-16 14:43:48,691 [DEBUG] [aiosqlite:104] executing functools.partial(<built-in method close of sqlite3.Connection object at 0x0000015277896110>)
2025-07-16 14:43:48,692 [DEBUG] [aiosqlite:106] operation functools.partial(<built-in method close of sqlite3.Connection object at 0x0000015277896110>) completed
2025-07-16 14:43:49,588 [INFO] [aiogram.event:172] Update id=861001318 is not handled. Duration 912 ms by bot id=7637424219
2025-07-16 14:43:49,589 [ERROR] [aiogram.event:315] Cause exception while process update id=861001318 by bot id=7637424219
AttributeError: 'Settings' object has no attribute 'GOOGLE_SHEETS_SCOPES'
Traceback (most recent call last):
  File "C:\Users\DELL\AppData\Local\Programs\Python\Python313\Lib\site-packages\aiogram\dispatcher\dispatcher.py", line 309, in _process_update
    response = await self.feed_update(bot, update, **kwargs)
               ^^^^^^^^^^^^^^^^^^^^^^^^^^^^^^^^^^^^^^^^^^^^^
  File "C:\Users\DELL\AppData\Local\Programs\Python\Python313\Lib\site-packages\aiogram\dispatcher\dispatcher.py", line 158, in feed_update
    response = await self.update.wrap_outer_middleware(
               ^^^^^^^^^^^^^^^^^^^^^^^^^^^^^^^^^^^^^^^^
    ...<7 lines>...
    )
    ^
  File "C:\Users\DELL\AppData\Local\Programs\Python\Python313\Lib\site-packages\aiogram\dispatcher\middlewares\error.py", line 25, in __call__
    return await handler(event, data)
           ^^^^^^^^^^^^^^^^^^^^^^^^^^
  File "C:\Users\DELL\AppData\Local\Programs\Python\Python313\Lib\site-packages\aiogram\dispatcher\middlewares\user_context.py", line 56, in __call__
    return await handler(event, data)
           ^^^^^^^^^^^^^^^^^^^^^^^^^^
  File "C:\Users\DELL\AppData\Local\Programs\Python\Python313\Lib\site-packages\aiogram\fsm\middleware.py", line 42, in __call__
    return await handler(event, data)
           ^^^^^^^^^^^^^^^^^^^^^^^^^^
  File "C:\Users\DELL\AppData\Local\Programs\Python\Python313\Lib\site-packages\aiogram\dispatcher\event\telegram.py", line 121, in trigger
    return await wrapped_inner(event, kwargs)
           ^^^^^^^^^^^^^^^^^^^^^^^^^^^^^^^^^^
  File "C:\Users\DELL\AppData\Local\Programs\Python\Python313\Lib\site-packages\aiogram\dispatcher\event\handler.py", line 43, in call
    return await wrapped()
           ^^^^^^^^^^^^^^^
  File "C:\Users\DELL\AppData\Local\Programs\Python\Python313\Lib\site-packages\aiogram\dispatcher\dispatcher.py", line 276, in _listen_update
    return await self.propagate_event(update_type=update_type, event=event, **kwargs)
           ^^^^^^^^^^^^^^^^^^^^^^^^^^^^^^^^^^^^^^^^^^^^^^^^^^^^^^^^^^^^^^^^^^^^^^^^^^
  File "C:\Users\DELL\AppData\Local\Programs\Python\Python313\Lib\site-packages\aiogram\dispatcher\router.py", line 146, in propagate_event
    return await observer.wrap_outer_middleware(_wrapped, event=event, data=kwargs)
           ^^^^^^^^^^^^^^^^^^^^^^^^^^^^^^^^^^^^^^^^^^^^^^^^^^^^^^^^^^^^^^^^^^^^^^^^
  File "C:\Users\DELL\AppData\Local\Programs\Python\Python313\Lib\site-packages\aiogram\dispatcher\router.py", line 141, in _wrapped
    return await self._propagate_event(
           ^^^^^^^^^^^^^^^^^^^^^^^^^^^^
        observer=observer, update_type=update_type, event=telegram_event, **data
        ^^^^^^^^^^^^^^^^^^^^^^^^^^^^^^^^^^^^^^^^^^^^^^^^^^^^^^^^^^^^^^^^^^^^^^^^
    )
    ^
  File "C:\Users\DELL\AppData\Local\Programs\Python\Python313\Lib\site-packages\aiogram\dispatcher\router.py", line 174, in _propagate_event
    response = await router.propagate_event(update_type=update_type, event=event, **kwargs)
               ^^^^^^^^^^^^^^^^^^^^^^^^^^^^^^^^^^^^^^^^^^^^^^^^^^^^^^^^^^^^^^^^^^^^^^^^^^^^
  File "C:\Users\DELL\AppData\Local\Programs\Python\Python313\Lib\site-packages\aiogram\dispatcher\router.py", line 146, in propagate_event
    return await observer.wrap_outer_middleware(_wrapped, event=event, data=kwargs)
           ^^^^^^^^^^^^^^^^^^^^^^^^^^^^^^^^^^^^^^^^^^^^^^^^^^^^^^^^^^^^^^^^^^^^^^^^
  File "C:\Users\DELL\AppData\Local\Programs\Python\Python313\Lib\site-packages\aiogram\dispatcher\router.py", line 141, in _wrapped
    return await self._propagate_event(
           ^^^^^^^^^^^^^^^^^^^^^^^^^^^^
        observer=observer, update_type=update_type, event=telegram_event, **data
        ^^^^^^^^^^^^^^^^^^^^^^^^^^^^^^^^^^^^^^^^^^^^^^^^^^^^^^^^^^^^^^^^^^^^^^^^
    )
    ^
  File "C:\Users\DELL\AppData\Local\Programs\Python\Python313\Lib\site-packages\aiogram\dispatcher\router.py", line 166, in _propagate_event
    response = await observer.trigger(event, **kwargs)
               ^^^^^^^^^^^^^^^^^^^^^^^^^^^^^^^^^^^^^^^
  File "C:\Users\DELL\AppData\Local\Programs\Python\Python313\Lib\site-packages\aiogram\dispatcher\event\telegram.py", line 121, in trigger
    return await wrapped_inner(event, kwargs)
           ^^^^^^^^^^^^^^^^^^^^^^^^^^^^^^^^^^
  File "C:\Users\DELL\AppData\Local\Programs\Python\Python313\Lib\site-packages\aiogram\dispatcher\event\handler.py", line 43, in call
    return await wrapped()
           ^^^^^^^^^^^^^^^
  File "C:\Users\DELL\Desktop\gpt\Masterbot1\handlers\polls.py", line 199, in poll_report_handler
    await generate_poll_report(),
    ^^^^^^^^^^^^^^^^^^^^^^^^^^^^
  File "C:\Users\DELL\Desktop\gpt\Masterbot1\handlers\polls.py", line 245, in generate_poll_report
    status = await get_user_status_from_svetofor(u["user_id"], game)
             ^^^^^^^^^^^^^^^^^^^^^^^^^^^^^^^^^^^^^^^^^^^^^^^^^^^^^^^
  File "C:\Users\DELL\Desktop\gpt\Masterbot1\services\gsheets.py", line 119, in get_user_status_from_svetofor
    _init_svetofor()
    ~~~~~~~~~~~~~~^^
  File "C:\Users\DELL\Desktop\gpt\Masterbot1\services\gsheets.py", line 40, in _init_svetofor
    scopes = settings.google_sheets_scopes if hasattr(settings, "google_sheets_scopes") else settings.GOOGLE_SHEETS_SCOPES  # type: ignore
                                                                                             ^^^^^^^^^^^^^^^^^^^^^^^^^^^^^
  File "C:\Users\DELL\AppData\Local\Programs\Python\Python313\Lib\site-packages\pydantic\main.py", line 991, in __getattr__
    raise AttributeError(f'{type(self).__name__!r} object has no attribute {item!r}')
AttributeError: 'Settings' object has no attribute 'GOOGLE_SHEETS_SCOPES'
2025-07-16 14:43:59,943 [DEBUG] [aiosqlite:104] executing <function connect.<locals>.connector at 0x00000152778EB880>
2025-07-16 14:43:59,945 [DEBUG] [aiosqlite:106] operation <function connect.<locals>.connector at 0x00000152778EB880> completed
2025-07-16 14:43:59,947 [DEBUG] [aiosqlite:104] executing functools.partial(<built-in method execute of sqlite3.Connection object at 0x0000015277895E40>, 'SELECT first_name, last_name, role FROM users WHERE user_id = ?', (625280877,))
2025-07-16 14:43:59,949 [DEBUG] [aiosqlite:106] operation functools.partial(<built-in method execute of sqlite3.Connection object at 0x0000015277895E40>, 'SELECT first_name, last_name, role FROM users WHERE user_id = ?', (625280877,)) completed
2025-07-16 14:43:59,951 [DEBUG] [aiosqlite:104] executing functools.partial(<built-in method fetchone of sqlite3.Cursor object at 0x00000152779171C0>)
2025-07-16 14:43:59,952 [DEBUG] [aiosqlite:106] operation functools.partial(<built-in method fetchone of sqlite3.Cursor object at 0x00000152779171C0>) completed
2025-07-16 14:43:59,954 [DEBUG] [aiosqlite:104] executing functools.partial(<built-in method close of sqlite3.Connection object at 0x0000015277895E40>)
2025-07-16 14:43:59,955 [DEBUG] [aiosqlite:106] operation functools.partial(<built-in method close of sqlite3.Connection object at 0x0000015277895E40>) completed
2025-07-16 14:43:59,958 [INFO] [aiogram.event:172] Update id=861001319 is not handled. Duration 16 ms by bot id=7637424219
2025-07-16 14:43:59,960 [ERROR] [aiogram.event:315] Cause exception while process update id=861001319 by bot id=7637424219
AttributeError: 'Settings' object has no attribute 'GOOGLE_SHEETS_SCOPES'
Traceback (most recent call last):
  File "C:\Users\DELL\AppData\Local\Programs\Python\Python313\Lib\site-packages\aiogram\dispatcher\dispatcher.py", line 309, in _process_update
    response = await self.feed_update(bot, update, **kwargs)
               ^^^^^^^^^^^^^^^^^^^^^^^^^^^^^^^^^^^^^^^^^^^^^
  File "C:\Users\DELL\AppData\Local\Programs\Python\Python313\Lib\site-packages\aiogram\dispatcher\dispatcher.py", line 158, in feed_update
    response = await self.update.wrap_outer_middleware(
               ^^^^^^^^^^^^^^^^^^^^^^^^^^^^^^^^^^^^^^^^
    ...<7 lines>...
    )
    ^
  File "C:\Users\DELL\AppData\Local\Programs\Python\Python313\Lib\site-packages\aiogram\dispatcher\middlewares\error.py", line 25, in __call__
    return await handler(event, data)
           ^^^^^^^^^^^^^^^^^^^^^^^^^^
  File "C:\Users\DELL\AppData\Local\Programs\Python\Python313\Lib\site-packages\aiogram\dispatcher\middlewares\user_context.py", line 56, in __call__
    return await handler(event, data)
           ^^^^^^^^^^^^^^^^^^^^^^^^^^
  File "C:\Users\DELL\AppData\Local\Programs\Python\Python313\Lib\site-packages\aiogram\fsm\middleware.py", line 42, in __call__
    return await handler(event, data)
           ^^^^^^^^^^^^^^^^^^^^^^^^^^
  File "C:\Users\DELL\AppData\Local\Programs\Python\Python313\Lib\site-packages\aiogram\dispatcher\event\telegram.py", line 121, in trigger
    return await wrapped_inner(event, kwargs)
           ^^^^^^^^^^^^^^^^^^^^^^^^^^^^^^^^^^
  File "C:\Users\DELL\AppData\Local\Programs\Python\Python313\Lib\site-packages\aiogram\dispatcher\event\handler.py", line 43, in call
    return await wrapped()
           ^^^^^^^^^^^^^^^
  File "C:\Users\DELL\AppData\Local\Programs\Python\Python313\Lib\site-packages\aiogram\dispatcher\dispatcher.py", line 276, in _listen_update
    return await self.propagate_event(update_type=update_type, event=event, **kwargs)
           ^^^^^^^^^^^^^^^^^^^^^^^^^^^^^^^^^^^^^^^^^^^^^^^^^^^^^^^^^^^^^^^^^^^^^^^^^^
  File "C:\Users\DELL\AppData\Local\Programs\Python\Python313\Lib\site-packages\aiogram\dispatcher\router.py", line 146, in propagate_event
    return await observer.wrap_outer_middleware(_wrapped, event=event, data=kwargs)
           ^^^^^^^^^^^^^^^^^^^^^^^^^^^^^^^^^^^^^^^^^^^^^^^^^^^^^^^^^^^^^^^^^^^^^^^^
  File "C:\Users\DELL\AppData\Local\Programs\Python\Python313\Lib\site-packages\aiogram\dispatcher\router.py", line 141, in _wrapped
    return await self._propagate_event(
           ^^^^^^^^^^^^^^^^^^^^^^^^^^^^
        observer=observer, update_type=update_type, event=telegram_event, **data
        ^^^^^^^^^^^^^^^^^^^^^^^^^^^^^^^^^^^^^^^^^^^^^^^^^^^^^^^^^^^^^^^^^^^^^^^^
    )
    ^
  File "C:\Users\DELL\AppData\Local\Programs\Python\Python313\Lib\site-packages\aiogram\dispatcher\router.py", line 174, in _propagate_event
    response = await router.propagate_event(update_type=update_type, event=event, **kwargs)
               ^^^^^^^^^^^^^^^^^^^^^^^^^^^^^^^^^^^^^^^^^^^^^^^^^^^^^^^^^^^^^^^^^^^^^^^^^^^^
  File "C:\Users\DELL\AppData\Local\Programs\Python\Python313\Lib\site-packages\aiogram\dispatcher\router.py", line 146, in propagate_event
    return await observer.wrap_outer_middleware(_wrapped, event=event, data=kwargs)
           ^^^^^^^^^^^^^^^^^^^^^^^^^^^^^^^^^^^^^^^^^^^^^^^^^^^^^^^^^^^^^^^^^^^^^^^^
  File "C:\Users\DELL\AppData\Local\Programs\Python\Python313\Lib\site-packages\aiogram\dispatcher\router.py", line 141, in _wrapped
    return await self._propagate_event(
           ^^^^^^^^^^^^^^^^^^^^^^^^^^^^
        observer=observer, update_type=update_type, event=telegram_event, **data
        ^^^^^^^^^^^^^^^^^^^^^^^^^^^^^^^^^^^^^^^^^^^^^^^^^^^^^^^^^^^^^^^^^^^^^^^^
    )
    ^
  File "C:\Users\DELL\AppData\Local\Programs\Python\Python313\Lib\site-packages\aiogram\dispatcher\router.py", line 166, in _propagate_event
    response = await observer.trigger(event, **kwargs)
               ^^^^^^^^^^^^^^^^^^^^^^^^^^^^^^^^^^^^^^^
  File "C:\Users\DELL\AppData\Local\Programs\Python\Python313\Lib\site-packages\aiogram\dispatcher\event\telegram.py", line 121, in trigger
    return await wrapped_inner(event, kwargs)
           ^^^^^^^^^^^^^^^^^^^^^^^^^^^^^^^^^^
  File "C:\Users\DELL\AppData\Local\Programs\Python\Python313\Lib\site-packages\aiogram\dispatcher\event\handler.py", line 43, in call
    return await wrapped()
           ^^^^^^^^^^^^^^^
  File "C:\Users\DELL\Desktop\gpt\Masterbot1\handlers\polls.py", line 313, in handle_poll_answer
    await _sync_leader_report()
  File "C:\Users\DELL\Desktop\gpt\Masterbot1\handlers\polls.py", line 319, in _sync_leader_report
    new_text = await generate_poll_report()
               ^^^^^^^^^^^^^^^^^^^^^^^^^^^^
  File "C:\Users\DELL\Desktop\gpt\Masterbot1\handlers\polls.py", line 245, in generate_poll_report
    status = await get_user_status_from_svetofor(u["user_id"], game)
             ^^^^^^^^^^^^^^^^^^^^^^^^^^^^^^^^^^^^^^^^^^^^^^^^^^^^^^^
  File "C:\Users\DELL\Desktop\gpt\Masterbot1\services\gsheets.py", line 119, in get_user_status_from_svetofor
    _init_svetofor()
    ~~~~~~~~~~~~~~^^
  File "C:\Users\DELL\Desktop\gpt\Masterbot1\services\gsheets.py", line 40, in _init_svetofor
    scopes = settings.google_sheets_scopes if hasattr(settings, "google_sheets_scopes") else settings.GOOGLE_SHEETS_SCOPES  # type: ignore
                                                                                             ^^^^^^^^^^^^^^^^^^^^^^^^^^^^^
  File "C:\Users\DELL\AppData\Local\Programs\Python\Python313\Lib\site-packages\pydantic\main.py", line 991, in __getattr__
    raise AttributeError(f'{type(self).__name__!r} object has no attribute {item!r}')
AttributeError: 'Settings' object has no attribute 'GOOGLE_SHEETS_SCOPES'
2025-07-16 14:55:51,787 [DEBUG] [asyncio:631] Using proactor: IocpProactor
2025-07-16 14:55:52,565 [INFO] [apscheduler.scheduler:214] Scheduler started
2025-07-16 14:55:52,566 [INFO] [__main__:125] Bot starting… version MasterBot 12.92-refactor
2025-07-16 14:55:52,582 [INFO] [__main__:65] [startup] admin_chat_id загружен: -4738242986
2025-07-16 14:55:52,602 [DEBUG] [aiosqlite:104] executing <function connect.<locals>.connector at 0x000001EE6F33E160>
2025-07-16 14:55:52,602 [DEBUG] [apscheduler.scheduler:1151] Looking for jobs to run
2025-07-16 14:55:52,655 [DEBUG] [apscheduler.scheduler:1252] No jobs; waiting until a job is added
2025-07-16 14:55:52,718 [DEBUG] [aiosqlite:106] operation <function connect.<locals>.connector at 0x000001EE6F33E160> completed
2025-07-16 14:55:52,719 [DEBUG] [aiosqlite:104] executing functools.partial(<built-in method execute of sqlite3.Connection object at 0x000001EE6F32CC70>, '\nCREATE TABLE IF NOT EXISTS users (\n    user_id         INTEGER PRIMARY KEY,\n    first_name      TEXT,\n    last_name       TEXT,\n    role            TEXT,\n    scenario_access TEXT,\n    updated_at      TIMESTAMP DEFAULT CURRENT_TIMESTAMP\n);\n', [])
2025-07-16 14:55:52,728 [DEBUG] [aiosqlite:106] operation functools.partial(<built-in method execute of sqlite3.Connection object at 0x000001EE6F32CC70>, '\nCREATE TABLE IF NOT EXISTS users (\n    user_id         INTEGER PRIMARY KEY,\n    first_name      TEXT,\n    last_name       TEXT,\n    role            TEXT,\n    scenario_access TEXT,\n    updated_at      TIMESTAMP DEFAULT CURRENT_TIMESTAMP\n);\n', []) completed
2025-07-16 14:55:52,732 [DEBUG] [aiosqlite:104] executing functools.partial(<built-in method execute of sqlite3.Connection object at 0x000001EE6F32CC70>, "INSERT OR IGNORE INTO users(user_id, role) VALUES (?, 'руководитель')", (1018880781,))
2025-07-16 14:55:52,733 [DEBUG] [aiosqlite:106] operation functools.partial(<built-in method execute of sqlite3.Connection object at 0x000001EE6F32CC70>, "INSERT OR IGNORE INTO users(user_id, role) VALUES (?, 'руководитель')", (1018880781,)) completed
2025-07-16 14:55:52,734 [DEBUG] [aiosqlite:104] executing functools.partial(<built-in method commit of sqlite3.Connection object at 0x000001EE6F32CC70>)
2025-07-16 14:55:52,735 [DEBUG] [aiosqlite:106] operation functools.partial(<built-in method commit of sqlite3.Connection object at 0x000001EE6F32CC70>) completed
2025-07-16 14:55:52,735 [DEBUG] [aiosqlite:104] executing functools.partial(<built-in method close of sqlite3.Connection object at 0x000001EE6F32CC70>)
2025-07-16 14:55:52,736 [DEBUG] [aiosqlite:106] operation functools.partial(<built-in method close of sqlite3.Connection object at 0x000001EE6F32CC70>) completed
2025-07-16 14:55:52,737 [INFO] [__main__:73] [startup] Конфиг и БД инициализированы, Leader-ID 1018880781 гарантирован
2025-07-16 14:55:52,737 [INFO] [aiogram.dispatcher:566] Start polling
2025-07-16 14:55:53,084 [INFO] [aiogram.dispatcher:363] Run polling for bot @masbot12_bot id=7637424219 - 'masterbot12'
2025-07-16 14:56:02,938 [DEBUG] [aiosqlite:104] executing <function connect.<locals>.connector at 0x000001EE6F33F880>
2025-07-16 14:56:02,940 [DEBUG] [aiosqlite:106] operation <function connect.<locals>.connector at 0x000001EE6F33F880> completed
2025-07-16 14:56:02,940 [DEBUG] [aiosqlite:104] executing functools.partial(<built-in method execute of sqlite3.Connection object at 0x000001EE6F32D210>, 'SELECT first_name, last_name, role FROM users WHERE user_id = ?', (1018880781,))
2025-07-16 14:56:02,965 [DEBUG] [aiosqlite:106] operation functools.partial(<built-in method execute of sqlite3.Connection object at 0x000001EE6F32D210>, 'SELECT first_name, last_name, role FROM users WHERE user_id = ?', (1018880781,)) completed
2025-07-16 14:56:02,967 [DEBUG] [aiosqlite:104] executing functools.partial(<built-in method fetchone of sqlite3.Cursor object at 0x000001EE6F3539C0>)
2025-07-16 14:56:02,968 [DEBUG] [aiosqlite:106] operation functools.partial(<built-in method fetchone of sqlite3.Cursor object at 0x000001EE6F3539C0>) completed
2025-07-16 14:56:02,970 [DEBUG] [aiosqlite:104] executing functools.partial(<built-in method close of sqlite3.Connection object at 0x000001EE6F32D210>)
2025-07-16 14:56:02,971 [DEBUG] [aiosqlite:106] operation functools.partial(<built-in method close of sqlite3.Connection object at 0x000001EE6F32D210>) completed
2025-07-16 14:56:03,352 [INFO] [aiogram.event:172] Update id=861001320 is handled. Duration 463 ms by bot id=7637424219
2025-07-16 14:56:05,222 [DEBUG] [aiosqlite:104] executing <function connect.<locals>.connector at 0x000001EE6F33F380>
2025-07-16 14:56:05,224 [DEBUG] [aiosqlite:106] operation <function connect.<locals>.connector at 0x000001EE6F33F380> completed
2025-07-16 14:56:05,225 [DEBUG] [aiosqlite:104] executing functools.partial(<built-in method execute of sqlite3.Connection object at 0x000001EE6F32D7B0>, 'SELECT first_name, last_name, role FROM users WHERE user_id = ?', (1018880781,))
2025-07-16 14:56:05,227 [DEBUG] [aiosqlite:106] operation functools.partial(<built-in method execute of sqlite3.Connection object at 0x000001EE6F32D7B0>, 'SELECT first_name, last_name, role FROM users WHERE user_id = ?', (1018880781,)) completed
2025-07-16 14:56:05,229 [DEBUG] [aiosqlite:104] executing functools.partial(<built-in method fetchone of sqlite3.Cursor object at 0x000001EE6F3850C0>)
2025-07-16 14:56:05,230 [DEBUG] [aiosqlite:106] operation functools.partial(<built-in method fetchone of sqlite3.Cursor object at 0x000001EE6F3850C0>) completed
2025-07-16 14:56:05,232 [DEBUG] [aiosqlite:104] executing functools.partial(<built-in method close of sqlite3.Connection object at 0x000001EE6F32D7B0>)
2025-07-16 14:56:05,232 [DEBUG] [aiosqlite:106] operation functools.partial(<built-in method close of sqlite3.Connection object at 0x000001EE6F32D7B0>) completed
2025-07-16 14:56:09,162 [DEBUG] [aiosqlite:104] executing <function connect.<locals>.connector at 0x000001EE6F33FE20>
2025-07-16 14:56:09,164 [DEBUG] [aiosqlite:106] operation <function connect.<locals>.connector at 0x000001EE6F33FE20> completed
2025-07-16 14:56:09,166 [DEBUG] [aiosqlite:104] executing functools.partial(<built-in method execute of sqlite3.Connection object at 0x000001EE6F32D030>, 'SELECT first_name, last_name, role FROM users WHERE user_id = ?', (1018880781,))
2025-07-16 14:56:09,168 [DEBUG] [aiosqlite:106] operation functools.partial(<built-in method execute of sqlite3.Connection object at 0x000001EE6F32D030>, 'SELECT first_name, last_name, role FROM users WHERE user_id = ?', (1018880781,)) completed
2025-07-16 14:56:09,170 [DEBUG] [aiosqlite:104] executing functools.partial(<built-in method fetchone of sqlite3.Cursor object at 0x000001EE6F39A940>)
2025-07-16 14:56:09,171 [DEBUG] [aiosqlite:106] operation functools.partial(<built-in method fetchone of sqlite3.Cursor object at 0x000001EE6F39A940>) completed
2025-07-16 14:56:09,173 [DEBUG] [aiosqlite:104] executing functools.partial(<built-in method close of sqlite3.Connection object at 0x000001EE6F32D030>)
2025-07-16 14:56:09,175 [DEBUG] [aiosqlite:106] operation functools.partial(<built-in method close of sqlite3.Connection object at 0x000001EE6F32D030>) completed
2025-07-16 14:56:09,349 [INFO] [aiogram.event:172] Update id=861001321 is handled. Duration 4131 ms by bot id=7637424219
2025-07-16 14:56:32,276 [DEBUG] [aiosqlite:104] executing <function connect.<locals>.connector at 0x000001EE6F33FB00>
2025-07-16 14:56:32,278 [DEBUG] [aiosqlite:106] operation <function connect.<locals>.connector at 0x000001EE6F33FB00> completed
2025-07-16 14:56:32,278 [DEBUG] [aiosqlite:104] executing functools.partial(<built-in method execute of sqlite3.Connection object at 0x000001EE6F32D030>, 'SELECT first_name, last_name, role FROM users WHERE user_id = ?', (1018880781,))
2025-07-16 14:56:32,280 [DEBUG] [aiosqlite:106] operation functools.partial(<built-in method execute of sqlite3.Connection object at 0x000001EE6F32D030>, 'SELECT first_name, last_name, role FROM users WHERE user_id = ?', (1018880781,)) completed
2025-07-16 14:56:32,281 [DEBUG] [aiosqlite:104] executing functools.partial(<built-in method fetchone of sqlite3.Cursor object at 0x000001EE6F3982C0>)
2025-07-16 14:56:32,281 [DEBUG] [aiosqlite:106] operation functools.partial(<built-in method fetchone of sqlite3.Cursor object at 0x000001EE6F3982C0>) completed
2025-07-16 14:56:32,282 [DEBUG] [aiosqlite:104] executing functools.partial(<built-in method close of sqlite3.Connection object at 0x000001EE6F32D030>)
2025-07-16 14:56:32,284 [DEBUG] [aiosqlite:106] operation functools.partial(<built-in method close of sqlite3.Connection object at 0x000001EE6F32D030>) completed
2025-07-16 14:56:32,288 [DEBUG] [aiosqlite:104] executing <function connect.<locals>.connector at 0x000001EE6F33F740>
2025-07-16 14:56:32,291 [DEBUG] [aiosqlite:106] operation <function connect.<locals>.connector at 0x000001EE6F33F740> completed
2025-07-16 14:56:32,292 [DEBUG] [aiosqlite:104] executing functools.partial(<built-in method execute of sqlite3.Connection object at 0x000001EE6F32D8A0>, 'SELECT first_name, last_name, role FROM users WHERE user_id = ?', (1018880781,))
2025-07-16 14:56:32,299 [DEBUG] [aiosqlite:106] operation functools.partial(<built-in method execute of sqlite3.Connection object at 0x000001EE6F32D8A0>, 'SELECT first_name, last_name, role FROM users WHERE user_id = ?', (1018880781,)) completed
2025-07-16 14:56:32,300 [DEBUG] [aiosqlite:104] executing functools.partial(<built-in method fetchone of sqlite3.Cursor object at 0x000001EE6F3996C0>)
2025-07-16 14:56:32,301 [DEBUG] [aiosqlite:106] operation functools.partial(<built-in method fetchone of sqlite3.Cursor object at 0x000001EE6F3996C0>) completed
2025-07-16 14:56:32,302 [DEBUG] [aiosqlite:104] executing functools.partial(<built-in method close of sqlite3.Connection object at 0x000001EE6F32D8A0>)
2025-07-16 14:56:32,302 [DEBUG] [aiosqlite:106] operation functools.partial(<built-in method close of sqlite3.Connection object at 0x000001EE6F32D8A0>) completed
2025-07-16 14:56:32,319 [INFO] [aiogram.event:172] Update id=861001322 is not handled. Duration 43 ms by bot id=7637424219
2025-07-16 14:56:32,320 [ERROR] [aiogram.event:315] Cause exception while process update id=861001322 by bot id=7637424219
RuntimeError: [gsheets] GOOGLE_CREDENTIALS_FILE не задан в настройках
Traceback (most recent call last):
  File "C:\Users\DELL\AppData\Local\Programs\Python\Python313\Lib\site-packages\aiogram\dispatcher\dispatcher.py", line 309, in _process_update
    response = await self.feed_update(bot, update, **kwargs)
               ^^^^^^^^^^^^^^^^^^^^^^^^^^^^^^^^^^^^^^^^^^^^^
  File "C:\Users\DELL\AppData\Local\Programs\Python\Python313\Lib\site-packages\aiogram\dispatcher\dispatcher.py", line 158, in feed_update
    response = await self.update.wrap_outer_middleware(
               ^^^^^^^^^^^^^^^^^^^^^^^^^^^^^^^^^^^^^^^^
    ...<7 lines>...
    )
    ^
  File "C:\Users\DELL\AppData\Local\Programs\Python\Python313\Lib\site-packages\aiogram\dispatcher\middlewares\error.py", line 25, in __call__
    return await handler(event, data)
           ^^^^^^^^^^^^^^^^^^^^^^^^^^
  File "C:\Users\DELL\AppData\Local\Programs\Python\Python313\Lib\site-packages\aiogram\dispatcher\middlewares\user_context.py", line 56, in __call__
    return await handler(event, data)
           ^^^^^^^^^^^^^^^^^^^^^^^^^^
  File "C:\Users\DELL\AppData\Local\Programs\Python\Python313\Lib\site-packages\aiogram\fsm\middleware.py", line 42, in __call__
    return await handler(event, data)
           ^^^^^^^^^^^^^^^^^^^^^^^^^^
  File "C:\Users\DELL\AppData\Local\Programs\Python\Python313\Lib\site-packages\aiogram\dispatcher\event\telegram.py", line 121, in trigger
    return await wrapped_inner(event, kwargs)
           ^^^^^^^^^^^^^^^^^^^^^^^^^^^^^^^^^^
  File "C:\Users\DELL\AppData\Local\Programs\Python\Python313\Lib\site-packages\aiogram\dispatcher\event\handler.py", line 43, in call
    return await wrapped()
           ^^^^^^^^^^^^^^^
  File "C:\Users\DELL\AppData\Local\Programs\Python\Python313\Lib\site-packages\aiogram\dispatcher\dispatcher.py", line 276, in _listen_update
    return await self.propagate_event(update_type=update_type, event=event, **kwargs)
           ^^^^^^^^^^^^^^^^^^^^^^^^^^^^^^^^^^^^^^^^^^^^^^^^^^^^^^^^^^^^^^^^^^^^^^^^^^
  File "C:\Users\DELL\AppData\Local\Programs\Python\Python313\Lib\site-packages\aiogram\dispatcher\router.py", line 146, in propagate_event
    return await observer.wrap_outer_middleware(_wrapped, event=event, data=kwargs)
           ^^^^^^^^^^^^^^^^^^^^^^^^^^^^^^^^^^^^^^^^^^^^^^^^^^^^^^^^^^^^^^^^^^^^^^^^
  File "C:\Users\DELL\AppData\Local\Programs\Python\Python313\Lib\site-packages\aiogram\dispatcher\router.py", line 141, in _wrapped
    return await self._propagate_event(
           ^^^^^^^^^^^^^^^^^^^^^^^^^^^^
        observer=observer, update_type=update_type, event=telegram_event, **data
        ^^^^^^^^^^^^^^^^^^^^^^^^^^^^^^^^^^^^^^^^^^^^^^^^^^^^^^^^^^^^^^^^^^^^^^^^
    )
    ^
  File "C:\Users\DELL\AppData\Local\Programs\Python\Python313\Lib\site-packages\aiogram\dispatcher\router.py", line 174, in _propagate_event
    response = await router.propagate_event(update_type=update_type, event=event, **kwargs)
               ^^^^^^^^^^^^^^^^^^^^^^^^^^^^^^^^^^^^^^^^^^^^^^^^^^^^^^^^^^^^^^^^^^^^^^^^^^^^
  File "C:\Users\DELL\AppData\Local\Programs\Python\Python313\Lib\site-packages\aiogram\dispatcher\router.py", line 146, in propagate_event
    return await observer.wrap_outer_middleware(_wrapped, event=event, data=kwargs)
           ^^^^^^^^^^^^^^^^^^^^^^^^^^^^^^^^^^^^^^^^^^^^^^^^^^^^^^^^^^^^^^^^^^^^^^^^
  File "C:\Users\DELL\AppData\Local\Programs\Python\Python313\Lib\site-packages\aiogram\dispatcher\router.py", line 141, in _wrapped
    return await self._propagate_event(
           ^^^^^^^^^^^^^^^^^^^^^^^^^^^^
        observer=observer, update_type=update_type, event=telegram_event, **data
        ^^^^^^^^^^^^^^^^^^^^^^^^^^^^^^^^^^^^^^^^^^^^^^^^^^^^^^^^^^^^^^^^^^^^^^^^
    )
    ^
  File "C:\Users\DELL\AppData\Local\Programs\Python\Python313\Lib\site-packages\aiogram\dispatcher\router.py", line 166, in _propagate_event
    response = await observer.trigger(event, **kwargs)
               ^^^^^^^^^^^^^^^^^^^^^^^^^^^^^^^^^^^^^^^
  File "C:\Users\DELL\AppData\Local\Programs\Python\Python313\Lib\site-packages\aiogram\dispatcher\event\telegram.py", line 121, in trigger
    return await wrapped_inner(event, kwargs)
           ^^^^^^^^^^^^^^^^^^^^^^^^^^^^^^^^^^
  File "C:\Users\DELL\AppData\Local\Programs\Python\Python313\Lib\site-packages\aiogram\dispatcher\event\handler.py", line 43, in call
    return await wrapped()
           ^^^^^^^^^^^^^^^
  File "C:\Users\DELL\Desktop\gpt\Masterbot1\handlers\polls.py", line 313, in handle_poll_answer
    await _sync_leader_report()
  File "C:\Users\DELL\Desktop\gpt\Masterbot1\handlers\polls.py", line 319, in _sync_leader_report
    new_text = await generate_poll_report()
               ^^^^^^^^^^^^^^^^^^^^^^^^^^^^
  File "C:\Users\DELL\Desktop\gpt\Masterbot1\handlers\polls.py", line 245, in generate_poll_report
    status = await get_user_status_from_svetofor(u["user_id"], game)
             ^^^^^^^^^^^^^^^^^^^^^^^^^^^^^^^^^^^^^^^^^^^^^^^^^^^^^^^
  File "C:\Users\DELL\Desktop\gpt\Masterbot1\services\gsheets.py", line 124, in get_user_status_from_svetofor
    _init_svetofor()
    ~~~~~~~~~~~~~~^^
  File "C:\Users\DELL\Desktop\gpt\Masterbot1\services\gsheets.py", line 40, in _init_svetofor
    raise RuntimeError("[gsheets] GOOGLE_CREDENTIALS_FILE не задан в настройках")
RuntimeError: [gsheets] GOOGLE_CREDENTIALS_FILE не задан в настройках
2025-07-16 15:01:19,073 [DEBUG] [asyncio:631] Using proactor: IocpProactor
2025-07-16 15:01:19,796 [INFO] [apscheduler.scheduler:214] Scheduler started
2025-07-16 15:01:19,797 [INFO] [__main__:125] Bot starting… version MasterBot 12.92-refactor
2025-07-16 15:01:19,798 [INFO] [__main__:65] [startup] admin_chat_id загружен: -4738242986
2025-07-16 15:01:19,799 [DEBUG] [aiosqlite:104] executing <function connect.<locals>.connector at 0x000001AA85AA2200>
2025-07-16 15:01:19,799 [DEBUG] [apscheduler.scheduler:1151] Looking for jobs to run
2025-07-16 15:01:19,800 [DEBUG] [apscheduler.scheduler:1252] No jobs; waiting until a job is added
2025-07-16 15:01:19,822 [DEBUG] [aiosqlite:106] operation <function connect.<locals>.connector at 0x000001AA85AA2200> completed
2025-07-16 15:01:19,823 [DEBUG] [aiosqlite:104] executing functools.partial(<built-in method execute of sqlite3.Connection object at 0x000001AA85A98B80>, '\nCREATE TABLE IF NOT EXISTS users (\n    user_id         INTEGER PRIMARY KEY,\n    first_name      TEXT,\n    last_name       TEXT,\n    role            TEXT,\n    scenario_access TEXT,\n    updated_at      TIMESTAMP DEFAULT CURRENT_TIMESTAMP\n);\n', [])
2025-07-16 15:01:19,825 [DEBUG] [aiosqlite:106] operation functools.partial(<built-in method execute of sqlite3.Connection object at 0x000001AA85A98B80>, '\nCREATE TABLE IF NOT EXISTS users (\n    user_id         INTEGER PRIMARY KEY,\n    first_name      TEXT,\n    last_name       TEXT,\n    role            TEXT,\n    scenario_access TEXT,\n    updated_at      TIMESTAMP DEFAULT CURRENT_TIMESTAMP\n);\n', []) completed
2025-07-16 15:01:19,826 [DEBUG] [aiosqlite:104] executing functools.partial(<built-in method execute of sqlite3.Connection object at 0x000001AA85A98B80>, "INSERT OR IGNORE INTO users(user_id, role) VALUES (?, 'руководитель')", (1018880781,))
2025-07-16 15:01:19,826 [DEBUG] [aiosqlite:106] operation functools.partial(<built-in method execute of sqlite3.Connection object at 0x000001AA85A98B80>, "INSERT OR IGNORE INTO users(user_id, role) VALUES (?, 'руководитель')", (1018880781,)) completed
2025-07-16 15:01:19,827 [DEBUG] [aiosqlite:104] executing functools.partial(<built-in method commit of sqlite3.Connection object at 0x000001AA85A98B80>)
2025-07-16 15:01:19,828 [DEBUG] [aiosqlite:106] operation functools.partial(<built-in method commit of sqlite3.Connection object at 0x000001AA85A98B80>) completed
2025-07-16 15:01:19,828 [DEBUG] [aiosqlite:104] executing functools.partial(<built-in method close of sqlite3.Connection object at 0x000001AA85A98B80>)
2025-07-16 15:01:19,829 [DEBUG] [aiosqlite:106] operation functools.partial(<built-in method close of sqlite3.Connection object at 0x000001AA85A98B80>) completed
2025-07-16 15:01:19,829 [INFO] [__main__:73] [startup] Конфиг и БД инициализированы, Leader-ID 1018880781 гарантирован
2025-07-16 15:01:19,830 [INFO] [aiogram.dispatcher:566] Start polling
2025-07-16 15:01:20,074 [INFO] [aiogram.dispatcher:363] Run polling for bot @masbot12_bot id=7637424219 - 'masterbot12'
2025-07-16 15:01:43,927 [DEBUG] [aiosqlite:104] executing <function connect.<locals>.connector at 0x000001AA85AA3920>
2025-07-16 15:01:43,929 [DEBUG] [aiosqlite:106] operation <function connect.<locals>.connector at 0x000001AA85AA3920> completed
2025-07-16 15:01:43,930 [DEBUG] [aiosqlite:104] executing functools.partial(<built-in method execute of sqlite3.Connection object at 0x000001AA85A99120>, 'SELECT first_name, last_name, role FROM users WHERE user_id = ?', (1018880781,))
2025-07-16 15:01:43,932 [DEBUG] [aiosqlite:106] operation functools.partial(<built-in method execute of sqlite3.Connection object at 0x000001AA85A99120>, 'SELECT first_name, last_name, role FROM users WHERE user_id = ?', (1018880781,)) completed
2025-07-16 15:01:43,933 [DEBUG] [aiosqlite:104] executing functools.partial(<built-in method fetchone of sqlite3.Cursor object at 0x000001AA85AB79C0>)
2025-07-16 15:01:43,935 [DEBUG] [aiosqlite:106] operation functools.partial(<built-in method fetchone of sqlite3.Cursor object at 0x000001AA85AB79C0>) completed
2025-07-16 15:01:43,938 [DEBUG] [aiosqlite:104] executing functools.partial(<built-in method close of sqlite3.Connection object at 0x000001AA85A99120>)
2025-07-16 15:01:43,941 [DEBUG] [aiosqlite:106] operation functools.partial(<built-in method close of sqlite3.Connection object at 0x000001AA85A99120>) completed
2025-07-16 15:01:44,168 [INFO] [aiogram.event:172] Update id=861001323 is handled. Duration 241 ms by bot id=7637424219
2025-07-16 15:01:46,209 [DEBUG] [aiosqlite:104] executing <function connect.<locals>.connector at 0x000001AA85AA2660>
2025-07-16 15:01:46,210 [DEBUG] [aiosqlite:106] operation <function connect.<locals>.connector at 0x000001AA85AA2660> completed
2025-07-16 15:01:46,211 [DEBUG] [aiosqlite:104] executing functools.partial(<built-in method execute of sqlite3.Connection object at 0x000001AA85A99030>, 'SELECT first_name, last_name, role FROM users WHERE user_id = ?', (1018880781,))
2025-07-16 15:01:46,212 [DEBUG] [aiosqlite:106] operation functools.partial(<built-in method execute of sqlite3.Connection object at 0x000001AA85A99030>, 'SELECT first_name, last_name, role FROM users WHERE user_id = ?', (1018880781,)) completed
2025-07-16 15:01:46,213 [DEBUG] [aiosqlite:104] executing functools.partial(<built-in method fetchone of sqlite3.Cursor object at 0x000001AA85AE92C0>)
2025-07-16 15:01:46,214 [DEBUG] [aiosqlite:106] operation functools.partial(<built-in method fetchone of sqlite3.Cursor object at 0x000001AA85AE92C0>) completed
2025-07-16 15:01:46,214 [DEBUG] [aiosqlite:104] executing functools.partial(<built-in method close of sqlite3.Connection object at 0x000001AA85A99030>)
2025-07-16 15:01:46,215 [DEBUG] [aiosqlite:106] operation functools.partial(<built-in method close of sqlite3.Connection object at 0x000001AA85A99030>) completed
2025-07-16 15:01:49,729 [DEBUG] [aiosqlite:104] executing <function connect.<locals>.connector at 0x000001AA85AA3C40>
2025-07-16 15:01:49,731 [DEBUG] [aiosqlite:106] operation <function connect.<locals>.connector at 0x000001AA85AA3C40> completed
2025-07-16 15:01:49,733 [DEBUG] [aiosqlite:104] executing functools.partial(<built-in method execute of sqlite3.Connection object at 0x000001AA85A99030>, 'SELECT first_name, last_name, role FROM users WHERE user_id = ?', (1018880781,))
2025-07-16 15:01:49,736 [DEBUG] [aiosqlite:106] operation functools.partial(<built-in method execute of sqlite3.Connection object at 0x000001AA85A99030>, 'SELECT first_name, last_name, role FROM users WHERE user_id = ?', (1018880781,)) completed
2025-07-16 15:01:49,739 [DEBUG] [aiosqlite:104] executing functools.partial(<built-in method fetchone of sqlite3.Cursor object at 0x000001AA85AFE9C0>)
2025-07-16 15:01:49,741 [DEBUG] [aiosqlite:106] operation functools.partial(<built-in method fetchone of sqlite3.Cursor object at 0x000001AA85AFE9C0>) completed
2025-07-16 15:01:49,743 [DEBUG] [aiosqlite:104] executing functools.partial(<built-in method close of sqlite3.Connection object at 0x000001AA85A99030>)
2025-07-16 15:01:49,746 [DEBUG] [aiosqlite:106] operation functools.partial(<built-in method close of sqlite3.Connection object at 0x000001AA85A99030>) completed
2025-07-16 15:01:49,936 [INFO] [aiogram.event:172] Update id=861001324 is handled. Duration 3728 ms by bot id=7637424219
2025-07-16 15:01:52,618 [INFO] [aiogram.event:172] Update id=861001325 is handled. Duration 986 ms by bot id=7637424219
2025-07-16 15:02:00,987 [DEBUG] [aiosqlite:104] executing <function connect.<locals>.connector at 0x000001AA85AA3920>
2025-07-16 15:02:00,988 [DEBUG] [aiosqlite:106] operation <function connect.<locals>.connector at 0x000001AA85AA3920> completed
2025-07-16 15:02:00,989 [DEBUG] [aiosqlite:104] executing functools.partial(<built-in method execute of sqlite3.Connection object at 0x000001AA85A99210>, 'SELECT first_name, last_name, role FROM users WHERE user_id = ?', (1018880781,))
2025-07-16 15:02:00,990 [DEBUG] [aiosqlite:106] operation functools.partial(<built-in method execute of sqlite3.Connection object at 0x000001AA85A99210>, 'SELECT first_name, last_name, role FROM users WHERE user_id = ?', (1018880781,)) completed
2025-07-16 15:02:00,991 [DEBUG] [aiosqlite:104] executing functools.partial(<built-in method fetchone of sqlite3.Cursor object at 0x000001AA85B0CFC0>)
2025-07-16 15:02:00,991 [DEBUG] [aiosqlite:106] operation functools.partial(<built-in method fetchone of sqlite3.Cursor object at 0x000001AA85B0CFC0>) completed
2025-07-16 15:02:00,992 [DEBUG] [aiosqlite:104] executing functools.partial(<built-in method close of sqlite3.Connection object at 0x000001AA85A99210>)
2025-07-16 15:02:00,992 [DEBUG] [aiosqlite:106] operation functools.partial(<built-in method close of sqlite3.Connection object at 0x000001AA85A99210>) completed
2025-07-16 15:02:01,794 [DEBUG] [aiosqlite:104] executing <function connect.<locals>.connector at 0x000001AA85AA3E20>
2025-07-16 15:02:01,797 [DEBUG] [aiosqlite:106] operation <function connect.<locals>.connector at 0x000001AA85AA3E20> completed
2025-07-16 15:02:01,800 [DEBUG] [aiosqlite:104] executing functools.partial(<built-in method execute of sqlite3.Connection object at 0x000001AA85A99030>, 'SELECT first_name, last_name, role FROM users WHERE user_id = ?', (1018880781,))
2025-07-16 15:02:01,809 [DEBUG] [aiosqlite:106] operation functools.partial(<built-in method execute of sqlite3.Connection object at 0x000001AA85A99030>, 'SELECT first_name, last_name, role FROM users WHERE user_id = ?', (1018880781,)) completed
2025-07-16 15:02:01,814 [DEBUG] [aiosqlite:104] executing functools.partial(<built-in method fetchone of sqlite3.Cursor object at 0x000001AA85AFD240>)
2025-07-16 15:02:01,816 [DEBUG] [aiosqlite:106] operation functools.partial(<built-in method fetchone of sqlite3.Cursor object at 0x000001AA85AFD240>) completed
2025-07-16 15:02:01,818 [DEBUG] [aiosqlite:104] executing functools.partial(<built-in method close of sqlite3.Connection object at 0x000001AA85A99030>)
2025-07-16 15:02:01,819 [DEBUG] [aiosqlite:106] operation functools.partial(<built-in method close of sqlite3.Connection object at 0x000001AA85A99030>) completed
2025-07-16 15:02:02,051 [INFO] [aiogram.event:172] Update id=861001326 is handled. Duration 1064 ms by bot id=7637424219
2025-07-16 15:02:19,231 [DEBUG] [aiosqlite:104] executing <function connect.<locals>.connector at 0x000001AA85AA3CE0>
2025-07-16 15:02:19,233 [DEBUG] [aiosqlite:106] operation <function connect.<locals>.connector at 0x000001AA85AA3CE0> completed
2025-07-16 15:02:19,235 [DEBUG] [aiosqlite:104] executing functools.partial(<built-in method execute of sqlite3.Connection object at 0x000001AA85A997B0>, 'SELECT first_name, last_name, role FROM users WHERE user_id = ?', (1018880781,))
2025-07-16 15:02:19,237 [DEBUG] [aiosqlite:106] operation functools.partial(<built-in method execute of sqlite3.Connection object at 0x000001AA85A997B0>, 'SELECT first_name, last_name, role FROM users WHERE user_id = ?', (1018880781,)) completed
2025-07-16 15:02:19,240 [DEBUG] [aiosqlite:104] executing functools.partial(<built-in method fetchone of sqlite3.Cursor object at 0x000001AA85B0F840>)
2025-07-16 15:02:19,241 [DEBUG] [aiosqlite:106] operation functools.partial(<built-in method fetchone of sqlite3.Cursor object at 0x000001AA85B0F840>) completed
2025-07-16 15:02:19,243 [DEBUG] [aiosqlite:104] executing functools.partial(<built-in method close of sqlite3.Connection object at 0x000001AA85A997B0>)
2025-07-16 15:02:19,245 [DEBUG] [aiosqlite:106] operation functools.partial(<built-in method close of sqlite3.Connection object at 0x000001AA85A997B0>) completed
2025-07-16 15:02:19,248 [DEBUG] [aiosqlite:104] executing <function connect.<locals>.connector at 0x000001AAFD819B20>
2025-07-16 15:02:19,250 [DEBUG] [aiosqlite:106] operation <function connect.<locals>.connector at 0x000001AAFD819B20> completed
2025-07-16 15:02:19,252 [DEBUG] [aiosqlite:104] executing functools.partial(<built-in method execute of sqlite3.Connection object at 0x000001AA85A99030>, 'SELECT first_name, last_name, role FROM users WHERE user_id = ?', (1018880781,))
2025-07-16 15:02:19,255 [DEBUG] [aiosqlite:106] operation functools.partial(<built-in method execute of sqlite3.Connection object at 0x000001AA85A99030>, 'SELECT first_name, last_name, role FROM users WHERE user_id = ?', (1018880781,)) completed
2025-07-16 15:02:19,261 [DEBUG] [aiosqlite:104] executing functools.partial(<built-in method fetchone of sqlite3.Cursor object at 0x000001AA85B0F740>)
2025-07-16 15:02:19,263 [DEBUG] [aiosqlite:106] operation functools.partial(<built-in method fetchone of sqlite3.Cursor object at 0x000001AA85B0F740>) completed
2025-07-16 15:02:19,275 [DEBUG] [aiosqlite:104] executing functools.partial(<built-in method close of sqlite3.Connection object at 0x000001AA85A99030>)
2025-07-16 15:02:19,277 [DEBUG] [aiosqlite:106] operation functools.partial(<built-in method close of sqlite3.Connection object at 0x000001AA85A99030>) completed
2025-07-16 15:02:21,275 [DEBUG] [urllib3.util.retry:286] Converted retries value: 3 -> Retry(total=3, connect=None, read=None, redirect=None, status=None)
2025-07-16 15:02:21,330 [DEBUG] [google.auth.transport.requests:185] Making request: POST https://oauth2.googleapis.com/token
2025-07-16 15:02:21,368 [DEBUG] [urllib3.connectionpool:1049] Starting new HTTPS connection (1): oauth2.googleapis.com:443
2025-07-16 15:02:21,669 [DEBUG] [urllib3.connectionpool:544] https://oauth2.googleapis.com:443 "POST /token HTTP/1.1" 400 None
2025-07-16 15:02:21,672 [INFO] [aiogram.event:172] Update id=861001327 is not handled. Duration 2443 ms by bot id=7637424219
2025-07-16 15:02:21,673 [ERROR] [aiogram.event:315] Cause exception while process update id=861001327 by bot id=7637424219
RefreshError: ('invalid_scope: Invalid OAuth scope or ID token audience provided.', {'error': 'invalid_scope', 'error_description': 'Invalid OAuth scope or ID token audience provided.'})
Traceback (most recent call last):
  File "C:\Users\DELL\AppData\Local\Programs\Python\Python313\Lib\site-packages\aiogram\dispatcher\dispatcher.py", line 309, in _process_update
    response = await self.feed_update(bot, update, **kwargs)
               ^^^^^^^^^^^^^^^^^^^^^^^^^^^^^^^^^^^^^^^^^^^^^
  File "C:\Users\DELL\AppData\Local\Programs\Python\Python313\Lib\site-packages\aiogram\dispatcher\dispatcher.py", line 158, in feed_update
    response = await self.update.wrap_outer_middleware(
               ^^^^^^^^^^^^^^^^^^^^^^^^^^^^^^^^^^^^^^^^
    ...<7 lines>...
    )
    ^
  File "C:\Users\DELL\AppData\Local\Programs\Python\Python313\Lib\site-packages\aiogram\dispatcher\middlewares\error.py", line 25, in __call__
    return await handler(event, data)
           ^^^^^^^^^^^^^^^^^^^^^^^^^^
  File "C:\Users\DELL\AppData\Local\Programs\Python\Python313\Lib\site-packages\aiogram\dispatcher\middlewares\user_context.py", line 56, in __call__
    return await handler(event, data)
           ^^^^^^^^^^^^^^^^^^^^^^^^^^
  File "C:\Users\DELL\AppData\Local\Programs\Python\Python313\Lib\site-packages\aiogram\fsm\middleware.py", line 42, in __call__
    return await handler(event, data)
           ^^^^^^^^^^^^^^^^^^^^^^^^^^
  File "C:\Users\DELL\AppData\Local\Programs\Python\Python313\Lib\site-packages\aiogram\dispatcher\event\telegram.py", line 121, in trigger
    return await wrapped_inner(event, kwargs)
           ^^^^^^^^^^^^^^^^^^^^^^^^^^^^^^^^^^
  File "C:\Users\DELL\AppData\Local\Programs\Python\Python313\Lib\site-packages\aiogram\dispatcher\event\handler.py", line 43, in call
    return await wrapped()
           ^^^^^^^^^^^^^^^
  File "C:\Users\DELL\AppData\Local\Programs\Python\Python313\Lib\site-packages\aiogram\dispatcher\dispatcher.py", line 276, in _listen_update
    return await self.propagate_event(update_type=update_type, event=event, **kwargs)
           ^^^^^^^^^^^^^^^^^^^^^^^^^^^^^^^^^^^^^^^^^^^^^^^^^^^^^^^^^^^^^^^^^^^^^^^^^^
  File "C:\Users\DELL\AppData\Local\Programs\Python\Python313\Lib\site-packages\aiogram\dispatcher\router.py", line 146, in propagate_event
    return await observer.wrap_outer_middleware(_wrapped, event=event, data=kwargs)
           ^^^^^^^^^^^^^^^^^^^^^^^^^^^^^^^^^^^^^^^^^^^^^^^^^^^^^^^^^^^^^^^^^^^^^^^^
  File "C:\Users\DELL\AppData\Local\Programs\Python\Python313\Lib\site-packages\aiogram\dispatcher\router.py", line 141, in _wrapped
    return await self._propagate_event(
           ^^^^^^^^^^^^^^^^^^^^^^^^^^^^
        observer=observer, update_type=update_type, event=telegram_event, **data
        ^^^^^^^^^^^^^^^^^^^^^^^^^^^^^^^^^^^^^^^^^^^^^^^^^^^^^^^^^^^^^^^^^^^^^^^^
    )
    ^
  File "C:\Users\DELL\AppData\Local\Programs\Python\Python313\Lib\site-packages\aiogram\dispatcher\router.py", line 174, in _propagate_event
    response = await router.propagate_event(update_type=update_type, event=event, **kwargs)
               ^^^^^^^^^^^^^^^^^^^^^^^^^^^^^^^^^^^^^^^^^^^^^^^^^^^^^^^^^^^^^^^^^^^^^^^^^^^^
  File "C:\Users\DELL\AppData\Local\Programs\Python\Python313\Lib\site-packages\aiogram\dispatcher\router.py", line 146, in propagate_event
    return await observer.wrap_outer_middleware(_wrapped, event=event, data=kwargs)
           ^^^^^^^^^^^^^^^^^^^^^^^^^^^^^^^^^^^^^^^^^^^^^^^^^^^^^^^^^^^^^^^^^^^^^^^^
  File "C:\Users\DELL\AppData\Local\Programs\Python\Python313\Lib\site-packages\aiogram\dispatcher\router.py", line 141, in _wrapped
    return await self._propagate_event(
           ^^^^^^^^^^^^^^^^^^^^^^^^^^^^
        observer=observer, update_type=update_type, event=telegram_event, **data
        ^^^^^^^^^^^^^^^^^^^^^^^^^^^^^^^^^^^^^^^^^^^^^^^^^^^^^^^^^^^^^^^^^^^^^^^^
    )
    ^
  File "C:\Users\DELL\AppData\Local\Programs\Python\Python313\Lib\site-packages\aiogram\dispatcher\router.py", line 166, in _propagate_event
    response = await observer.trigger(event, **kwargs)
               ^^^^^^^^^^^^^^^^^^^^^^^^^^^^^^^^^^^^^^^
  File "C:\Users\DELL\AppData\Local\Programs\Python\Python313\Lib\site-packages\aiogram\dispatcher\event\telegram.py", line 121, in trigger
    return await wrapped_inner(event, kwargs)
           ^^^^^^^^^^^^^^^^^^^^^^^^^^^^^^^^^^
  File "C:\Users\DELL\AppData\Local\Programs\Python\Python313\Lib\site-packages\aiogram\dispatcher\event\handler.py", line 43, in call
    return await wrapped()
           ^^^^^^^^^^^^^^^
  File "C:\Users\DELL\Desktop\gpt\Masterbot1\handlers\polls.py", line 313, in handle_poll_answer
    await _sync_leader_report()
  File "C:\Users\DELL\Desktop\gpt\Masterbot1\handlers\polls.py", line 319, in _sync_leader_report
    new_text = await generate_poll_report()
               ^^^^^^^^^^^^^^^^^^^^^^^^^^^^
  File "C:\Users\DELL\Desktop\gpt\Masterbot1\handlers\polls.py", line 245, in generate_poll_report
    status = await get_user_status_from_svetofor(u["user_id"], game)
             ^^^^^^^^^^^^^^^^^^^^^^^^^^^^^^^^^^^^^^^^^^^^^^^^^^^^^^^
  File "C:\Users\DELL\Desktop\gpt\Masterbot1\services\gsheets.py", line 138, in get_user_status_from_svetofor
    _init_svetofor()
    ~~~~~~~~~~~~~~^^
  File "C:\Users\DELL\Desktop\gpt\Masterbot1\services\gsheets.py", line 46, in _init_svetofor
    sheet = client.open_by_key(sid).sheet1
            ~~~~~~~~~~~~~~~~~~^^^^^
  File "C:\Users\DELL\AppData\Local\Programs\Python\Python313\Lib\site-packages\gspread\client.py", line 168, in open_by_key
    spreadsheet = Spreadsheet(self.http_client, {"id": key})
  File "C:\Users\DELL\AppData\Local\Programs\Python\Python313\Lib\site-packages\gspread\spreadsheet.py", line 29, in __init__
    metadata = self.fetch_sheet_metadata()
  File "C:\Users\DELL\AppData\Local\Programs\Python\Python313\Lib\site-packages\gspread\spreadsheet.py", line 230, in fetch_sheet_metadata
    return self.client.fetch_sheet_metadata(self.id, params=params)
           ~~~~~~~~~~~~~~~~~~~~~~~~~~~~~~~~^^^^^^^^^^^^^^^^^^^^^^^^
  File "C:\Users\DELL\AppData\Local\Programs\Python\Python313\Lib\site-packages\gspread\http_client.py", line 305, in fetch_sheet_metadata
    r = self.request("get", url, params=params)
  File "C:\Users\DELL\AppData\Local\Programs\Python\Python313\Lib\site-packages\gspread\http_client.py", line 114, in request
    response = self.session.request(
        method=method,
    ...<6 lines>...
        timeout=self.timeout,
    )
  File "C:\Users\DELL\AppData\Local\Programs\Python\Python313\Lib\site-packages\google\auth\transport\requests.py", line 533, in request
    self.credentials.before_request(auth_request, method, url, request_headers)
    ~~~~~~~~~~~~~~~~~~~~~~~~~~~~~~~^^^^^^^^^^^^^^^^^^^^^^^^^^^^^^^^^^^^^^^^^^^^
  File "C:\Users\DELL\AppData\Local\Programs\Python\Python313\Lib\site-packages\google\auth\credentials.py", line 239, in before_request
    self._blocking_refresh(request)
    ~~~~~~~~~~~~~~~~~~~~~~^^^^^^^^^
  File "C:\Users\DELL\AppData\Local\Programs\Python\Python313\Lib\site-packages\google\auth\credentials.py", line 202, in _blocking_refresh
    self.refresh(request)
    ~~~~~~~~~~~~^^^^^^^^^
  File "C:\Users\DELL\AppData\Local\Programs\Python\Python313\Lib\site-packages\google\oauth2\service_account.py", line 448, in refresh
    access_token, expiry, _ = _client.jwt_grant(
                              ~~~~~~~~~~~~~~~~~^
        request, self._token_uri, assertion
        ^^^^^^^^^^^^^^^^^^^^^^^^^^^^^^^^^^^
    )
    ^
  File "C:\Users\DELL\AppData\Local\Programs\Python\Python313\Lib\site-packages\google\oauth2\_client.py", line 299, in jwt_grant
    response_data = _token_endpoint_request(
        request,
    ...<5 lines>...
        },
    )
  File "C:\Users\DELL\AppData\Local\Programs\Python\Python313\Lib\site-packages\google\oauth2\_client.py", line 270, in _token_endpoint_request
    _handle_error_response(response_data, retryable_error)
    ~~~~~~~~~~~~~~~~~~~~~~^^^^^^^^^^^^^^^^^^^^^^^^^^^^^^^^
  File "C:\Users\DELL\AppData\Local\Programs\Python\Python313\Lib\site-packages\google\oauth2\_client.py", line 69, in _handle_error_response
    raise exceptions.RefreshError(
        error_details, response_data, retryable=retryable_error
    )
google.auth.exceptions.RefreshError: ('invalid_scope: Invalid OAuth scope or ID token audience provided.', {'error': 'invalid_scope', 'error_description': 'Invalid OAuth scope or ID token audience provided.'})
2025-07-16 15:04:04,855 [INFO] [aiogram.event:172] Update id=861001328 is handled. Duration 0 ms by bot id=7637424219
2025-07-16 15:04:08,337 [DEBUG] [aiosqlite:104] executing <function connect.<locals>.connector at 0x000001AA85AA39C0>
2025-07-16 15:04:08,339 [DEBUG] [aiosqlite:106] operation <function connect.<locals>.connector at 0x000001AA85AA39C0> completed
2025-07-16 15:04:08,341 [DEBUG] [aiosqlite:104] executing functools.partial(<built-in method execute of sqlite3.Connection object at 0x000001AA85A99210>, 'SELECT first_name, last_name, role FROM users WHERE user_id = ?', (625280877,))
2025-07-16 15:04:08,343 [DEBUG] [aiosqlite:106] operation functools.partial(<built-in method execute of sqlite3.Connection object at 0x000001AA85A99210>, 'SELECT first_name, last_name, role FROM users WHERE user_id = ?', (625280877,)) completed
2025-07-16 15:04:08,347 [DEBUG] [aiosqlite:104] executing functools.partial(<built-in method fetchone of sqlite3.Cursor object at 0x000001AA85AFEC40>)
2025-07-16 15:04:08,348 [DEBUG] [aiosqlite:106] operation functools.partial(<built-in method fetchone of sqlite3.Cursor object at 0x000001AA85AFEC40>) completed
2025-07-16 15:04:08,350 [DEBUG] [aiosqlite:104] executing functools.partial(<built-in method close of sqlite3.Connection object at 0x000001AA85A99210>)
2025-07-16 15:04:08,351 [DEBUG] [aiosqlite:106] operation functools.partial(<built-in method close of sqlite3.Connection object at 0x000001AA85A99210>) completed
2025-07-16 15:04:08,352 [DEBUG] [aiosqlite:104] executing <function connect.<locals>.connector at 0x000001AA85AA3A60>
2025-07-16 15:04:08,354 [DEBUG] [aiosqlite:106] operation <function connect.<locals>.connector at 0x000001AA85AA3A60> completed
2025-07-16 15:04:08,355 [DEBUG] [aiosqlite:104] executing functools.partial(<built-in method execute of sqlite3.Connection object at 0x000001AA85A99A80>, 'SELECT first_name, last_name, role FROM users WHERE user_id = ?', (1018880781,))
2025-07-16 15:04:08,356 [DEBUG] [aiosqlite:106] operation functools.partial(<built-in method execute of sqlite3.Connection object at 0x000001AA85A99A80>, 'SELECT first_name, last_name, role FROM users WHERE user_id = ?', (1018880781,)) completed
2025-07-16 15:04:08,357 [DEBUG] [aiosqlite:104] executing functools.partial(<built-in method fetchone of sqlite3.Cursor object at 0x000001AA85AFF3C0>)
2025-07-16 15:04:08,358 [DEBUG] [aiosqlite:106] operation functools.partial(<built-in method fetchone of sqlite3.Cursor object at 0x000001AA85AFF3C0>) completed
2025-07-16 15:04:08,359 [DEBUG] [aiosqlite:104] executing functools.partial(<built-in method close of sqlite3.Connection object at 0x000001AA85A99A80>)
2025-07-16 15:04:08,360 [DEBUG] [aiosqlite:106] operation functools.partial(<built-in method close of sqlite3.Connection object at 0x000001AA85A99A80>) completed
2025-07-16 15:04:08,364 [DEBUG] [urllib3.util.retry:286] Converted retries value: 3 -> Retry(total=3, connect=None, read=None, redirect=None, status=None)
2025-07-16 15:04:08,404 [DEBUG] [google.auth.transport.requests:185] Making request: POST https://oauth2.googleapis.com/token
2025-07-16 15:04:08,407 [DEBUG] [urllib3.connectionpool:1049] Starting new HTTPS connection (1): oauth2.googleapis.com:443
2025-07-16 15:04:08,503 [DEBUG] [urllib3.connectionpool:544] https://oauth2.googleapis.com:443 "POST /token HTTP/1.1" 400 None
2025-07-16 15:04:08,518 [INFO] [aiogram.event:172] Update id=861001329 is not handled. Duration 182 ms by bot id=7637424219
2025-07-16 15:04:08,519 [ERROR] [aiogram.event:315] Cause exception while process update id=861001329 by bot id=7637424219
RefreshError: ('invalid_scope: Invalid OAuth scope or ID token audience provided.', {'error': 'invalid_scope', 'error_description': 'Invalid OAuth scope or ID token audience provided.'})
Traceback (most recent call last):
  File "C:\Users\DELL\AppData\Local\Programs\Python\Python313\Lib\site-packages\aiogram\dispatcher\dispatcher.py", line 309, in _process_update
    response = await self.feed_update(bot, update, **kwargs)
               ^^^^^^^^^^^^^^^^^^^^^^^^^^^^^^^^^^^^^^^^^^^^^
  File "C:\Users\DELL\AppData\Local\Programs\Python\Python313\Lib\site-packages\aiogram\dispatcher\dispatcher.py", line 158, in feed_update
    response = await self.update.wrap_outer_middleware(
               ^^^^^^^^^^^^^^^^^^^^^^^^^^^^^^^^^^^^^^^^
    ...<7 lines>...
    )
    ^
  File "C:\Users\DELL\AppData\Local\Programs\Python\Python313\Lib\site-packages\aiogram\dispatcher\middlewares\error.py", line 25, in __call__
    return await handler(event, data)
           ^^^^^^^^^^^^^^^^^^^^^^^^^^
  File "C:\Users\DELL\AppData\Local\Programs\Python\Python313\Lib\site-packages\aiogram\dispatcher\middlewares\user_context.py", line 56, in __call__
    return await handler(event, data)
           ^^^^^^^^^^^^^^^^^^^^^^^^^^
  File "C:\Users\DELL\AppData\Local\Programs\Python\Python313\Lib\site-packages\aiogram\fsm\middleware.py", line 42, in __call__
    return await handler(event, data)
           ^^^^^^^^^^^^^^^^^^^^^^^^^^
  File "C:\Users\DELL\AppData\Local\Programs\Python\Python313\Lib\site-packages\aiogram\dispatcher\event\telegram.py", line 121, in trigger
    return await wrapped_inner(event, kwargs)
           ^^^^^^^^^^^^^^^^^^^^^^^^^^^^^^^^^^
  File "C:\Users\DELL\AppData\Local\Programs\Python\Python313\Lib\site-packages\aiogram\dispatcher\event\handler.py", line 43, in call
    return await wrapped()
           ^^^^^^^^^^^^^^^
  File "C:\Users\DELL\AppData\Local\Programs\Python\Python313\Lib\site-packages\aiogram\dispatcher\dispatcher.py", line 276, in _listen_update
    return await self.propagate_event(update_type=update_type, event=event, **kwargs)
           ^^^^^^^^^^^^^^^^^^^^^^^^^^^^^^^^^^^^^^^^^^^^^^^^^^^^^^^^^^^^^^^^^^^^^^^^^^
  File "C:\Users\DELL\AppData\Local\Programs\Python\Python313\Lib\site-packages\aiogram\dispatcher\router.py", line 146, in propagate_event
    return await observer.wrap_outer_middleware(_wrapped, event=event, data=kwargs)
           ^^^^^^^^^^^^^^^^^^^^^^^^^^^^^^^^^^^^^^^^^^^^^^^^^^^^^^^^^^^^^^^^^^^^^^^^
  File "C:\Users\DELL\AppData\Local\Programs\Python\Python313\Lib\site-packages\aiogram\dispatcher\router.py", line 141, in _wrapped
    return await self._propagate_event(
           ^^^^^^^^^^^^^^^^^^^^^^^^^^^^
        observer=observer, update_type=update_type, event=telegram_event, **data
        ^^^^^^^^^^^^^^^^^^^^^^^^^^^^^^^^^^^^^^^^^^^^^^^^^^^^^^^^^^^^^^^^^^^^^^^^
    )
    ^
  File "C:\Users\DELL\AppData\Local\Programs\Python\Python313\Lib\site-packages\aiogram\dispatcher\router.py", line 174, in _propagate_event
    response = await router.propagate_event(update_type=update_type, event=event, **kwargs)
               ^^^^^^^^^^^^^^^^^^^^^^^^^^^^^^^^^^^^^^^^^^^^^^^^^^^^^^^^^^^^^^^^^^^^^^^^^^^^
  File "C:\Users\DELL\AppData\Local\Programs\Python\Python313\Lib\site-packages\aiogram\dispatcher\router.py", line 146, in propagate_event
    return await observer.wrap_outer_middleware(_wrapped, event=event, data=kwargs)
           ^^^^^^^^^^^^^^^^^^^^^^^^^^^^^^^^^^^^^^^^^^^^^^^^^^^^^^^^^^^^^^^^^^^^^^^^
  File "C:\Users\DELL\AppData\Local\Programs\Python\Python313\Lib\site-packages\aiogram\dispatcher\router.py", line 141, in _wrapped
    return await self._propagate_event(
           ^^^^^^^^^^^^^^^^^^^^^^^^^^^^
        observer=observer, update_type=update_type, event=telegram_event, **data
        ^^^^^^^^^^^^^^^^^^^^^^^^^^^^^^^^^^^^^^^^^^^^^^^^^^^^^^^^^^^^^^^^^^^^^^^^
    )
    ^
  File "C:\Users\DELL\AppData\Local\Programs\Python\Python313\Lib\site-packages\aiogram\dispatcher\router.py", line 166, in _propagate_event
    response = await observer.trigger(event, **kwargs)
               ^^^^^^^^^^^^^^^^^^^^^^^^^^^^^^^^^^^^^^^
  File "C:\Users\DELL\AppData\Local\Programs\Python\Python313\Lib\site-packages\aiogram\dispatcher\event\telegram.py", line 121, in trigger
    return await wrapped_inner(event, kwargs)
           ^^^^^^^^^^^^^^^^^^^^^^^^^^^^^^^^^^
  File "C:\Users\DELL\AppData\Local\Programs\Python\Python313\Lib\site-packages\aiogram\dispatcher\event\handler.py", line 43, in call
    return await wrapped()
           ^^^^^^^^^^^^^^^
  File "C:\Users\DELL\Desktop\gpt\Masterbot1\handlers\polls.py", line 313, in handle_poll_answer
    await _sync_leader_report()
  File "C:\Users\DELL\Desktop\gpt\Masterbot1\handlers\polls.py", line 319, in _sync_leader_report
    new_text = await generate_poll_report()
               ^^^^^^^^^^^^^^^^^^^^^^^^^^^^
  File "C:\Users\DELL\Desktop\gpt\Masterbot1\handlers\polls.py", line 245, in generate_poll_report
    status = await get_user_status_from_svetofor(u["user_id"], game)
             ^^^^^^^^^^^^^^^^^^^^^^^^^^^^^^^^^^^^^^^^^^^^^^^^^^^^^^^
  File "C:\Users\DELL\Desktop\gpt\Masterbot1\services\gsheets.py", line 138, in get_user_status_from_svetofor
    _init_svetofor()
    ~~~~~~~~~~~~~~^^
  File "C:\Users\DELL\Desktop\gpt\Masterbot1\services\gsheets.py", line 46, in _init_svetofor
    sheet = client.open_by_key(sid).sheet1
            ~~~~~~~~~~~~~~~~~~^^^^^
  File "C:\Users\DELL\AppData\Local\Programs\Python\Python313\Lib\site-packages\gspread\client.py", line 168, in open_by_key
    spreadsheet = Spreadsheet(self.http_client, {"id": key})
  File "C:\Users\DELL\AppData\Local\Programs\Python\Python313\Lib\site-packages\gspread\spreadsheet.py", line 29, in __init__
    metadata = self.fetch_sheet_metadata()
  File "C:\Users\DELL\AppData\Local\Programs\Python\Python313\Lib\site-packages\gspread\spreadsheet.py", line 230, in fetch_sheet_metadata
    return self.client.fetch_sheet_metadata(self.id, params=params)
           ~~~~~~~~~~~~~~~~~~~~~~~~~~~~~~~~^^^^^^^^^^^^^^^^^^^^^^^^
  File "C:\Users\DELL\AppData\Local\Programs\Python\Python313\Lib\site-packages\gspread\http_client.py", line 305, in fetch_sheet_metadata
    r = self.request("get", url, params=params)
  File "C:\Users\DELL\AppData\Local\Programs\Python\Python313\Lib\site-packages\gspread\http_client.py", line 114, in request
    response = self.session.request(
        method=method,
    ...<6 lines>...
        timeout=self.timeout,
    )
  File "C:\Users\DELL\AppData\Local\Programs\Python\Python313\Lib\site-packages\google\auth\transport\requests.py", line 533, in request
    self.credentials.before_request(auth_request, method, url, request_headers)
    ~~~~~~~~~~~~~~~~~~~~~~~~~~~~~~~^^^^^^^^^^^^^^^^^^^^^^^^^^^^^^^^^^^^^^^^^^^^
  File "C:\Users\DELL\AppData\Local\Programs\Python\Python313\Lib\site-packages\google\auth\credentials.py", line 239, in before_request
    self._blocking_refresh(request)
    ~~~~~~~~~~~~~~~~~~~~~~^^^^^^^^^
  File "C:\Users\DELL\AppData\Local\Programs\Python\Python313\Lib\site-packages\google\auth\credentials.py", line 202, in _blocking_refresh
    self.refresh(request)
    ~~~~~~~~~~~~^^^^^^^^^
  File "C:\Users\DELL\AppData\Local\Programs\Python\Python313\Lib\site-packages\google\oauth2\service_account.py", line 448, in refresh
    access_token, expiry, _ = _client.jwt_grant(
                              ~~~~~~~~~~~~~~~~~^
        request, self._token_uri, assertion
        ^^^^^^^^^^^^^^^^^^^^^^^^^^^^^^^^^^^
    )
    ^
  File "C:\Users\DELL\AppData\Local\Programs\Python\Python313\Lib\site-packages\google\oauth2\_client.py", line 299, in jwt_grant
    response_data = _token_endpoint_request(
        request,
    ...<5 lines>...
        },
    )
  File "C:\Users\DELL\AppData\Local\Programs\Python\Python313\Lib\site-packages\google\oauth2\_client.py", line 270, in _token_endpoint_request
    _handle_error_response(response_data, retryable_error)
    ~~~~~~~~~~~~~~~~~~~~~~^^^^^^^^^^^^^^^^^^^^^^^^^^^^^^^^
  File "C:\Users\DELL\AppData\Local\Programs\Python\Python313\Lib\site-packages\google\oauth2\_client.py", line 69, in _handle_error_response
    raise exceptions.RefreshError(
        error_details, response_data, retryable=retryable_error
    )
google.auth.exceptions.RefreshError: ('invalid_scope: Invalid OAuth scope or ID token audience provided.', {'error': 'invalid_scope', 'error_description': 'Invalid OAuth scope or ID token audience provided.'})
2025-07-16 15:05:00,638 [DEBUG] [asyncio:631] Using proactor: IocpProactor
2025-07-16 15:05:01,811 [INFO] [apscheduler.scheduler:214] Scheduler started
2025-07-16 15:05:01,811 [INFO] [__main__:125] Bot starting… version MasterBot 12.92-refactor
2025-07-16 15:05:01,815 [INFO] [__main__:65] [startup] admin_chat_id загружен: -4738242986
2025-07-16 15:05:01,817 [DEBUG] [aiosqlite:104] executing <function connect.<locals>.connector at 0x0000020BAA772160>
2025-07-16 15:05:01,818 [DEBUG] [apscheduler.scheduler:1151] Looking for jobs to run
2025-07-16 15:05:01,820 [DEBUG] [apscheduler.scheduler:1252] No jobs; waiting until a job is added
2025-07-16 15:05:01,821 [DEBUG] [aiosqlite:106] operation <function connect.<locals>.connector at 0x0000020BAA772160> completed
2025-07-16 15:05:01,823 [DEBUG] [aiosqlite:104] executing functools.partial(<built-in method execute of sqlite3.Connection object at 0x0000020BAA760C70>, '\nCREATE TABLE IF NOT EXISTS users (\n    user_id         INTEGER PRIMARY KEY,\n    first_name      TEXT,\n    last_name       TEXT,\n    role            TEXT,\n    scenario_access TEXT,\n    updated_at      TIMESTAMP DEFAULT CURRENT_TIMESTAMP\n);\n', [])
2025-07-16 15:05:01,827 [DEBUG] [aiosqlite:106] operation functools.partial(<built-in method execute of sqlite3.Connection object at 0x0000020BAA760C70>, '\nCREATE TABLE IF NOT EXISTS users (\n    user_id         INTEGER PRIMARY KEY,\n    first_name      TEXT,\n    last_name       TEXT,\n    role            TEXT,\n    scenario_access TEXT,\n    updated_at      TIMESTAMP DEFAULT CURRENT_TIMESTAMP\n);\n', []) completed
2025-07-16 15:05:01,831 [DEBUG] [aiosqlite:104] executing functools.partial(<built-in method execute of sqlite3.Connection object at 0x0000020BAA760C70>, "INSERT OR IGNORE INTO users(user_id, role) VALUES (?, 'руководитель')", (1018880781,))
2025-07-16 15:05:01,833 [DEBUG] [aiosqlite:106] operation functools.partial(<built-in method execute of sqlite3.Connection object at 0x0000020BAA760C70>, "INSERT OR IGNORE INTO users(user_id, role) VALUES (?, 'руководитель')", (1018880781,)) completed
2025-07-16 15:05:01,835 [DEBUG] [aiosqlite:104] executing functools.partial(<built-in method commit of sqlite3.Connection object at 0x0000020BAA760C70>)
2025-07-16 15:05:01,838 [DEBUG] [aiosqlite:106] operation functools.partial(<built-in method commit of sqlite3.Connection object at 0x0000020BAA760C70>) completed
2025-07-16 15:05:01,844 [DEBUG] [aiosqlite:104] executing functools.partial(<built-in method close of sqlite3.Connection object at 0x0000020BAA760C70>)
2025-07-16 15:05:01,845 [DEBUG] [aiosqlite:106] operation functools.partial(<built-in method close of sqlite3.Connection object at 0x0000020BAA760C70>) completed
2025-07-16 15:05:01,846 [INFO] [__main__:73] [startup] Конфиг и БД инициализированы, Leader-ID 1018880781 гарантирован
2025-07-16 15:05:01,848 [INFO] [aiogram.dispatcher:566] Start polling
2025-07-16 15:05:02,101 [INFO] [aiogram.dispatcher:363] Run polling for bot @masbot12_bot id=7637424219 - 'masterbot12'
2025-07-16 15:05:12,880 [DEBUG] [aiosqlite:104] executing <function connect.<locals>.connector at 0x0000020BAA773880>
2025-07-16 15:05:12,883 [DEBUG] [aiosqlite:106] operation <function connect.<locals>.connector at 0x0000020BAA773880> completed
2025-07-16 15:05:12,884 [DEBUG] [aiosqlite:104] executing functools.partial(<built-in method execute of sqlite3.Connection object at 0x0000020BAA761210>, 'SELECT first_name, last_name, role FROM users WHERE user_id = ?', (1018880781,))
2025-07-16 15:05:12,887 [DEBUG] [aiosqlite:106] operation functools.partial(<built-in method execute of sqlite3.Connection object at 0x0000020BAA761210>, 'SELECT first_name, last_name, role FROM users WHERE user_id = ?', (1018880781,)) completed
2025-07-16 15:05:12,889 [DEBUG] [aiosqlite:104] executing functools.partial(<built-in method fetchone of sqlite3.Cursor object at 0x0000020BAA787A40>)
2025-07-16 15:05:12,890 [DEBUG] [aiosqlite:106] operation functools.partial(<built-in method fetchone of sqlite3.Cursor object at 0x0000020BAA787A40>) completed
2025-07-16 15:05:12,892 [DEBUG] [aiosqlite:104] executing functools.partial(<built-in method close of sqlite3.Connection object at 0x0000020BAA761210>)
2025-07-16 15:05:12,893 [DEBUG] [aiosqlite:106] operation functools.partial(<built-in method close of sqlite3.Connection object at 0x0000020BAA761210>) completed
2025-07-16 15:05:13,173 [INFO] [aiogram.event:172] Update id=861001330 is handled. Duration 294 ms by bot id=7637424219
2025-07-16 15:05:14,332 [DEBUG] [aiosqlite:104] executing <function connect.<locals>.connector at 0x0000020BAA773380>
2025-07-16 15:05:14,333 [DEBUG] [aiosqlite:106] operation <function connect.<locals>.connector at 0x0000020BAA773380> completed
2025-07-16 15:05:14,334 [DEBUG] [aiosqlite:104] executing functools.partial(<built-in method execute of sqlite3.Connection object at 0x0000020BAA761030>, 'SELECT first_name, last_name, role FROM users WHERE user_id = ?', (1018880781,))
2025-07-16 15:05:14,336 [DEBUG] [aiosqlite:106] operation functools.partial(<built-in method execute of sqlite3.Connection object at 0x0000020BAA761030>, 'SELECT first_name, last_name, role FROM users WHERE user_id = ?', (1018880781,)) completed
2025-07-16 15:05:14,337 [DEBUG] [aiosqlite:104] executing functools.partial(<built-in method fetchone of sqlite3.Cursor object at 0x0000020BAA7B9340>)
2025-07-16 15:05:14,337 [DEBUG] [aiosqlite:106] operation functools.partial(<built-in method fetchone of sqlite3.Cursor object at 0x0000020BAA7B9340>) completed
2025-07-16 15:05:14,338 [DEBUG] [aiosqlite:104] executing functools.partial(<built-in method close of sqlite3.Connection object at 0x0000020BAA761030>)
2025-07-16 15:05:14,339 [DEBUG] [aiosqlite:106] operation functools.partial(<built-in method close of sqlite3.Connection object at 0x0000020BAA761030>) completed
2025-07-16 15:05:18,142 [DEBUG] [aiosqlite:104] executing <function connect.<locals>.connector at 0x0000020BAA773EC0>
2025-07-16 15:05:18,144 [DEBUG] [aiosqlite:106] operation <function connect.<locals>.connector at 0x0000020BAA773EC0> completed
2025-07-16 15:05:18,146 [DEBUG] [aiosqlite:104] executing functools.partial(<built-in method execute of sqlite3.Connection object at 0x0000020BAA7615D0>, 'SELECT first_name, last_name, role FROM users WHERE user_id = ?', (1018880781,))
2025-07-16 15:05:18,148 [DEBUG] [aiosqlite:106] operation functools.partial(<built-in method execute of sqlite3.Connection object at 0x0000020BAA7615D0>, 'SELECT first_name, last_name, role FROM users WHERE user_id = ?', (1018880781,)) completed
2025-07-16 15:05:18,150 [DEBUG] [aiosqlite:104] executing functools.partial(<built-in method fetchone of sqlite3.Cursor object at 0x0000020BAA7D2CC0>)
2025-07-16 15:05:18,151 [DEBUG] [aiosqlite:106] operation functools.partial(<built-in method fetchone of sqlite3.Cursor object at 0x0000020BAA7D2CC0>) completed
2025-07-16 15:05:18,152 [DEBUG] [aiosqlite:104] executing functools.partial(<built-in method close of sqlite3.Connection object at 0x0000020BAA7615D0>)
2025-07-16 15:05:18,154 [DEBUG] [aiosqlite:106] operation functools.partial(<built-in method close of sqlite3.Connection object at 0x0000020BAA7615D0>) completed
2025-07-16 15:05:18,328 [INFO] [aiogram.event:172] Update id=861001331 is handled. Duration 3997 ms by bot id=7637424219
2025-07-16 15:05:20,828 [INFO] [aiogram.event:172] Update id=861001332 is handled. Duration 947 ms by bot id=7637424219
2025-07-16 15:05:40,160 [DEBUG] [aiosqlite:104] executing <function connect.<locals>.connector at 0x0000020BAA773CE0>
2025-07-16 15:05:40,170 [DEBUG] [aiosqlite:106] operation <function connect.<locals>.connector at 0x0000020BAA773CE0> completed
2025-07-16 15:05:40,173 [DEBUG] [aiosqlite:104] executing functools.partial(<built-in method execute of sqlite3.Connection object at 0x0000020BAA7618A0>, 'SELECT first_name, last_name, role FROM users WHERE user_id = ?', (1018880781,))
2025-07-16 15:05:40,183 [DEBUG] [aiosqlite:106] operation functools.partial(<built-in method execute of sqlite3.Connection object at 0x0000020BAA7618A0>, 'SELECT first_name, last_name, role FROM users WHERE user_id = ?', (1018880781,)) completed
2025-07-16 15:05:40,186 [DEBUG] [aiosqlite:104] executing functools.partial(<built-in method fetchone of sqlite3.Cursor object at 0x0000020BAA7DC3C0>)
2025-07-16 15:05:40,187 [DEBUG] [aiosqlite:106] operation functools.partial(<built-in method fetchone of sqlite3.Cursor object at 0x0000020BAA7DC3C0>) completed
2025-07-16 15:05:40,189 [DEBUG] [aiosqlite:104] executing functools.partial(<built-in method close of sqlite3.Connection object at 0x0000020BAA7618A0>)
2025-07-16 15:05:40,190 [DEBUG] [aiosqlite:106] operation functools.partial(<built-in method close of sqlite3.Connection object at 0x0000020BAA7618A0>) completed
2025-07-16 15:05:40,195 [DEBUG] [aiosqlite:104] executing <function connect.<locals>.connector at 0x0000020BAA773380>
2025-07-16 15:05:40,198 [DEBUG] [aiosqlite:106] operation <function connect.<locals>.connector at 0x0000020BAA773380> completed
2025-07-16 15:05:40,203 [DEBUG] [aiosqlite:104] executing functools.partial(<built-in method execute of sqlite3.Connection object at 0x0000020BAA761C60>, 'SELECT first_name, last_name, role FROM users WHERE user_id = ?', (1018880781,))
2025-07-16 15:05:40,237 [DEBUG] [aiosqlite:106] operation functools.partial(<built-in method execute of sqlite3.Connection object at 0x0000020BAA761C60>, 'SELECT first_name, last_name, role FROM users WHERE user_id = ?', (1018880781,)) completed
2025-07-16 15:05:40,248 [DEBUG] [aiosqlite:104] executing functools.partial(<built-in method fetchone of sqlite3.Cursor object at 0x0000020BAA7DD1C0>)
2025-07-16 15:05:40,262 [DEBUG] [aiosqlite:106] operation functools.partial(<built-in method fetchone of sqlite3.Cursor object at 0x0000020BAA7DD1C0>) completed
2025-07-16 15:05:40,266 [DEBUG] [aiosqlite:104] executing functools.partial(<built-in method close of sqlite3.Connection object at 0x0000020BAA761C60>)
2025-07-16 15:05:40,274 [DEBUG] [aiosqlite:106] operation functools.partial(<built-in method close of sqlite3.Connection object at 0x0000020BAA761C60>) completed
2025-07-16 15:05:40,294 [DEBUG] [urllib3.util.retry:286] Converted retries value: 3 -> Retry(total=3, connect=None, read=None, redirect=None, status=None)
2025-07-16 15:05:40,349 [DEBUG] [google.auth.transport.requests:185] Making request: POST https://oauth2.googleapis.com/token
2025-07-16 15:05:40,353 [DEBUG] [urllib3.connectionpool:1049] Starting new HTTPS connection (1): oauth2.googleapis.com:443
2025-07-16 15:05:40,469 [DEBUG] [urllib3.connectionpool:544] https://oauth2.googleapis.com:443 "POST /token HTTP/1.1" 200 None
2025-07-16 15:05:40,473 [DEBUG] [urllib3.connectionpool:1049] Starting new HTTPS connection (1): sheets.googleapis.com:443
2025-07-16 15:05:43,520 [DEBUG] [urllib3.connectionpool:544] https://sheets.googleapis.com:443 "GET /v4/spreadsheets/11wjq2kXi_FHqx1yzzQ8weqr5PngvJpOVu9VQo--hJMI?includeGridData=false HTTP/1.1" 200 None
2025-07-16 15:05:49,855 [DEBUG] [urllib3.connectionpool:544] https://sheets.googleapis.com:443 "GET /v4/spreadsheets/11wjq2kXi_FHqx1yzzQ8weqr5PngvJpOVu9VQo--hJMI?includeGridData=false HTTP/1.1" 200 None
2025-07-16 15:05:50,564 [INFO] [googleapiclient.discovery_cache:49] file_cache is only supported with oauth2client<4.0.0
2025-07-16 15:05:51,589 [DEBUG] [googleapiclient.discovery:1258] URL being requested: GET https://sheets.googleapis.com/v4/spreadsheets/11wjq2kXi_FHqx1yzzQ8weqr5PngvJpOVu9VQo--hJMI?includeGridData=true&alt=json
2025-07-16 15:05:54,528 [INFO] [aiogram.event:172] Update id=861001333 is handled. Duration 14372 ms by bot id=7637424219
2025-07-16 15:15:13,740 [INFO] [aiogram.event:172] Update id=861001334 is handled. Duration 115 ms by bot id=7637424219
2025-07-16 15:15:17,085 [INFO] [aiogram.event:172] Update id=861001335 is handled. Duration 0 ms by bot id=7637424219
2025-07-16 15:15:21,222 [DEBUG] [aiosqlite:104] executing <function connect.<locals>.connector at 0x0000020BAA7739C0>
2025-07-16 15:15:21,301 [DEBUG] [aiosqlite:106] operation <function connect.<locals>.connector at 0x0000020BAA7739C0> completed
2025-07-16 15:15:21,310 [DEBUG] [aiosqlite:104] executing functools.partial(<built-in method execute of sqlite3.Connection object at 0x0000020BAA760F40>, 'SELECT first_name, last_name, role FROM users WHERE user_id = ?', (5073681134,))
2025-07-16 15:15:21,318 [DEBUG] [aiosqlite:106] operation functools.partial(<built-in method execute of sqlite3.Connection object at 0x0000020BAA760F40>, 'SELECT first_name, last_name, role FROM users WHERE user_id = ?', (5073681134,)) completed
2025-07-16 15:15:21,322 [DEBUG] [aiosqlite:104] executing functools.partial(<built-in method fetchone of sqlite3.Cursor object at 0x0000020BAD0AD2C0>)
2025-07-16 15:15:21,323 [DEBUG] [aiosqlite:106] operation functools.partial(<built-in method fetchone of sqlite3.Cursor object at 0x0000020BAD0AD2C0>) completed
2025-07-16 15:15:21,324 [DEBUG] [aiosqlite:104] executing functools.partial(<built-in method close of sqlite3.Connection object at 0x0000020BAA760F40>)
2025-07-16 15:15:21,326 [DEBUG] [aiosqlite:106] operation functools.partial(<built-in method close of sqlite3.Connection object at 0x0000020BAA760F40>) completed
2025-07-16 15:15:21,342 [DEBUG] [aiosqlite:104] executing <function connect.<locals>.connector at 0x0000020BAA773B00>
2025-07-16 15:15:21,344 [DEBUG] [aiosqlite:106] operation <function connect.<locals>.connector at 0x0000020BAA773B00> completed
2025-07-16 15:15:21,346 [DEBUG] [aiosqlite:104] executing functools.partial(<built-in method execute of sqlite3.Connection object at 0x0000020BAA7635B0>, 'SELECT first_name, last_name, role FROM users WHERE user_id = ?', (1018880781,))
2025-07-16 15:15:21,349 [DEBUG] [aiosqlite:106] operation functools.partial(<built-in method execute of sqlite3.Connection object at 0x0000020BAA7635B0>, 'SELECT first_name, last_name, role FROM users WHERE user_id = ?', (1018880781,)) completed
2025-07-16 15:15:21,352 [DEBUG] [aiosqlite:104] executing functools.partial(<built-in method fetchone of sqlite3.Cursor object at 0x0000020BAD0AD240>)
2025-07-16 15:15:21,354 [DEBUG] [aiosqlite:106] operation functools.partial(<built-in method fetchone of sqlite3.Cursor object at 0x0000020BAD0AD240>) completed
2025-07-16 15:15:21,355 [DEBUG] [aiosqlite:104] executing functools.partial(<built-in method close of sqlite3.Connection object at 0x0000020BAA7635B0>)
2025-07-16 15:15:21,356 [DEBUG] [aiosqlite:106] operation functools.partial(<built-in method close of sqlite3.Connection object at 0x0000020BAA7635B0>) completed
2025-07-16 15:15:23,177 [INFO] [aiogram.event:172] Update id=861001336 is handled. Duration 2006 ms by bot id=7637424219
2025-07-16 15:17:55,426 [DEBUG] [asyncio:631] Using proactor: IocpProactor
2025-07-16 15:17:56,176 [INFO] [apscheduler.scheduler:214] Scheduler started
2025-07-16 15:17:56,176 [INFO] [__main__:125] Bot starting… version MasterBot 12.92-refactor
2025-07-16 15:17:56,178 [INFO] [__main__:65] [startup] admin_chat_id загружен: -4738242986
2025-07-16 15:17:56,179 [DEBUG] [aiosqlite:104] executing <function connect.<locals>.connector at 0x00000245B7C4E160>
2025-07-16 15:17:56,179 [DEBUG] [apscheduler.scheduler:1151] Looking for jobs to run
2025-07-16 15:17:56,179 [DEBUG] [apscheduler.scheduler:1252] No jobs; waiting until a job is added
2025-07-16 15:17:56,180 [DEBUG] [aiosqlite:106] operation <function connect.<locals>.connector at 0x00000245B7C4E160> completed
2025-07-16 15:17:56,180 [DEBUG] [aiosqlite:104] executing functools.partial(<built-in method execute of sqlite3.Connection object at 0x00000245B7C3CC70>, '\nCREATE TABLE IF NOT EXISTS users (\n    user_id         INTEGER PRIMARY KEY,\n    first_name      TEXT,\n    last_name       TEXT,\n    role            TEXT,\n    scenario_access TEXT,\n    updated_at      TIMESTAMP DEFAULT CURRENT_TIMESTAMP\n);\n', [])
2025-07-16 15:17:56,182 [DEBUG] [aiosqlite:106] operation functools.partial(<built-in method execute of sqlite3.Connection object at 0x00000245B7C3CC70>, '\nCREATE TABLE IF NOT EXISTS users (\n    user_id         INTEGER PRIMARY KEY,\n    first_name      TEXT,\n    last_name       TEXT,\n    role            TEXT,\n    scenario_access TEXT,\n    updated_at      TIMESTAMP DEFAULT CURRENT_TIMESTAMP\n);\n', []) completed
2025-07-16 15:17:56,183 [DEBUG] [aiosqlite:104] executing functools.partial(<built-in method execute of sqlite3.Connection object at 0x00000245B7C3CC70>, "INSERT OR IGNORE INTO users(user_id, role) VALUES (?, 'руководитель')", (1018880781,))
2025-07-16 15:17:56,184 [DEBUG] [aiosqlite:106] operation functools.partial(<built-in method execute of sqlite3.Connection object at 0x00000245B7C3CC70>, "INSERT OR IGNORE INTO users(user_id, role) VALUES (?, 'руководитель')", (1018880781,)) completed
2025-07-16 15:17:56,185 [DEBUG] [aiosqlite:104] executing functools.partial(<built-in method commit of sqlite3.Connection object at 0x00000245B7C3CC70>)
2025-07-16 15:17:56,185 [DEBUG] [aiosqlite:106] operation functools.partial(<built-in method commit of sqlite3.Connection object at 0x00000245B7C3CC70>) completed
2025-07-16 15:17:56,186 [DEBUG] [aiosqlite:104] executing functools.partial(<built-in method close of sqlite3.Connection object at 0x00000245B7C3CC70>)
2025-07-16 15:17:56,186 [DEBUG] [aiosqlite:106] operation functools.partial(<built-in method close of sqlite3.Connection object at 0x00000245B7C3CC70>) completed
2025-07-16 15:17:56,187 [INFO] [__main__:73] [startup] Конфиг и БД инициализированы, Leader-ID 1018880781 гарантирован
2025-07-16 15:17:56,187 [INFO] [aiogram.dispatcher:566] Start polling
2025-07-16 15:17:56,380 [INFO] [aiogram.dispatcher:363] Run polling for bot @masbot12_bot id=7637424219 - 'masterbot12'
2025-07-16 15:17:56,439 [DEBUG] [aiosqlite:104] executing <function connect.<locals>.connector at 0x00000245B7C4FB00>
2025-07-16 15:17:56,441 [DEBUG] [aiosqlite:106] operation <function connect.<locals>.connector at 0x00000245B7C4FB00> completed
2025-07-16 15:17:56,441 [DEBUG] [aiosqlite:104] executing functools.partial(<built-in method execute of sqlite3.Connection object at 0x00000245B7C3D210>, 'SELECT first_name, last_name, role FROM users WHERE user_id = ?', (1018880781,))
2025-07-16 15:17:56,442 [DEBUG] [aiosqlite:106] operation functools.partial(<built-in method execute of sqlite3.Connection object at 0x00000245B7C3D210>, 'SELECT first_name, last_name, role FROM users WHERE user_id = ?', (1018880781,)) completed
2025-07-16 15:17:56,443 [DEBUG] [aiosqlite:104] executing functools.partial(<built-in method fetchone of sqlite3.Cursor object at 0x00000245B7C6BDC0>)
2025-07-16 15:17:56,444 [DEBUG] [aiosqlite:106] operation functools.partial(<built-in method fetchone of sqlite3.Cursor object at 0x00000245B7C6BDC0>) completed
2025-07-16 15:17:56,445 [DEBUG] [aiosqlite:104] executing functools.partial(<built-in method close of sqlite3.Connection object at 0x00000245B7C3D210>)
2025-07-16 15:17:56,445 [DEBUG] [aiosqlite:106] operation functools.partial(<built-in method close of sqlite3.Connection object at 0x00000245B7C3D210>) completed
2025-07-16 15:17:56,447 [DEBUG] [aiosqlite:104] executing <function connect.<locals>.connector at 0x00000245B7C4FCE0>
2025-07-16 15:17:56,448 [DEBUG] [aiosqlite:106] operation <function connect.<locals>.connector at 0x00000245B7C4FCE0> completed
2025-07-16 15:17:56,449 [DEBUG] [aiosqlite:104] executing functools.partial(<built-in method execute of sqlite3.Connection object at 0x00000245B7C3D030>, 'SELECT first_name, last_name, role FROM users WHERE user_id = ?', (1018880781,))
2025-07-16 15:17:56,450 [DEBUG] [aiosqlite:106] operation functools.partial(<built-in method execute of sqlite3.Connection object at 0x00000245B7C3D030>, 'SELECT first_name, last_name, role FROM users WHERE user_id = ?', (1018880781,)) completed
2025-07-16 15:17:56,451 [DEBUG] [aiosqlite:104] executing functools.partial(<built-in method fetchone of sqlite3.Cursor object at 0x00000245B7C6BDC0>)
2025-07-16 15:17:56,452 [DEBUG] [aiosqlite:106] operation functools.partial(<built-in method fetchone of sqlite3.Cursor object at 0x00000245B7C6BDC0>) completed
2025-07-16 15:17:56,453 [DEBUG] [aiosqlite:104] executing functools.partial(<built-in method close of sqlite3.Connection object at 0x00000245B7C3D030>)
2025-07-16 15:17:56,453 [DEBUG] [aiosqlite:106] operation functools.partial(<built-in method close of sqlite3.Connection object at 0x00000245B7C3D030>) completed
2025-07-16 15:17:56,776 [INFO] [aiogram.event:172] Update id=861001337 is handled. Duration 338 ms by bot id=7637424219
2025-07-16 15:19:33,047 [DEBUG] [aiosqlite:104] executing <function connect.<locals>.connector at 0x00000245B7C4F380>
2025-07-16 15:19:33,052 [DEBUG] [aiosqlite:106] operation <function connect.<locals>.connector at 0x00000245B7C4F380> completed
2025-07-16 15:19:33,053 [DEBUG] [aiosqlite:104] executing functools.partial(<built-in method execute of sqlite3.Connection object at 0x00000245B7C3D6C0>, 'SELECT first_name, last_name, role FROM users WHERE user_id = ?', (1018880781,))
2025-07-16 15:19:33,059 [DEBUG] [aiosqlite:106] operation functools.partial(<built-in method execute of sqlite3.Connection object at 0x00000245B7C3D6C0>, 'SELECT first_name, last_name, role FROM users WHERE user_id = ?', (1018880781,)) completed
2025-07-16 15:19:33,061 [DEBUG] [aiosqlite:104] executing functools.partial(<built-in method fetchone of sqlite3.Cursor object at 0x00000245B7C927C0>)
2025-07-16 15:19:33,063 [DEBUG] [aiosqlite:106] operation functools.partial(<built-in method fetchone of sqlite3.Cursor object at 0x00000245B7C927C0>) completed
2025-07-16 15:19:33,067 [DEBUG] [aiosqlite:104] executing functools.partial(<built-in method close of sqlite3.Connection object at 0x00000245B7C3D6C0>)
2025-07-16 15:19:33,072 [DEBUG] [aiosqlite:106] operation functools.partial(<built-in method close of sqlite3.Connection object at 0x00000245B7C3D6C0>) completed
2025-07-16 15:19:33,194 [INFO] [aiogram.event:172] Update id=861001338 is handled. Duration 148 ms by bot id=7637424219
2025-07-16 15:19:34,537 [DEBUG] [aiosqlite:104] executing <function connect.<locals>.connector at 0x00000245B7C4E2A0>
2025-07-16 15:19:34,542 [DEBUG] [aiosqlite:106] operation <function connect.<locals>.connector at 0x00000245B7C4E2A0> completed
2025-07-16 15:19:34,544 [DEBUG] [aiosqlite:104] executing functools.partial(<built-in method execute of sqlite3.Connection object at 0x00000245B7C3D6C0>, 'SELECT first_name, last_name, role FROM users WHERE user_id = ?', (1018880781,))
2025-07-16 15:19:34,547 [DEBUG] [aiosqlite:106] operation functools.partial(<built-in method execute of sqlite3.Connection object at 0x00000245B7C3D6C0>, 'SELECT first_name, last_name, role FROM users WHERE user_id = ?', (1018880781,)) completed
2025-07-16 15:19:34,550 [DEBUG] [aiosqlite:104] executing functools.partial(<built-in method fetchone of sqlite3.Cursor object at 0x00000245B7C93440>)
2025-07-16 15:19:34,551 [DEBUG] [aiosqlite:106] operation functools.partial(<built-in method fetchone of sqlite3.Cursor object at 0x00000245B7C93440>) completed
2025-07-16 15:19:34,553 [DEBUG] [aiosqlite:104] executing functools.partial(<built-in method close of sqlite3.Connection object at 0x00000245B7C3D6C0>)
2025-07-16 15:19:34,554 [DEBUG] [aiosqlite:106] operation functools.partial(<built-in method close of sqlite3.Connection object at 0x00000245B7C3D6C0>) completed
2025-07-16 15:19:37,695 [DEBUG] [aiosqlite:104] executing <function connect.<locals>.connector at 0x00000245B7C4FF60>
2025-07-16 15:19:37,696 [DEBUG] [aiosqlite:106] operation <function connect.<locals>.connector at 0x00000245B7C4FF60> completed
2025-07-16 15:19:37,697 [DEBUG] [aiosqlite:104] executing functools.partial(<built-in method execute of sqlite3.Connection object at 0x00000245B7C3DA80>, 'SELECT first_name, last_name, role FROM users WHERE user_id = ?', (1018880781,))
2025-07-16 15:19:37,700 [DEBUG] [aiosqlite:106] operation functools.partial(<built-in method execute of sqlite3.Connection object at 0x00000245B7C3DA80>, 'SELECT first_name, last_name, role FROM users WHERE user_id = ?', (1018880781,)) completed
2025-07-16 15:19:37,702 [DEBUG] [aiosqlite:104] executing functools.partial(<built-in method fetchone of sqlite3.Cursor object at 0x00000245B7C68240>)
2025-07-16 15:19:37,703 [DEBUG] [aiosqlite:106] operation functools.partial(<built-in method fetchone of sqlite3.Cursor object at 0x00000245B7C68240>) completed
2025-07-16 15:19:37,705 [DEBUG] [aiosqlite:104] executing functools.partial(<built-in method close of sqlite3.Connection object at 0x00000245B7C3DA80>)
2025-07-16 15:19:37,709 [DEBUG] [aiosqlite:106] operation functools.partial(<built-in method close of sqlite3.Connection object at 0x00000245B7C3DA80>) completed
2025-07-16 15:19:37,898 [INFO] [aiogram.event:172] Update id=861001339 is handled. Duration 3364 ms by bot id=7637424219
2025-07-16 15:19:49,567 [DEBUG] [aiosqlite:104] executing <function connect.<locals>.connector at 0x00000245B7C4F7E0>
2025-07-16 15:19:49,571 [DEBUG] [aiosqlite:106] operation <function connect.<locals>.connector at 0x00000245B7C4F7E0> completed
2025-07-16 15:19:49,573 [DEBUG] [aiosqlite:104] executing functools.partial(<built-in method execute of sqlite3.Connection object at 0x00000245B7C3D120>, 'SELECT first_name, last_name, role FROM users WHERE user_id = ?', (1018880781,))
2025-07-16 15:19:49,576 [DEBUG] [aiosqlite:106] operation functools.partial(<built-in method execute of sqlite3.Connection object at 0x00000245B7C3D120>, 'SELECT first_name, last_name, role FROM users WHERE user_id = ?', (1018880781,)) completed
2025-07-16 15:19:49,580 [DEBUG] [aiosqlite:104] executing functools.partial(<built-in method fetchone of sqlite3.Cursor object at 0x00000245B7CB9340>)
2025-07-16 15:19:49,582 [DEBUG] [aiosqlite:106] operation functools.partial(<built-in method fetchone of sqlite3.Cursor object at 0x00000245B7CB9340>) completed
2025-07-16 15:19:49,594 [DEBUG] [aiosqlite:104] executing functools.partial(<built-in method close of sqlite3.Connection object at 0x00000245B7C3D120>)
2025-07-16 15:19:49,597 [DEBUG] [aiosqlite:106] operation functools.partial(<built-in method close of sqlite3.Connection object at 0x00000245B7C3D120>) completed
2025-07-16 15:19:49,599 [DEBUG] [aiosqlite:104] executing <function connect.<locals>.connector at 0x00000245B7C4FCE0>
2025-07-16 15:19:49,600 [DEBUG] [aiosqlite:106] operation <function connect.<locals>.connector at 0x00000245B7C4FCE0> completed
2025-07-16 15:19:49,601 [DEBUG] [aiosqlite:104] executing functools.partial(<built-in method execute of sqlite3.Connection object at 0x00000245B7C3D7B0>, 'SELECT first_name, last_name, role FROM users WHERE user_id = ?', (1018880781,))
2025-07-16 15:19:49,602 [DEBUG] [aiosqlite:106] operation functools.partial(<built-in method execute of sqlite3.Connection object at 0x00000245B7C3D7B0>, 'SELECT first_name, last_name, role FROM users WHERE user_id = ?', (1018880781,)) completed
2025-07-16 15:19:49,603 [DEBUG] [aiosqlite:104] executing functools.partial(<built-in method fetchone of sqlite3.Cursor object at 0x00000245B7CB9D40>)
2025-07-16 15:19:49,604 [DEBUG] [aiosqlite:106] operation functools.partial(<built-in method fetchone of sqlite3.Cursor object at 0x00000245B7CB9D40>) completed
2025-07-16 15:19:49,605 [DEBUG] [aiosqlite:104] executing functools.partial(<built-in method close of sqlite3.Connection object at 0x00000245B7C3D7B0>)
2025-07-16 15:19:49,606 [DEBUG] [aiosqlite:106] operation functools.partial(<built-in method close of sqlite3.Connection object at 0x00000245B7C3D7B0>) completed
2025-07-16 15:19:49,781 [DEBUG] [urllib3.util.retry:286] Converted retries value: 3 -> Retry(total=3, connect=None, read=None, redirect=None, status=None)
2025-07-16 15:19:49,831 [DEBUG] [google.auth.transport.requests:185] Making request: POST https://oauth2.googleapis.com/token
2025-07-16 15:19:49,835 [DEBUG] [urllib3.connectionpool:1049] Starting new HTTPS connection (1): oauth2.googleapis.com:443
2025-07-16 15:19:49,938 [DEBUG] [urllib3.connectionpool:544] https://oauth2.googleapis.com:443 "POST /token HTTP/1.1" 200 None
2025-07-16 15:19:49,942 [DEBUG] [urllib3.connectionpool:1049] Starting new HTTPS connection (1): sheets.googleapis.com:443
2025-07-16 15:19:51,419 [DEBUG] [urllib3.connectionpool:544] https://sheets.googleapis.com:443 "GET /v4/spreadsheets/11wjq2kXi_FHqx1yzzQ8weqr5PngvJpOVu9VQo--hJMI?includeGridData=false HTTP/1.1" 200 None
2025-07-16 15:19:51,633 [DEBUG] [urllib3.connectionpool:544] https://sheets.googleapis.com:443 "GET /v4/spreadsheets/11wjq2kXi_FHqx1yzzQ8weqr5PngvJpOVu9VQo--hJMI?includeGridData=false HTTP/1.1" 200 None
2025-07-16 15:19:51,823 [INFO] [googleapiclient.discovery_cache:49] file_cache is only supported with oauth2client<4.0.0
2025-07-16 15:19:52,583 [DEBUG] [googleapiclient.discovery:1258] URL being requested: GET https://sheets.googleapis.com/v4/spreadsheets/11wjq2kXi_FHqx1yzzQ8weqr5PngvJpOVu9VQo--hJMI?includeGridData=true&alt=json
2025-07-16 15:19:54,719 [INFO] [aiogram.event:172] Update id=861001340 is handled. Duration 5178 ms by bot id=7637424219
2025-07-16 15:20:32,756 [INFO] [aiogram.event:172] Update id=861001341 is handled. Duration 6572 ms by bot id=7637424219
2025-07-16 15:20:43,756 [DEBUG] [aiosqlite:104] executing <function connect.<locals>.connector at 0x00000245B7CA6CA0>
2025-07-16 15:20:43,758 [DEBUG] [aiosqlite:106] operation <function connect.<locals>.connector at 0x00000245B7CA6CA0> completed
2025-07-16 15:20:43,758 [DEBUG] [aiosqlite:104] executing functools.partial(<built-in method execute of sqlite3.Connection object at 0x00000245B7C3F4C0>, 'SELECT first_name, last_name, role FROM users WHERE user_id = ?', (1018880781,))
2025-07-16 15:20:43,759 [DEBUG] [aiosqlite:106] operation functools.partial(<built-in method execute of sqlite3.Connection object at 0x00000245B7C3F4C0>, 'SELECT first_name, last_name, role FROM users WHERE user_id = ?', (1018880781,)) completed
2025-07-16 15:20:43,760 [DEBUG] [aiosqlite:104] executing functools.partial(<built-in method fetchone of sqlite3.Cursor object at 0x00000245B997EDC0>)
2025-07-16 15:20:43,761 [DEBUG] [aiosqlite:106] operation functools.partial(<built-in method fetchone of sqlite3.Cursor object at 0x00000245B997EDC0>) completed
2025-07-16 15:20:43,761 [DEBUG] [aiosqlite:104] executing functools.partial(<built-in method close of sqlite3.Connection object at 0x00000245B7C3F4C0>)
2025-07-16 15:20:43,762 [DEBUG] [aiosqlite:106] operation functools.partial(<built-in method close of sqlite3.Connection object at 0x00000245B7C3F4C0>) completed
2025-07-16 15:20:44,349 [DEBUG] [aiosqlite:104] executing <function connect.<locals>.connector at 0x00000245B7C4FC40>
2025-07-16 15:20:44,350 [DEBUG] [aiosqlite:106] operation <function connect.<locals>.connector at 0x00000245B7C4FC40> completed
2025-07-16 15:20:44,351 [DEBUG] [aiosqlite:104] executing functools.partial(<built-in method execute of sqlite3.Connection object at 0x00000245B7C3D4E0>, 'SELECT first_name, last_name, role FROM users WHERE user_id = ?', (1018880781,))
2025-07-16 15:20:44,352 [DEBUG] [aiosqlite:106] operation functools.partial(<built-in method execute of sqlite3.Connection object at 0x00000245B7C3D4E0>, 'SELECT first_name, last_name, role FROM users WHERE user_id = ?', (1018880781,)) completed
2025-07-16 15:20:44,353 [DEBUG] [aiosqlite:104] executing functools.partial(<built-in method fetchone of sqlite3.Cursor object at 0x00000245B994B4C0>)
2025-07-16 15:20:44,353 [DEBUG] [aiosqlite:106] operation functools.partial(<built-in method fetchone of sqlite3.Cursor object at 0x00000245B994B4C0>) completed
2025-07-16 15:20:44,354 [DEBUG] [aiosqlite:104] executing functools.partial(<built-in method close of sqlite3.Connection object at 0x00000245B7C3D4E0>)
2025-07-16 15:20:44,355 [DEBUG] [aiosqlite:106] operation functools.partial(<built-in method close of sqlite3.Connection object at 0x00000245B7C3D4E0>) completed
2025-07-16 15:20:44,478 [DEBUG] [aiosqlite:104] executing <function connect.<locals>.connector at 0x00000245B7C4FC40>
2025-07-16 15:20:44,484 [DEBUG] [aiosqlite:106] operation <function connect.<locals>.connector at 0x00000245B7C4FC40> completed
2025-07-16 15:20:44,485 [DEBUG] [aiosqlite:104] executing functools.partial(<built-in method execute of sqlite3.Connection object at 0x00000245B7C3CF40>, 'SELECT first_name, last_name, role FROM users WHERE user_id = ?', (1018880781,))
2025-07-16 15:20:44,487 [DEBUG] [aiosqlite:106] operation functools.partial(<built-in method execute of sqlite3.Connection object at 0x00000245B7C3CF40>, 'SELECT first_name, last_name, role FROM users WHERE user_id = ?', (1018880781,)) completed
2025-07-16 15:20:44,490 [DEBUG] [aiosqlite:104] executing functools.partial(<built-in method fetchone of sqlite3.Cursor object at 0x00000245B7D77A40>)
2025-07-16 15:20:44,493 [DEBUG] [aiosqlite:106] operation functools.partial(<built-in method fetchone of sqlite3.Cursor object at 0x00000245B7D77A40>) completed
2025-07-16 15:20:44,495 [DEBUG] [aiosqlite:104] executing functools.partial(<built-in method close of sqlite3.Connection object at 0x00000245B7C3CF40>)
2025-07-16 15:20:44,497 [DEBUG] [aiosqlite:106] operation functools.partial(<built-in method close of sqlite3.Connection object at 0x00000245B7C3CF40>) completed
2025-07-16 15:20:44,726 [INFO] [aiogram.event:172] Update id=861001342 is handled. Duration 971 ms by bot id=7637424219
2025-07-16 15:20:51,742 [INFO] [aiogram.event:172] Update id=861001343 is handled. Duration 1022 ms by bot id=7637424219
2025-07-16 15:21:09,744 [DEBUG] [aiosqlite:104] executing <function connect.<locals>.connector at 0x00000245B7C4F9C0>
2025-07-16 15:21:09,751 [DEBUG] [aiosqlite:106] operation <function connect.<locals>.connector at 0x00000245B7C4F9C0> completed
2025-07-16 15:21:09,768 [DEBUG] [aiosqlite:104] executing functools.partial(<built-in method execute of sqlite3.Connection object at 0x00000245B7C3F880>, 'SELECT first_name, last_name, role FROM users WHERE user_id = ?', (864616607,))
2025-07-16 15:21:09,786 [DEBUG] [aiosqlite:106] operation functools.partial(<built-in method execute of sqlite3.Connection object at 0x00000245B7C3F880>, 'SELECT first_name, last_name, role FROM users WHERE user_id = ?', (864616607,)) completed
2025-07-16 15:21:09,800 [DEBUG] [aiosqlite:104] executing functools.partial(<built-in method fetchone of sqlite3.Cursor object at 0x00000245B9955040>)
2025-07-16 15:21:09,805 [DEBUG] [aiosqlite:106] operation functools.partial(<built-in method fetchone of sqlite3.Cursor object at 0x00000245B9955040>) completed
2025-07-16 15:21:09,815 [DEBUG] [aiosqlite:104] executing functools.partial(<built-in method close of sqlite3.Connection object at 0x00000245B7C3F880>)
2025-07-16 15:21:09,819 [DEBUG] [aiosqlite:106] operation functools.partial(<built-in method close of sqlite3.Connection object at 0x00000245B7C3F880>) completed
2025-07-16 15:21:09,845 [DEBUG] [aiosqlite:104] executing <function connect.<locals>.connector at 0x00000245B7C4F420>
2025-07-16 15:21:09,852 [DEBUG] [aiosqlite:106] operation <function connect.<locals>.connector at 0x00000245B7C4F420> completed
2025-07-16 15:21:09,865 [DEBUG] [aiosqlite:104] executing functools.partial(<built-in method execute of sqlite3.Connection object at 0x00000245B7C3D030>, 'SELECT first_name, last_name, role FROM users WHERE user_id = ?', (1018880781,))
2025-07-16 15:21:09,869 [DEBUG] [aiosqlite:106] operation functools.partial(<built-in method execute of sqlite3.Connection object at 0x00000245B7C3D030>, 'SELECT first_name, last_name, role FROM users WHERE user_id = ?', (1018880781,)) completed
2025-07-16 15:21:09,877 [DEBUG] [aiosqlite:104] executing functools.partial(<built-in method fetchone of sqlite3.Cursor object at 0x00000245B9954FC0>)
2025-07-16 15:21:09,881 [DEBUG] [aiosqlite:106] operation functools.partial(<built-in method fetchone of sqlite3.Cursor object at 0x00000245B9954FC0>) completed
2025-07-16 15:21:09,887 [DEBUG] [aiosqlite:104] executing functools.partial(<built-in method close of sqlite3.Connection object at 0x00000245B7C3D030>)
2025-07-16 15:21:09,897 [DEBUG] [aiosqlite:106] operation functools.partial(<built-in method close of sqlite3.Connection object at 0x00000245B7C3D030>) completed
2025-07-16 15:21:09,915 [DEBUG] [aiosqlite:104] executing <function connect.<locals>.connector at 0x00000245B7CA6CA0>
2025-07-16 15:21:09,917 [DEBUG] [aiosqlite:106] operation <function connect.<locals>.connector at 0x00000245B7CA6CA0> completed
2025-07-16 15:21:09,919 [DEBUG] [aiosqlite:104] executing functools.partial(<built-in method execute of sqlite3.Connection object at 0x00000245B7C3CF40>, 'SELECT first_name, last_name, role FROM users WHERE user_id = ?', (864616607,))
2025-07-16 15:21:09,921 [DEBUG] [aiosqlite:106] operation functools.partial(<built-in method execute of sqlite3.Connection object at 0x00000245B7C3CF40>, 'SELECT first_name, last_name, role FROM users WHERE user_id = ?', (864616607,)) completed
2025-07-16 15:21:09,924 [DEBUG] [aiosqlite:104] executing functools.partial(<built-in method fetchone of sqlite3.Cursor object at 0x00000245B9955440>)
2025-07-16 15:21:09,928 [DEBUG] [aiosqlite:106] operation functools.partial(<built-in method fetchone of sqlite3.Cursor object at 0x00000245B9955440>) completed
2025-07-16 15:21:09,929 [DEBUG] [aiosqlite:104] executing functools.partial(<built-in method close of sqlite3.Connection object at 0x00000245B7C3CF40>)
2025-07-16 15:21:09,931 [DEBUG] [aiosqlite:106] operation functools.partial(<built-in method close of sqlite3.Connection object at 0x00000245B7C3CF40>) completed
2025-07-16 15:21:11,163 [INFO] [aiogram.event:172] Update id=861001344 is handled. Duration 1424 ms by bot id=7637424219
2025-07-16 15:21:19,516 [DEBUG] [aiosqlite:104] executing <function connect.<locals>.connector at 0x00000245B7C4F9C0>
2025-07-16 15:21:19,518 [DEBUG] [aiosqlite:106] operation <function connect.<locals>.connector at 0x00000245B7C4F9C0> completed
2025-07-16 15:21:19,520 [DEBUG] [aiosqlite:104] executing functools.partial(<built-in method execute of sqlite3.Connection object at 0x00000245B7C3F6A0>, 'SELECT first_name, last_name, role FROM users WHERE user_id = ?', (864616607,))
2025-07-16 15:21:19,522 [DEBUG] [aiosqlite:106] operation functools.partial(<built-in method execute of sqlite3.Connection object at 0x00000245B7C3F6A0>, 'SELECT first_name, last_name, role FROM users WHERE user_id = ?', (864616607,)) completed
2025-07-16 15:21:19,524 [DEBUG] [aiosqlite:104] executing functools.partial(<built-in method fetchone of sqlite3.Cursor object at 0x00000245B997EDC0>)
2025-07-16 15:21:19,525 [DEBUG] [aiosqlite:106] operation functools.partial(<built-in method fetchone of sqlite3.Cursor object at 0x00000245B997EDC0>) completed
2025-07-16 15:21:19,527 [DEBUG] [aiosqlite:104] executing functools.partial(<built-in method close of sqlite3.Connection object at 0x00000245B7C3F6A0>)
2025-07-16 15:21:19,528 [DEBUG] [aiosqlite:106] operation functools.partial(<built-in method close of sqlite3.Connection object at 0x00000245B7C3F6A0>) completed
2025-07-16 15:21:19,584 [INFO] [aiogram.event:172] Update id=861001346 is handled. Duration 0 ms by bot id=7637424219
2025-07-16 15:21:20,632 [INFO] [aiogram.event:172] Update id=861001345 is handled. Duration 1120 ms by bot id=7637424219
2025-07-16 15:21:30,233 [INFO] [aiogram.event:172] Update id=861001347 is handled. Duration 0 ms by bot id=7637424219
2025-07-16 15:22:29,323 [DEBUG] [aiosqlite:104] executing <function connect.<locals>.connector at 0x00000245B7CA6B60>
2025-07-16 15:22:29,324 [DEBUG] [aiosqlite:106] operation <function connect.<locals>.connector at 0x00000245B7CA6B60> completed
2025-07-16 15:22:29,325 [DEBUG] [aiosqlite:104] executing functools.partial(<built-in method execute of sqlite3.Connection object at 0x00000245B7C3FA60>, 'SELECT first_name, last_name, role FROM users WHERE user_id = ?', (1018880781,))
2025-07-16 15:22:29,326 [DEBUG] [aiosqlite:106] operation functools.partial(<built-in method execute of sqlite3.Connection object at 0x00000245B7C3FA60>, 'SELECT first_name, last_name, role FROM users WHERE user_id = ?', (1018880781,)) completed
2025-07-16 15:22:29,326 [DEBUG] [aiosqlite:104] executing functools.partial(<built-in method fetchone of sqlite3.Cursor object at 0x00000245B997EFC0>)
2025-07-16 15:22:29,327 [DEBUG] [aiosqlite:106] operation functools.partial(<built-in method fetchone of sqlite3.Cursor object at 0x00000245B997EFC0>) completed
2025-07-16 15:22:29,328 [DEBUG] [aiosqlite:104] executing functools.partial(<built-in method close of sqlite3.Connection object at 0x00000245B7C3FA60>)
2025-07-16 15:22:29,328 [DEBUG] [aiosqlite:106] operation functools.partial(<built-in method close of sqlite3.Connection object at 0x00000245B7C3FA60>) completed
2025-07-16 15:22:29,383 [DEBUG] [aiosqlite:104] executing <function connect.<locals>.connector at 0x00000245B7CA6CA0>
2025-07-16 15:22:29,384 [DEBUG] [aiosqlite:106] operation <function connect.<locals>.connector at 0x00000245B7CA6CA0> completed
2025-07-16 15:22:29,385 [DEBUG] [aiosqlite:104] executing functools.partial(<built-in method execute of sqlite3.Connection object at 0x00000245B7C3D990>, 'SELECT first_name, last_name, role FROM users WHERE user_id = ?', (1018880781,))
2025-07-16 15:22:29,387 [DEBUG] [aiosqlite:106] operation functools.partial(<built-in method execute of sqlite3.Connection object at 0x00000245B7C3D990>, 'SELECT first_name, last_name, role FROM users WHERE user_id = ?', (1018880781,)) completed
2025-07-16 15:22:29,388 [DEBUG] [aiosqlite:104] executing functools.partial(<built-in method fetchone of sqlite3.Cursor object at 0x00000245B997F440>)
2025-07-16 15:22:29,389 [DEBUG] [aiosqlite:106] operation functools.partial(<built-in method fetchone of sqlite3.Cursor object at 0x00000245B997F440>) completed
2025-07-16 15:22:29,390 [DEBUG] [aiosqlite:104] executing functools.partial(<built-in method close of sqlite3.Connection object at 0x00000245B7C3D990>)
2025-07-16 15:22:29,390 [DEBUG] [aiosqlite:106] operation functools.partial(<built-in method close of sqlite3.Connection object at 0x00000245B7C3D990>) completed
2025-07-16 15:22:29,392 [DEBUG] [aiosqlite:104] executing <function connect.<locals>.connector at 0x00000245B7CA72E0>
2025-07-16 15:22:29,393 [DEBUG] [aiosqlite:106] operation <function connect.<locals>.connector at 0x00000245B7CA72E0> completed
2025-07-16 15:22:29,394 [DEBUG] [aiosqlite:104] executing functools.partial(<built-in method execute of sqlite3.Connection object at 0x00000245B7C3D030>, 'SELECT first_name, last_name, role FROM users WHERE user_id = ?', (1018880781,))
2025-07-16 15:22:29,395 [DEBUG] [aiosqlite:106] operation functools.partial(<built-in method execute of sqlite3.Connection object at 0x00000245B7C3D030>, 'SELECT first_name, last_name, role FROM users WHERE user_id = ?', (1018880781,)) completed
2025-07-16 15:22:29,396 [DEBUG] [aiosqlite:104] executing functools.partial(<built-in method fetchone of sqlite3.Cursor object at 0x00000245B997E540>)
2025-07-16 15:22:29,397 [DEBUG] [aiosqlite:106] operation functools.partial(<built-in method fetchone of sqlite3.Cursor object at 0x00000245B997E540>) completed
2025-07-16 15:22:29,397 [DEBUG] [aiosqlite:104] executing functools.partial(<built-in method close of sqlite3.Connection object at 0x00000245B7C3D030>)
2025-07-16 15:22:29,398 [DEBUG] [aiosqlite:106] operation functools.partial(<built-in method close of sqlite3.Connection object at 0x00000245B7C3D030>) completed
2025-07-16 15:22:29,399 [DEBUG] [aiosqlite:104] executing <function connect.<locals>.connector at 0x00000245B7CA6FC0>
2025-07-16 15:22:29,400 [DEBUG] [aiosqlite:106] operation <function connect.<locals>.connector at 0x00000245B7CA6FC0> completed
2025-07-16 15:22:29,402 [DEBUG] [aiosqlite:104] executing functools.partial(<built-in method execute of sqlite3.Connection object at 0x00000245B7C3FC40>, 'SELECT first_name, last_name, role FROM users WHERE user_id = ?', (864616607,))
2025-07-16 15:22:29,403 [DEBUG] [aiosqlite:106] operation functools.partial(<built-in method execute of sqlite3.Connection object at 0x00000245B7C3FC40>, 'SELECT first_name, last_name, role FROM users WHERE user_id = ?', (864616607,)) completed
2025-07-16 15:22:29,404 [DEBUG] [aiosqlite:104] executing functools.partial(<built-in method fetchone of sqlite3.Cursor object at 0x00000245B997F440>)
2025-07-16 15:22:29,404 [DEBUG] [aiosqlite:106] operation functools.partial(<built-in method fetchone of sqlite3.Cursor object at 0x00000245B997F440>) completed
2025-07-16 15:22:29,405 [DEBUG] [aiosqlite:104] executing functools.partial(<built-in method close of sqlite3.Connection object at 0x00000245B7C3FC40>)
2025-07-16 15:22:29,406 [DEBUG] [aiosqlite:106] operation functools.partial(<built-in method close of sqlite3.Connection object at 0x00000245B7C3FC40>) completed
2025-07-16 15:22:29,619 [DEBUG] [aiosqlite:104] executing <function connect.<locals>.connector at 0x00000245B7C4FA60>
2025-07-16 15:22:29,621 [DEBUG] [aiosqlite:106] operation <function connect.<locals>.connector at 0x00000245B7C4FA60> completed
2025-07-16 15:22:29,623 [DEBUG] [aiosqlite:104] executing functools.partial(<built-in method execute of sqlite3.Connection object at 0x00000245B7C3F6A0>, 'SELECT first_name, last_name, role FROM users WHERE user_id = ?', (1018880781,))
2025-07-16 15:22:29,625 [DEBUG] [aiosqlite:106] operation functools.partial(<built-in method execute of sqlite3.Connection object at 0x00000245B7C3F6A0>, 'SELECT first_name, last_name, role FROM users WHERE user_id = ?', (1018880781,)) completed
2025-07-16 15:22:29,628 [DEBUG] [aiosqlite:104] executing functools.partial(<built-in method fetchone of sqlite3.Cursor object at 0x00000245B99578C0>)
2025-07-16 15:22:29,629 [DEBUG] [aiosqlite:106] operation functools.partial(<built-in method fetchone of sqlite3.Cursor object at 0x00000245B99578C0>) completed
2025-07-16 15:22:29,631 [DEBUG] [aiosqlite:104] executing functools.partial(<built-in method close of sqlite3.Connection object at 0x00000245B7C3F6A0>)
2025-07-16 15:22:29,633 [DEBUG] [aiosqlite:106] operation functools.partial(<built-in method close of sqlite3.Connection object at 0x00000245B7C3F6A0>) completed
2025-07-16 15:22:29,768 [DEBUG] [aiosqlite:104] executing <function connect.<locals>.connector at 0x00000245B7CA7420>
2025-07-16 15:22:29,769 [DEBUG] [aiosqlite:106] operation <function connect.<locals>.connector at 0x00000245B7CA7420> completed
2025-07-16 15:22:29,770 [DEBUG] [aiosqlite:104] executing functools.partial(<built-in method execute of sqlite3.Connection object at 0x00000245B7C3FF10>, 'SELECT first_name, last_name, role FROM users WHERE user_id = ?', (1018880781,))
2025-07-16 15:22:29,771 [DEBUG] [aiosqlite:106] operation functools.partial(<built-in method execute of sqlite3.Connection object at 0x00000245B7C3FF10>, 'SELECT first_name, last_name, role FROM users WHERE user_id = ?', (1018880781,)) completed
2025-07-16 15:22:29,771 [DEBUG] [aiosqlite:104] executing functools.partial(<built-in method fetchone of sqlite3.Cursor object at 0x00000245B9954D40>)
2025-07-16 15:22:29,772 [DEBUG] [aiosqlite:106] operation functools.partial(<built-in method fetchone of sqlite3.Cursor object at 0x00000245B9954D40>) completed
2025-07-16 15:22:29,772 [DEBUG] [aiosqlite:104] executing functools.partial(<built-in method close of sqlite3.Connection object at 0x00000245B7C3FF10>)
2025-07-16 15:22:29,773 [DEBUG] [aiosqlite:106] operation functools.partial(<built-in method close of sqlite3.Connection object at 0x00000245B7C3FF10>) completed
2025-07-16 15:22:29,864 [INFO] [aiogram.event:172] Update id=861001349 is handled. Duration 483 ms by bot id=7637424219
2025-07-16 15:22:30,053 [DEBUG] [aiosqlite:104] executing <function connect.<locals>.connector at 0x00000245B7CA6980>
2025-07-16 15:22:30,055 [DEBUG] [aiosqlite:106] operation <function connect.<locals>.connector at 0x00000245B7CA6980> completed
2025-07-16 15:22:30,056 [DEBUG] [aiosqlite:104] executing functools.partial(<built-in method execute of sqlite3.Connection object at 0x00000245B7C3F970>, 'SELECT first_name, last_name, role FROM users WHERE user_id = ?', (1018880781,))
2025-07-16 15:22:30,058 [DEBUG] [aiosqlite:106] operation functools.partial(<built-in method execute of sqlite3.Connection object at 0x00000245B7C3F970>, 'SELECT first_name, last_name, role FROM users WHERE user_id = ?', (1018880781,)) completed
2025-07-16 15:22:30,060 [DEBUG] [aiosqlite:104] executing functools.partial(<built-in method fetchone of sqlite3.Cursor object at 0x00000245B997F8C0>)
2025-07-16 15:22:30,062 [DEBUG] [aiosqlite:106] operation functools.partial(<built-in method fetchone of sqlite3.Cursor object at 0x00000245B997F8C0>) completed
2025-07-16 15:22:30,063 [DEBUG] [aiosqlite:104] executing functools.partial(<built-in method close of sqlite3.Connection object at 0x00000245B7C3F970>)
2025-07-16 15:22:30,065 [DEBUG] [aiosqlite:106] operation functools.partial(<built-in method close of sqlite3.Connection object at 0x00000245B7C3F970>) completed
2025-07-16 15:22:30,067 [DEBUG] [aiosqlite:104] executing <function connect.<locals>.connector at 0x00000245B7CA6AC0>
2025-07-16 15:22:30,071 [DEBUG] [aiosqlite:106] operation <function connect.<locals>.connector at 0x00000245B7CA6AC0> completed
2025-07-16 15:22:30,073 [DEBUG] [aiosqlite:104] executing functools.partial(<built-in method execute of sqlite3.Connection object at 0x00000245B7C3F3D0>, 'SELECT first_name, last_name, role FROM users WHERE user_id = ?', (864616607,))
2025-07-16 15:22:30,074 [DEBUG] [aiosqlite:106] operation functools.partial(<built-in method execute of sqlite3.Connection object at 0x00000245B7C3F3D0>, 'SELECT first_name, last_name, role FROM users WHERE user_id = ?', (864616607,)) completed
2025-07-16 15:22:30,075 [DEBUG] [aiosqlite:104] executing functools.partial(<built-in method fetchone of sqlite3.Cursor object at 0x00000245B997F8C0>)
2025-07-16 15:22:30,076 [DEBUG] [aiosqlite:106] operation functools.partial(<built-in method fetchone of sqlite3.Cursor object at 0x00000245B997F8C0>) completed
2025-07-16 15:22:30,076 [DEBUG] [aiosqlite:104] executing functools.partial(<built-in method close of sqlite3.Connection object at 0x00000245B7C3F3D0>)
2025-07-16 15:22:30,077 [DEBUG] [aiosqlite:106] operation functools.partial(<built-in method close of sqlite3.Connection object at 0x00000245B7C3F3D0>) completed
2025-07-16 15:22:30,120 [DEBUG] [aiosqlite:104] executing <function connect.<locals>.connector at 0x00000245B7CA6F20>
2025-07-16 15:22:30,122 [DEBUG] [aiosqlite:106] operation <function connect.<locals>.connector at 0x00000245B7CA6F20> completed
2025-07-16 15:22:30,123 [DEBUG] [aiosqlite:104] executing functools.partial(<built-in method execute of sqlite3.Connection object at 0x00000245B7C3FB50>, 'SELECT first_name, last_name, role FROM users WHERE user_id = ?', (1018880781,))
2025-07-16 15:22:30,124 [DEBUG] [aiosqlite:106] operation functools.partial(<built-in method execute of sqlite3.Connection object at 0x00000245B7C3FB50>, 'SELECT first_name, last_name, role FROM users WHERE user_id = ?', (1018880781,)) completed
2025-07-16 15:22:30,125 [DEBUG] [aiosqlite:104] executing functools.partial(<built-in method fetchone of sqlite3.Cursor object at 0x00000245B994BC40>)
2025-07-16 15:22:30,125 [DEBUG] [aiosqlite:106] operation functools.partial(<built-in method fetchone of sqlite3.Cursor object at 0x00000245B994BC40>) completed
2025-07-16 15:22:30,126 [DEBUG] [aiosqlite:104] executing functools.partial(<built-in method close of sqlite3.Connection object at 0x00000245B7C3FB50>)
2025-07-16 15:22:30,127 [DEBUG] [aiosqlite:106] operation functools.partial(<built-in method close of sqlite3.Connection object at 0x00000245B7C3FB50>) completed
2025-07-16 15:22:30,128 [DEBUG] [aiosqlite:104] executing <function connect.<locals>.connector at 0x00000245B7CA6B60>
2025-07-16 15:22:30,130 [DEBUG] [aiosqlite:106] operation <function connect.<locals>.connector at 0x00000245B7CA6B60> completed
2025-07-16 15:22:30,131 [DEBUG] [aiosqlite:104] executing functools.partial(<built-in method execute of sqlite3.Connection object at 0x00000245B7C3CF40>, 'SELECT first_name, last_name, role FROM users WHERE user_id = ?', (864616607,))
2025-07-16 15:22:30,132 [DEBUG] [aiosqlite:106] operation functools.partial(<built-in method execute of sqlite3.Connection object at 0x00000245B7C3CF40>, 'SELECT first_name, last_name, role FROM users WHERE user_id = ?', (864616607,)) completed
2025-07-16 15:22:30,134 [DEBUG] [aiosqlite:104] executing functools.partial(<built-in method fetchone of sqlite3.Cursor object at 0x00000245B7D800C0>)
2025-07-16 15:22:30,135 [DEBUG] [aiosqlite:106] operation functools.partial(<built-in method fetchone of sqlite3.Cursor object at 0x00000245B7D800C0>) completed
2025-07-16 15:22:30,137 [DEBUG] [aiosqlite:104] executing functools.partial(<built-in method close of sqlite3.Connection object at 0x00000245B7C3CF40>)
2025-07-16 15:22:30,138 [DEBUG] [aiosqlite:106] operation functools.partial(<built-in method close of sqlite3.Connection object at 0x00000245B7C3CF40>) completed
2025-07-16 15:22:30,172 [DEBUG] [aiosqlite:104] executing <function connect.<locals>.connector at 0x00000245B7CA6B60>
2025-07-16 15:22:30,177 [DEBUG] [aiosqlite:106] operation <function connect.<locals>.connector at 0x00000245B7CA6B60> completed
2025-07-16 15:22:30,179 [DEBUG] [aiosqlite:104] executing functools.partial(<built-in method execute of sqlite3.Connection object at 0x00000245B7C3FD30>, 'SELECT first_name, last_name, role FROM users WHERE user_id = ?', (1018880781,))
2025-07-16 15:22:30,180 [DEBUG] [aiosqlite:106] operation functools.partial(<built-in method execute of sqlite3.Connection object at 0x00000245B7C3FD30>, 'SELECT first_name, last_name, role FROM users WHERE user_id = ?', (1018880781,)) completed
2025-07-16 15:22:30,181 [DEBUG] [aiosqlite:104] executing functools.partial(<built-in method fetchone of sqlite3.Cursor object at 0x00000245B7CB9DC0>)
2025-07-16 15:22:30,182 [DEBUG] [aiosqlite:106] operation functools.partial(<built-in method fetchone of sqlite3.Cursor object at 0x00000245B7CB9DC0>) completed
2025-07-16 15:22:30,183 [DEBUG] [aiosqlite:104] executing functools.partial(<built-in method close of sqlite3.Connection object at 0x00000245B7C3FD30>)
2025-07-16 15:22:30,183 [DEBUG] [aiosqlite:106] operation functools.partial(<built-in method close of sqlite3.Connection object at 0x00000245B7C3FD30>) completed
2025-07-16 15:22:30,239 [DEBUG] [aiosqlite:104] executing <function connect.<locals>.connector at 0x00000245B7CA6B60>
2025-07-16 15:22:30,240 [DEBUG] [aiosqlite:106] operation <function connect.<locals>.connector at 0x00000245B7CA6B60> completed
2025-07-16 15:22:30,242 [DEBUG] [aiosqlite:104] executing functools.partial(<built-in method execute of sqlite3.Connection object at 0x00000245B7C3F970>, 'SELECT first_name, last_name, role FROM users WHERE user_id = ?', (1018880781,))
2025-07-16 15:22:30,244 [DEBUG] [aiosqlite:106] operation functools.partial(<built-in method execute of sqlite3.Connection object at 0x00000245B7C3F970>, 'SELECT first_name, last_name, role FROM users WHERE user_id = ?', (1018880781,)) completed
2025-07-16 15:22:30,246 [DEBUG] [aiosqlite:104] executing functools.partial(<built-in method fetchone of sqlite3.Cursor object at 0x00000245B997F740>)
2025-07-16 15:22:30,249 [DEBUG] [aiosqlite:106] operation functools.partial(<built-in method fetchone of sqlite3.Cursor object at 0x00000245B997F740>) completed
2025-07-16 15:22:30,250 [DEBUG] [aiosqlite:104] executing functools.partial(<built-in method close of sqlite3.Connection object at 0x00000245B7C3F970>)
2025-07-16 15:22:30,251 [DEBUG] [aiosqlite:106] operation functools.partial(<built-in method close of sqlite3.Connection object at 0x00000245B7C3F970>) completed
2025-07-16 15:22:30,433 [INFO] [aiogram.event:172] Update id=861001350 is handled. Duration 667 ms by bot id=7637424219
2025-07-16 15:22:30,459 [INFO] [aiogram.event:172] Update id=861001348 is handled. Duration 1137 ms by bot id=7637424219
2025-07-16 16:01:00,724 [INFO] [aiogram.event:172] Update id=861001351 is handled. Duration 2563 ms by bot id=7637424219
2025-07-16 16:01:09,022 [INFO] [aiogram.event:172] Update id=861001352 is handled. Duration 1006 ms by bot id=7637424219
2025-07-16 16:01:11,191 [DEBUG] [aiosqlite:104] executing <function connect.<locals>.connector at 0x00000245B7CA6C00>
2025-07-16 16:01:11,248 [DEBUG] [aiosqlite:106] operation <function connect.<locals>.connector at 0x00000245B7CA6C00> completed
2025-07-16 16:01:11,250 [DEBUG] [aiosqlite:104] executing functools.partial(<built-in method execute of sqlite3.Connection object at 0x00000245B7C3CD60>, 'SELECT first_name, last_name, role FROM users WHERE user_id = ?', (1018880781,))
2025-07-16 16:01:11,390 [DEBUG] [aiosqlite:106] operation functools.partial(<built-in method execute of sqlite3.Connection object at 0x00000245B7C3CD60>, 'SELECT first_name, last_name, role FROM users WHERE user_id = ?', (1018880781,)) completed
2025-07-16 16:01:11,392 [DEBUG] [aiosqlite:104] executing functools.partial(<built-in method fetchone of sqlite3.Cursor object at 0x00000245B7D80440>)
2025-07-16 16:01:11,393 [DEBUG] [aiosqlite:106] operation functools.partial(<built-in method fetchone of sqlite3.Cursor object at 0x00000245B7D80440>) completed
2025-07-16 16:01:11,394 [DEBUG] [aiosqlite:104] executing functools.partial(<built-in method close of sqlite3.Connection object at 0x00000245B7C3CD60>)
2025-07-16 16:01:11,395 [DEBUG] [aiosqlite:106] operation functools.partial(<built-in method close of sqlite3.Connection object at 0x00000245B7C3CD60>) completed
2025-07-16 16:01:11,399 [DEBUG] [aiosqlite:104] executing <function connect.<locals>.connector at 0x00000245B7CA6CA0>
2025-07-16 16:01:11,401 [DEBUG] [aiosqlite:106] operation <function connect.<locals>.connector at 0x00000245B7CA6CA0> completed
2025-07-16 16:01:11,403 [DEBUG] [aiosqlite:104] executing functools.partial(<built-in method execute of sqlite3.Connection object at 0x00000245B7C3F4C0>, 'SELECT first_name, last_name, role FROM users WHERE user_id = ?', (1018880781,))
2025-07-16 16:01:11,406 [DEBUG] [aiosqlite:106] operation functools.partial(<built-in method execute of sqlite3.Connection object at 0x00000245B7C3F4C0>, 'SELECT first_name, last_name, role FROM users WHERE user_id = ?', (1018880781,)) completed
2025-07-16 16:01:11,410 [DEBUG] [aiosqlite:104] executing functools.partial(<built-in method fetchone of sqlite3.Cursor object at 0x00000245B7D77340>)
2025-07-16 16:01:11,412 [DEBUG] [aiosqlite:106] operation functools.partial(<built-in method fetchone of sqlite3.Cursor object at 0x00000245B7D77340>) completed
2025-07-16 16:01:11,413 [DEBUG] [aiosqlite:104] executing functools.partial(<built-in method close of sqlite3.Connection object at 0x00000245B7C3F4C0>)
2025-07-16 16:01:11,414 [DEBUG] [aiosqlite:106] operation functools.partial(<built-in method close of sqlite3.Connection object at 0x00000245B7C3F4C0>) completed
2025-07-16 16:01:11,416 [DEBUG] [aiosqlite:104] executing <function connect.<locals>.connector at 0x00000245B7CA6DE0>
2025-07-16 16:01:11,418 [DEBUG] [aiosqlite:106] operation <function connect.<locals>.connector at 0x00000245B7CA6DE0> completed
2025-07-16 16:01:11,419 [DEBUG] [aiosqlite:104] executing functools.partial(<built-in method execute of sqlite3.Connection object at 0x00000245B7C3F880>, 'SELECT first_name, last_name, role FROM users WHERE user_id = ?', (864616607,))
2025-07-16 16:01:11,420 [DEBUG] [aiosqlite:106] operation functools.partial(<built-in method execute of sqlite3.Connection object at 0x00000245B7C3F880>, 'SELECT first_name, last_name, role FROM users WHERE user_id = ?', (864616607,)) completed
2025-07-16 16:01:11,421 [DEBUG] [aiosqlite:104] executing functools.partial(<built-in method fetchone of sqlite3.Cursor object at 0x00000245B7D80440>)
2025-07-16 16:01:11,421 [DEBUG] [aiosqlite:106] operation functools.partial(<built-in method fetchone of sqlite3.Cursor object at 0x00000245B7D80440>) completed
2025-07-16 16:01:11,422 [DEBUG] [aiosqlite:104] executing functools.partial(<built-in method close of sqlite3.Connection object at 0x00000245B7C3F880>)
2025-07-16 16:01:11,423 [DEBUG] [aiosqlite:106] operation functools.partial(<built-in method close of sqlite3.Connection object at 0x00000245B7C3F880>) completed
2025-07-16 16:01:12,043 [DEBUG] [aiosqlite:104] executing <function connect.<locals>.connector at 0x00000245B7CA6B60>
2025-07-16 16:01:12,047 [DEBUG] [aiosqlite:106] operation <function connect.<locals>.connector at 0x00000245B7CA6B60> completed
2025-07-16 16:01:12,048 [DEBUG] [aiosqlite:104] executing functools.partial(<built-in method execute of sqlite3.Connection object at 0x00000245B7C3D300>, 'SELECT first_name, last_name, role FROM users WHERE user_id = ?', (1018880781,))
2025-07-16 16:01:12,050 [DEBUG] [aiosqlite:106] operation functools.partial(<built-in method execute of sqlite3.Connection object at 0x00000245B7C3D300>, 'SELECT first_name, last_name, role FROM users WHERE user_id = ?', (1018880781,)) completed
2025-07-16 16:01:12,050 [DEBUG] [aiosqlite:104] executing functools.partial(<built-in method fetchone of sqlite3.Cursor object at 0x00000245B997F440>)
2025-07-16 16:01:12,051 [DEBUG] [aiosqlite:106] operation functools.partial(<built-in method fetchone of sqlite3.Cursor object at 0x00000245B997F440>) completed
2025-07-16 16:01:12,051 [DEBUG] [aiosqlite:104] executing functools.partial(<built-in method close of sqlite3.Connection object at 0x00000245B7C3D300>)
2025-07-16 16:01:12,052 [DEBUG] [aiosqlite:106] operation functools.partial(<built-in method close of sqlite3.Connection object at 0x00000245B7C3D300>) completed
2025-07-16 16:01:12,377 [INFO] [aiogram.event:172] Update id=861001353 is handled. Duration 1260 ms by bot id=7637424219
2025-07-16 16:01:16,635 [INFO] [aiogram.event:172] Update id=861001354 is handled. Duration 1330 ms by bot id=7637424219
2025-07-16 16:01:23,101 [INFO] [aiogram.event:172] Update id=861001355 is not handled. Duration 126 ms by bot id=7637424219
2025-07-16 16:01:23,102 [ERROR] [aiogram.event:315] Cause exception while process update id=861001355 by bot id=7637424219
IndexError: list index out of range
Traceback (most recent call last):
  File "C:\Users\DELL\AppData\Local\Programs\Python\Python313\Lib\site-packages\aiogram\dispatcher\dispatcher.py", line 309, in _process_update
    response = await self.feed_update(bot, update, **kwargs)
               ^^^^^^^^^^^^^^^^^^^^^^^^^^^^^^^^^^^^^^^^^^^^^
  File "C:\Users\DELL\AppData\Local\Programs\Python\Python313\Lib\site-packages\aiogram\dispatcher\dispatcher.py", line 158, in feed_update
    response = await self.update.wrap_outer_middleware(
               ^^^^^^^^^^^^^^^^^^^^^^^^^^^^^^^^^^^^^^^^
    ...<7 lines>...
    )
    ^
  File "C:\Users\DELL\AppData\Local\Programs\Python\Python313\Lib\site-packages\aiogram\dispatcher\middlewares\error.py", line 25, in __call__
    return await handler(event, data)
           ^^^^^^^^^^^^^^^^^^^^^^^^^^
  File "C:\Users\DELL\AppData\Local\Programs\Python\Python313\Lib\site-packages\aiogram\dispatcher\middlewares\user_context.py", line 56, in __call__
    return await handler(event, data)
           ^^^^^^^^^^^^^^^^^^^^^^^^^^
  File "C:\Users\DELL\AppData\Local\Programs\Python\Python313\Lib\site-packages\aiogram\fsm\middleware.py", line 42, in __call__
    return await handler(event, data)
           ^^^^^^^^^^^^^^^^^^^^^^^^^^
  File "C:\Users\DELL\AppData\Local\Programs\Python\Python313\Lib\site-packages\aiogram\dispatcher\event\telegram.py", line 121, in trigger
    return await wrapped_inner(event, kwargs)
           ^^^^^^^^^^^^^^^^^^^^^^^^^^^^^^^^^^
  File "C:\Users\DELL\AppData\Local\Programs\Python\Python313\Lib\site-packages\aiogram\dispatcher\event\handler.py", line 43, in call
    return await wrapped()
           ^^^^^^^^^^^^^^^
  File "C:\Users\DELL\AppData\Local\Programs\Python\Python313\Lib\site-packages\aiogram\dispatcher\dispatcher.py", line 276, in _listen_update
    return await self.propagate_event(update_type=update_type, event=event, **kwargs)
           ^^^^^^^^^^^^^^^^^^^^^^^^^^^^^^^^^^^^^^^^^^^^^^^^^^^^^^^^^^^^^^^^^^^^^^^^^^
  File "C:\Users\DELL\AppData\Local\Programs\Python\Python313\Lib\site-packages\aiogram\dispatcher\router.py", line 146, in propagate_event
    return await observer.wrap_outer_middleware(_wrapped, event=event, data=kwargs)
           ^^^^^^^^^^^^^^^^^^^^^^^^^^^^^^^^^^^^^^^^^^^^^^^^^^^^^^^^^^^^^^^^^^^^^^^^
  File "C:\Users\DELL\AppData\Local\Programs\Python\Python313\Lib\site-packages\aiogram\dispatcher\router.py", line 141, in _wrapped
    return await self._propagate_event(
           ^^^^^^^^^^^^^^^^^^^^^^^^^^^^
        observer=observer, update_type=update_type, event=telegram_event, **data
        ^^^^^^^^^^^^^^^^^^^^^^^^^^^^^^^^^^^^^^^^^^^^^^^^^^^^^^^^^^^^^^^^^^^^^^^^
    )
    ^
  File "C:\Users\DELL\AppData\Local\Programs\Python\Python313\Lib\site-packages\aiogram\dispatcher\router.py", line 174, in _propagate_event
    response = await router.propagate_event(update_type=update_type, event=event, **kwargs)
               ^^^^^^^^^^^^^^^^^^^^^^^^^^^^^^^^^^^^^^^^^^^^^^^^^^^^^^^^^^^^^^^^^^^^^^^^^^^^
  File "C:\Users\DELL\AppData\Local\Programs\Python\Python313\Lib\site-packages\aiogram\dispatcher\router.py", line 146, in propagate_event
    return await observer.wrap_outer_middleware(_wrapped, event=event, data=kwargs)
           ^^^^^^^^^^^^^^^^^^^^^^^^^^^^^^^^^^^^^^^^^^^^^^^^^^^^^^^^^^^^^^^^^^^^^^^^
  File "C:\Users\DELL\AppData\Local\Programs\Python\Python313\Lib\site-packages\aiogram\dispatcher\router.py", line 141, in _wrapped
    return await self._propagate_event(
           ^^^^^^^^^^^^^^^^^^^^^^^^^^^^
        observer=observer, update_type=update_type, event=telegram_event, **data
        ^^^^^^^^^^^^^^^^^^^^^^^^^^^^^^^^^^^^^^^^^^^^^^^^^^^^^^^^^^^^^^^^^^^^^^^^
    )
    ^
  File "C:\Users\DELL\AppData\Local\Programs\Python\Python313\Lib\site-packages\aiogram\dispatcher\router.py", line 166, in _propagate_event
    response = await observer.trigger(event, **kwargs)
               ^^^^^^^^^^^^^^^^^^^^^^^^^^^^^^^^^^^^^^^
  File "C:\Users\DELL\AppData\Local\Programs\Python\Python313\Lib\site-packages\aiogram\dispatcher\event\telegram.py", line 121, in trigger
    return await wrapped_inner(event, kwargs)
           ^^^^^^^^^^^^^^^^^^^^^^^^^^^^^^^^^^
  File "C:\Users\DELL\AppData\Local\Programs\Python\Python313\Lib\site-packages\aiogram\dispatcher\event\handler.py", line 43, in call
    return await wrapped()
           ^^^^^^^^^^^^^^^
  File "C:\Users\DELL\Desktop\gpt\Masterbot1\handlers\poll_details.py", line 252, in assign_swap_handler
    target = next((k for k in keys if not dist.get(k)), keys[0])
                                                        ~~~~^^^
IndexError: list index out of range
2025-07-16 16:35:51,817 [INFO] [aiogram.event:172] Update id=861001356 is handled. Duration 204 ms by bot id=7637424219
2025-07-16 16:35:55,403 [DEBUG] [aiosqlite:104] executing <function connect.<locals>.connector at 0x00000245B7CA7420>
2025-07-16 16:35:55,554 [DEBUG] [aiosqlite:106] operation <function connect.<locals>.connector at 0x00000245B7CA7420> completed
2025-07-16 16:35:55,574 [DEBUG] [aiosqlite:104] executing functools.partial(<built-in method execute of sqlite3.Connection object at 0x00000245B7C3F4C0>, 'SELECT first_name, last_name, role FROM users WHERE user_id = ?', (625280877,))
2025-07-16 16:35:55,577 [DEBUG] [aiosqlite:106] operation functools.partial(<built-in method execute of sqlite3.Connection object at 0x00000245B7C3F4C0>, 'SELECT first_name, last_name, role FROM users WHERE user_id = ?', (625280877,)) completed
2025-07-16 16:35:55,579 [DEBUG] [aiosqlite:104] executing functools.partial(<built-in method fetchone of sqlite3.Cursor object at 0x00000245B9957EC0>)
2025-07-16 16:35:55,581 [DEBUG] [aiosqlite:106] operation functools.partial(<built-in method fetchone of sqlite3.Cursor object at 0x00000245B9957EC0>) completed
2025-07-16 16:35:55,583 [DEBUG] [aiosqlite:104] executing functools.partial(<built-in method close of sqlite3.Connection object at 0x00000245B7C3F4C0>)
2025-07-16 16:35:55,591 [DEBUG] [aiosqlite:106] operation functools.partial(<built-in method close of sqlite3.Connection object at 0x00000245B7C3F4C0>) completed
2025-07-16 16:35:55,606 [DEBUG] [aiosqlite:104] executing <function connect.<locals>.connector at 0x00000245B7C4F600>
2025-07-16 16:35:55,608 [DEBUG] [aiosqlite:106] operation <function connect.<locals>.connector at 0x00000245B7C4F600> completed
2025-07-16 16:35:55,609 [DEBUG] [aiosqlite:104] executing functools.partial(<built-in method execute of sqlite3.Connection object at 0x00000245B7C3F4C0>, 'SELECT first_name, last_name, role FROM users WHERE user_id = ?', (1018880781,))
2025-07-16 16:35:55,610 [DEBUG] [aiosqlite:106] operation functools.partial(<built-in method execute of sqlite3.Connection object at 0x00000245B7C3F4C0>, 'SELECT first_name, last_name, role FROM users WHERE user_id = ?', (1018880781,)) completed
2025-07-16 16:35:55,611 [DEBUG] [aiosqlite:104] executing functools.partial(<built-in method fetchone of sqlite3.Cursor object at 0x00000245B99540C0>)
2025-07-16 16:35:55,612 [DEBUG] [aiosqlite:106] operation functools.partial(<built-in method fetchone of sqlite3.Cursor object at 0x00000245B99540C0>) completed
2025-07-16 16:35:55,612 [DEBUG] [aiosqlite:104] executing functools.partial(<built-in method close of sqlite3.Connection object at 0x00000245B7C3F4C0>)
2025-07-16 16:35:55,613 [DEBUG] [aiosqlite:106] operation functools.partial(<built-in method close of sqlite3.Connection object at 0x00000245B7C3F4C0>) completed
2025-07-16 16:35:55,615 [DEBUG] [aiosqlite:104] executing <function connect.<locals>.connector at 0x00000245B7CA77E0>
2025-07-16 16:35:55,654 [DEBUG] [aiosqlite:106] operation <function connect.<locals>.connector at 0x00000245B7CA77E0> completed
2025-07-16 16:35:55,655 [DEBUG] [aiosqlite:104] executing functools.partial(<built-in method execute of sqlite3.Connection object at 0x00000245B7C3F6A0>, 'SELECT first_name, last_name, role FROM users WHERE user_id = ?', (864616607,))
2025-07-16 16:35:55,657 [DEBUG] [aiosqlite:106] operation functools.partial(<built-in method execute of sqlite3.Connection object at 0x00000245B7C3F6A0>, 'SELECT first_name, last_name, role FROM users WHERE user_id = ?', (864616607,)) completed
2025-07-16 16:35:55,658 [DEBUG] [aiosqlite:104] executing functools.partial(<built-in method fetchone of sqlite3.Cursor object at 0x00000245B9957D40>)
2025-07-16 16:35:55,658 [DEBUG] [aiosqlite:106] operation functools.partial(<built-in method fetchone of sqlite3.Cursor object at 0x00000245B9957D40>) completed
2025-07-16 16:35:55,659 [DEBUG] [aiosqlite:104] executing functools.partial(<built-in method close of sqlite3.Connection object at 0x00000245B7C3F6A0>)
2025-07-16 16:35:55,660 [DEBUG] [aiosqlite:106] operation functools.partial(<built-in method close of sqlite3.Connection object at 0x00000245B7C3F6A0>) completed
2025-07-16 16:35:56,851 [INFO] [aiogram.event:172] Update id=861001357 is handled. Duration 1533 ms by bot id=7637424219
2025-07-16 16:57:38,442 [DEBUG] [asyncio:631] Using proactor: IocpProactor
2025-07-16 16:57:39,618 [INFO] [apscheduler.scheduler:214] Scheduler started
2025-07-16 16:57:39,643 [INFO] [__main__:125] Bot starting… version MasterBot 12.92-refactor
2025-07-16 16:57:39,864 [INFO] [__main__:65] [startup] admin_chat_id загружен: -4738242986
2025-07-16 16:57:40,020 [DEBUG] [aiosqlite:104] executing <function connect.<locals>.connector at 0x0000020D0089E3E0>
2025-07-16 16:57:40,067 [DEBUG] [apscheduler.scheduler:1151] Looking for jobs to run
2025-07-16 16:57:40,110 [DEBUG] [apscheduler.scheduler:1252] No jobs; waiting until a job is added
2025-07-16 16:57:40,318 [DEBUG] [aiosqlite:106] operation <function connect.<locals>.connector at 0x0000020D0089E3E0> completed
2025-07-16 16:57:40,319 [DEBUG] [aiosqlite:104] executing functools.partial(<built-in method execute of sqlite3.Connection object at 0x0000020D0083CE50>, '\nCREATE TABLE IF NOT EXISTS users (\n    user_id         INTEGER PRIMARY KEY,\n    first_name      TEXT,\n    last_name       TEXT,\n    role            TEXT,\n    scenario_access TEXT,\n    updated_at      TIMESTAMP DEFAULT CURRENT_TIMESTAMP\n);\n', [])
2025-07-16 16:57:40,416 [DEBUG] [aiosqlite:106] operation functools.partial(<built-in method execute of sqlite3.Connection object at 0x0000020D0083CE50>, '\nCREATE TABLE IF NOT EXISTS users (\n    user_id         INTEGER PRIMARY KEY,\n    first_name      TEXT,\n    last_name       TEXT,\n    role            TEXT,\n    scenario_access TEXT,\n    updated_at      TIMESTAMP DEFAULT CURRENT_TIMESTAMP\n);\n', []) completed
2025-07-16 16:57:40,419 [DEBUG] [aiosqlite:104] executing functools.partial(<built-in method execute of sqlite3.Connection object at 0x0000020D0083CE50>, "INSERT OR IGNORE INTO users(user_id, role) VALUES (?, 'руководитель')", (1018880781,))
2025-07-16 16:57:40,421 [DEBUG] [aiosqlite:106] operation functools.partial(<built-in method execute of sqlite3.Connection object at 0x0000020D0083CE50>, "INSERT OR IGNORE INTO users(user_id, role) VALUES (?, 'руководитель')", (1018880781,)) completed
2025-07-16 16:57:40,422 [DEBUG] [aiosqlite:104] executing functools.partial(<built-in method commit of sqlite3.Connection object at 0x0000020D0083CE50>)
2025-07-16 16:57:40,422 [DEBUG] [aiosqlite:106] operation functools.partial(<built-in method commit of sqlite3.Connection object at 0x0000020D0083CE50>) completed
2025-07-16 16:57:40,423 [DEBUG] [aiosqlite:104] executing functools.partial(<built-in method close of sqlite3.Connection object at 0x0000020D0083CE50>)
2025-07-16 16:57:40,424 [DEBUG] [aiosqlite:106] operation functools.partial(<built-in method close of sqlite3.Connection object at 0x0000020D0083CE50>) completed
2025-07-16 16:57:40,425 [INFO] [__main__:73] [startup] Конфиг и БД инициализированы, Leader-ID 1018880781 гарантирован
2025-07-16 16:57:40,425 [INFO] [aiogram.dispatcher:566] Start polling
2025-07-16 16:57:41,736 [INFO] [aiogram.dispatcher:363] Run polling for bot @masbot12_bot id=7637424219 - 'masterbot12'
2025-07-16 16:58:47,358 [DEBUG] [aiosqlite:104] executing <function connect.<locals>.connector at 0x0000020D0089F600>
2025-07-16 16:58:47,360 [DEBUG] [aiosqlite:106] operation <function connect.<locals>.connector at 0x0000020D0089F600> completed
2025-07-16 16:58:47,362 [DEBUG] [aiosqlite:104] executing functools.partial(<built-in method execute of sqlite3.Connection object at 0x0000020D0083D3F0>, 'SELECT first_name, last_name, role FROM users WHERE user_id = ?', (1018880781,))
2025-07-16 16:58:47,365 [DEBUG] [aiosqlite:106] operation functools.partial(<built-in method execute of sqlite3.Connection object at 0x0000020D0083D3F0>, 'SELECT first_name, last_name, role FROM users WHERE user_id = ?', (1018880781,)) completed
2025-07-16 16:58:47,367 [DEBUG] [aiosqlite:104] executing functools.partial(<built-in method fetchone of sqlite3.Cursor object at 0x0000020D0085C140>)
2025-07-16 16:58:47,369 [DEBUG] [aiosqlite:106] operation functools.partial(<built-in method fetchone of sqlite3.Cursor object at 0x0000020D0085C140>) completed
2025-07-16 16:58:47,404 [DEBUG] [aiosqlite:104] executing functools.partial(<built-in method close of sqlite3.Connection object at 0x0000020D0083D3F0>)
2025-07-16 16:58:47,405 [DEBUG] [aiosqlite:106] operation functools.partial(<built-in method close of sqlite3.Connection object at 0x0000020D0083D3F0>) completed
2025-07-16 16:58:47,755 [INFO] [aiogram.event:172] Update id=861001358 is handled. Duration 543 ms by bot id=7637424219
2025-07-16 16:58:49,135 [DEBUG] [aiosqlite:104] executing <function connect.<locals>.connector at 0x0000020D0089FEC0>
2025-07-16 16:58:49,137 [DEBUG] [aiosqlite:106] operation <function connect.<locals>.connector at 0x0000020D0089FEC0> completed
2025-07-16 16:58:49,140 [DEBUG] [aiosqlite:104] executing functools.partial(<built-in method execute of sqlite3.Connection object at 0x0000020D0083DB70>, 'SELECT first_name, last_name, role FROM users WHERE user_id = ?', (1018880781,))
2025-07-16 16:58:49,142 [DEBUG] [aiosqlite:106] operation functools.partial(<built-in method execute of sqlite3.Connection object at 0x0000020D0083DB70>, 'SELECT first_name, last_name, role FROM users WHERE user_id = ?', (1018880781,)) completed
2025-07-16 16:58:49,146 [DEBUG] [aiosqlite:104] executing functools.partial(<built-in method fetchone of sqlite3.Cursor object at 0x0000020D0085D7C0>)
2025-07-16 16:58:49,150 [DEBUG] [aiosqlite:106] operation functools.partial(<built-in method fetchone of sqlite3.Cursor object at 0x0000020D0085D7C0>) completed
2025-07-16 16:58:49,150 [DEBUG] [aiosqlite:104] executing functools.partial(<built-in method close of sqlite3.Connection object at 0x0000020D0083DB70>)
2025-07-16 16:58:49,151 [DEBUG] [aiosqlite:106] operation functools.partial(<built-in method close of sqlite3.Connection object at 0x0000020D0083DB70>) completed
2025-07-16 16:58:52,847 [DEBUG] [aiosqlite:104] executing <function connect.<locals>.connector at 0x0000020D0089FEC0>
2025-07-16 16:58:52,848 [DEBUG] [aiosqlite:106] operation <function connect.<locals>.connector at 0x0000020D0089FEC0> completed
2025-07-16 16:58:52,849 [DEBUG] [aiosqlite:104] executing functools.partial(<built-in method execute of sqlite3.Connection object at 0x0000020D0083DD50>, 'SELECT first_name, last_name, role FROM users WHERE user_id = ?', (1018880781,))
2025-07-16 16:58:52,850 [DEBUG] [aiosqlite:106] operation functools.partial(<built-in method execute of sqlite3.Connection object at 0x0000020D0083DD50>, 'SELECT first_name, last_name, role FROM users WHERE user_id = ?', (1018880781,)) completed
2025-07-16 16:58:52,851 [DEBUG] [aiosqlite:104] executing functools.partial(<built-in method fetchone of sqlite3.Cursor object at 0x0000020D0085DF40>)
2025-07-16 16:58:52,852 [DEBUG] [aiosqlite:106] operation functools.partial(<built-in method fetchone of sqlite3.Cursor object at 0x0000020D0085DF40>) completed
2025-07-16 16:58:52,852 [DEBUG] [aiosqlite:104] executing functools.partial(<built-in method close of sqlite3.Connection object at 0x0000020D0083DD50>)
2025-07-16 16:58:52,853 [DEBUG] [aiosqlite:106] operation functools.partial(<built-in method close of sqlite3.Connection object at 0x0000020D0083DD50>) completed
2025-07-16 16:58:53,080 [INFO] [aiogram.event:172] Update id=861001359 is handled. Duration 3948 ms by bot id=7637424219
2025-07-16 16:59:05,267 [DEBUG] [aiosqlite:104] executing <function connect.<locals>.connector at 0x0000020D0089FC40>
2025-07-16 16:59:05,269 [DEBUG] [aiosqlite:106] operation <function connect.<locals>.connector at 0x0000020D0089FC40> completed
2025-07-16 16:59:05,271 [DEBUG] [aiosqlite:104] executing functools.partial(<built-in method execute of sqlite3.Connection object at 0x0000020D0083D8A0>, 'SELECT first_name, last_name, role FROM users WHERE user_id = ?', (1018880781,))
2025-07-16 16:59:05,274 [DEBUG] [aiosqlite:106] operation functools.partial(<built-in method execute of sqlite3.Connection object at 0x0000020D0083D8A0>, 'SELECT first_name, last_name, role FROM users WHERE user_id = ?', (1018880781,)) completed
2025-07-16 16:59:05,276 [DEBUG] [aiosqlite:104] executing functools.partial(<built-in method fetchone of sqlite3.Cursor object at 0x0000020D0085E940>)
2025-07-16 16:59:05,277 [DEBUG] [aiosqlite:106] operation functools.partial(<built-in method fetchone of sqlite3.Cursor object at 0x0000020D0085E940>) completed
2025-07-16 16:59:05,279 [DEBUG] [aiosqlite:104] executing functools.partial(<built-in method close of sqlite3.Connection object at 0x0000020D0083D8A0>)
2025-07-16 16:59:05,280 [DEBUG] [aiosqlite:106] operation functools.partial(<built-in method close of sqlite3.Connection object at 0x0000020D0083D8A0>) completed
2025-07-16 16:59:05,284 [DEBUG] [aiosqlite:104] executing <function connect.<locals>.connector at 0x0000020D0089FE20>
2025-07-16 16:59:05,286 [DEBUG] [aiosqlite:106] operation <function connect.<locals>.connector at 0x0000020D0089FE20> completed
2025-07-16 16:59:05,288 [DEBUG] [aiosqlite:104] executing functools.partial(<built-in method execute of sqlite3.Connection object at 0x0000020D0083DF30>, 'SELECT first_name, last_name, role FROM users WHERE user_id = ?', (1018880781,))
2025-07-16 16:59:05,291 [DEBUG] [aiosqlite:106] operation functools.partial(<built-in method execute of sqlite3.Connection object at 0x0000020D0083DF30>, 'SELECT first_name, last_name, role FROM users WHERE user_id = ?', (1018880781,)) completed
2025-07-16 16:59:05,292 [DEBUG] [aiosqlite:104] executing functools.partial(<built-in method fetchone of sqlite3.Cursor object at 0x0000020D0085FEC0>)
2025-07-16 16:59:05,293 [DEBUG] [aiosqlite:106] operation functools.partial(<built-in method fetchone of sqlite3.Cursor object at 0x0000020D0085FEC0>) completed
2025-07-16 16:59:05,293 [DEBUG] [aiosqlite:104] executing functools.partial(<built-in method close of sqlite3.Connection object at 0x0000020D0083DF30>)
2025-07-16 16:59:05,297 [DEBUG] [aiosqlite:106] operation functools.partial(<built-in method close of sqlite3.Connection object at 0x0000020D0083DF30>) completed
2025-07-16 16:59:05,356 [DEBUG] [urllib3.util.retry:286] Converted retries value: 3 -> Retry(total=3, connect=None, read=None, redirect=None, status=None)
2025-07-16 16:59:05,393 [DEBUG] [google.auth.transport.requests:185] Making request: POST https://oauth2.googleapis.com/token
2025-07-16 16:59:05,416 [DEBUG] [urllib3.connectionpool:1049] Starting new HTTPS connection (1): oauth2.googleapis.com:443
2025-07-16 16:59:05,627 [DEBUG] [urllib3.connectionpool:544] https://oauth2.googleapis.com:443 "POST /token HTTP/1.1" 200 None
2025-07-16 16:59:05,677 [DEBUG] [urllib3.connectionpool:1049] Starting new HTTPS connection (1): sheets.googleapis.com:443
2025-07-16 16:59:06,554 [DEBUG] [urllib3.connectionpool:544] https://sheets.googleapis.com:443 "GET /v4/spreadsheets/11wjq2kXi_FHqx1yzzQ8weqr5PngvJpOVu9VQo--hJMI?includeGridData=false HTTP/1.1" 200 None
2025-07-16 16:59:07,822 [DEBUG] [urllib3.connectionpool:544] https://sheets.googleapis.com:443 "GET /v4/spreadsheets/11wjq2kXi_FHqx1yzzQ8weqr5PngvJpOVu9VQo--hJMI?includeGridData=false HTTP/1.1" 200 None
2025-07-16 16:59:08,411 [INFO] [googleapiclient.discovery_cache:49] file_cache is only supported with oauth2client<4.0.0
2025-07-16 16:59:09,024 [DEBUG] [googleapiclient.discovery:1258] URL being requested: GET https://sheets.googleapis.com/v4/spreadsheets/11wjq2kXi_FHqx1yzzQ8weqr5PngvJpOVu9VQo--hJMI?includeGridData=true&alt=json
2025-07-16 16:59:10,299 [INFO] [aiogram.event:172] Update id=861001360 is handled. Duration 5034 ms by bot id=7637424219
2025-07-16 16:59:28,699 [INFO] [aiogram.event:172] Update id=861001361 is handled. Duration 1453 ms by bot id=7637424219
2025-07-16 17:00:01,531 [DEBUG] [aiosqlite:104] executing <function connect.<locals>.connector at 0x0000020D008A8360>
2025-07-16 17:00:01,534 [DEBUG] [aiosqlite:106] operation <function connect.<locals>.connector at 0x0000020D008A8360> completed
2025-07-16 17:00:01,535 [DEBUG] [aiosqlite:104] executing functools.partial(<built-in method execute of sqlite3.Connection object at 0x0000020D0083F6A0>, 'SELECT first_name, last_name, role FROM users WHERE user_id = ?', (1018880781,))
2025-07-16 17:00:01,537 [DEBUG] [aiosqlite:106] operation functools.partial(<built-in method execute of sqlite3.Connection object at 0x0000020D0083F6A0>, 'SELECT first_name, last_name, role FROM users WHERE user_id = ?', (1018880781,)) completed
2025-07-16 17:00:01,539 [DEBUG] [aiosqlite:104] executing functools.partial(<built-in method fetchone of sqlite3.Cursor object at 0x0000020D0311E9C0>)
2025-07-16 17:00:01,540 [DEBUG] [aiosqlite:106] operation functools.partial(<built-in method fetchone of sqlite3.Cursor object at 0x0000020D0311E9C0>) completed
2025-07-16 17:00:01,543 [DEBUG] [aiosqlite:104] executing functools.partial(<built-in method close of sqlite3.Connection object at 0x0000020D0083F6A0>)
2025-07-16 17:00:01,544 [DEBUG] [aiosqlite:106] operation functools.partial(<built-in method close of sqlite3.Connection object at 0x0000020D0083F6A0>) completed
2025-07-16 17:00:02,659 [DEBUG] [aiosqlite:104] executing <function connect.<locals>.connector at 0x0000020D008AB100>
2025-07-16 17:00:02,660 [DEBUG] [aiosqlite:106] operation <function connect.<locals>.connector at 0x0000020D008AB100> completed
2025-07-16 17:00:02,661 [DEBUG] [aiosqlite:104] executing functools.partial(<built-in method execute of sqlite3.Connection object at 0x0000020D0083D990>, 'SELECT first_name, last_name, role FROM users WHERE user_id = ?', (1018880781,))
2025-07-16 17:00:02,662 [DEBUG] [aiosqlite:106] operation functools.partial(<built-in method execute of sqlite3.Connection object at 0x0000020D0083D990>, 'SELECT first_name, last_name, role FROM users WHERE user_id = ?', (1018880781,)) completed
2025-07-16 17:00:02,663 [DEBUG] [aiosqlite:104] executing functools.partial(<built-in method fetchone of sqlite3.Cursor object at 0x0000020D0194A940>)
2025-07-16 17:00:02,664 [DEBUG] [aiosqlite:106] operation functools.partial(<built-in method fetchone of sqlite3.Cursor object at 0x0000020D0194A940>) completed
2025-07-16 17:00:02,666 [DEBUG] [aiosqlite:104] executing functools.partial(<built-in method close of sqlite3.Connection object at 0x0000020D0083D990>)
2025-07-16 17:00:02,667 [DEBUG] [aiosqlite:106] operation functools.partial(<built-in method close of sqlite3.Connection object at 0x0000020D0083D990>) completed
2025-07-16 17:00:02,849 [DEBUG] [aiosqlite:104] executing <function connect.<locals>.connector at 0x0000020D0089F7E0>
2025-07-16 17:00:02,851 [DEBUG] [aiosqlite:106] operation <function connect.<locals>.connector at 0x0000020D0089F7E0> completed
2025-07-16 17:00:02,852 [DEBUG] [aiosqlite:104] executing functools.partial(<built-in method execute of sqlite3.Connection object at 0x0000020D0083D990>, 'SELECT first_name, last_name, role FROM users WHERE user_id = ?', (1018880781,))
2025-07-16 17:00:02,855 [DEBUG] [aiosqlite:106] operation functools.partial(<built-in method execute of sqlite3.Connection object at 0x0000020D0083D990>, 'SELECT first_name, last_name, role FROM users WHERE user_id = ?', (1018880781,)) completed
2025-07-16 17:00:02,857 [DEBUG] [aiosqlite:104] executing functools.partial(<built-in method fetchone of sqlite3.Cursor object at 0x0000020D0085F040>)
2025-07-16 17:00:02,858 [DEBUG] [aiosqlite:106] operation functools.partial(<built-in method fetchone of sqlite3.Cursor object at 0x0000020D0085F040>) completed
2025-07-16 17:00:02,859 [DEBUG] [aiosqlite:104] executing functools.partial(<built-in method close of sqlite3.Connection object at 0x0000020D0083D990>)
2025-07-16 17:00:02,861 [DEBUG] [aiosqlite:106] operation functools.partial(<built-in method close of sqlite3.Connection object at 0x0000020D0083D990>) completed
2025-07-16 17:00:03,321 [INFO] [aiogram.event:172] Update id=861001362 is handled. Duration 1794 ms by bot id=7637424219
2025-07-16 17:00:09,240 [INFO] [aiogram.event:172] Update id=861001363 is handled. Duration 921 ms by bot id=7637424219
2025-07-16 17:09:26,998 [DEBUG] [aiosqlite:104] executing <function connect.<locals>.connector at 0x0000020D008AAF20>
2025-07-16 17:09:27,021 [DEBUG] [aiosqlite:106] operation <function connect.<locals>.connector at 0x0000020D008AAF20> completed
2025-07-16 17:09:27,023 [DEBUG] [aiosqlite:104] executing functools.partial(<built-in method execute of sqlite3.Connection object at 0x0000020D0083FA60>, 'SELECT first_name, last_name, role FROM users WHERE user_id = ?', (1765743546,))
2025-07-16 17:09:27,025 [DEBUG] [aiosqlite:106] operation functools.partial(<built-in method execute of sqlite3.Connection object at 0x0000020D0083FA60>, 'SELECT first_name, last_name, role FROM users WHERE user_id = ?', (1765743546,)) completed
2025-07-16 17:09:27,027 [DEBUG] [aiosqlite:104] executing functools.partial(<built-in method fetchone of sqlite3.Cursor object at 0x0000020D0311F1C0>)
2025-07-16 17:09:27,028 [DEBUG] [aiosqlite:106] operation functools.partial(<built-in method fetchone of sqlite3.Cursor object at 0x0000020D0311F1C0>) completed
2025-07-16 17:09:27,030 [DEBUG] [aiosqlite:104] executing functools.partial(<built-in method close of sqlite3.Connection object at 0x0000020D0083FA60>)
2025-07-16 17:09:27,031 [DEBUG] [aiosqlite:106] operation functools.partial(<built-in method close of sqlite3.Connection object at 0x0000020D0083FA60>) completed
2025-07-16 17:09:27,034 [DEBUG] [aiosqlite:104] executing <function connect.<locals>.connector at 0x0000020D008A8360>
2025-07-16 17:09:27,056 [DEBUG] [aiosqlite:106] operation <function connect.<locals>.connector at 0x0000020D008A8360> completed
2025-07-16 17:09:27,057 [DEBUG] [aiosqlite:104] executing functools.partial(<built-in method execute of sqlite3.Connection object at 0x0000020D0083F970>, 'SELECT first_name, last_name, role FROM users WHERE user_id = ?', (1018880781,))
2025-07-16 17:09:27,060 [DEBUG] [aiosqlite:106] operation functools.partial(<built-in method execute of sqlite3.Connection object at 0x0000020D0083F970>, 'SELECT first_name, last_name, role FROM users WHERE user_id = ?', (1018880781,)) completed
2025-07-16 17:09:27,062 [DEBUG] [aiosqlite:104] executing functools.partial(<built-in method fetchone of sqlite3.Cursor object at 0x0000020D0311EFC0>)
2025-07-16 17:09:27,063 [DEBUG] [aiosqlite:106] operation functools.partial(<built-in method fetchone of sqlite3.Cursor object at 0x0000020D0311EFC0>) completed
2025-07-16 17:09:27,064 [DEBUG] [aiosqlite:104] executing functools.partial(<built-in method close of sqlite3.Connection object at 0x0000020D0083F970>)
2025-07-16 17:09:27,065 [DEBUG] [aiosqlite:106] operation functools.partial(<built-in method close of sqlite3.Connection object at 0x0000020D0083F970>) completed
2025-07-16 17:09:27,068 [DEBUG] [aiosqlite:104] executing <function connect.<locals>.connector at 0x0000020D78539B20>
2025-07-16 17:09:27,070 [DEBUG] [aiosqlite:106] operation <function connect.<locals>.connector at 0x0000020D78539B20> completed
2025-07-16 17:09:27,072 [DEBUG] [aiosqlite:104] executing functools.partial(<built-in method execute of sqlite3.Connection object at 0x0000020D0083D990>, 'SELECT first_name, last_name, role FROM users WHERE user_id = ?', (1765743546,))
2025-07-16 17:09:27,074 [DEBUG] [aiosqlite:106] operation functools.partial(<built-in method execute of sqlite3.Connection object at 0x0000020D0083D990>, 'SELECT first_name, last_name, role FROM users WHERE user_id = ?', (1765743546,)) completed
2025-07-16 17:09:27,076 [DEBUG] [aiosqlite:104] executing functools.partial(<built-in method fetchone of sqlite3.Cursor object at 0x0000020D030EA6C0>)
2025-07-16 17:09:27,077 [DEBUG] [aiosqlite:106] operation functools.partial(<built-in method fetchone of sqlite3.Cursor object at 0x0000020D030EA6C0>) completed
2025-07-16 17:09:27,078 [DEBUG] [aiosqlite:104] executing functools.partial(<built-in method close of sqlite3.Connection object at 0x0000020D0083D990>)
2025-07-16 17:09:27,080 [DEBUG] [aiosqlite:106] operation functools.partial(<built-in method close of sqlite3.Connection object at 0x0000020D0083D990>) completed
2025-07-16 17:09:30,156 [INFO] [aiogram.event:172] Update id=861001364 is handled. Duration 3202 ms by bot id=7637424219
2025-07-16 17:10:05,772 [DEBUG] [aiosqlite:104] executing <function connect.<locals>.connector at 0x0000020D008A8360>
2025-07-16 17:10:05,776 [DEBUG] [aiosqlite:106] operation <function connect.<locals>.connector at 0x0000020D008A8360> completed
2025-07-16 17:10:05,789 [DEBUG] [aiosqlite:104] executing functools.partial(<built-in method execute of sqlite3.Connection object at 0x0000020D0083F880>, 'SELECT first_name, last_name, role FROM users WHERE user_id = ?', (625280877,))
2025-07-16 17:10:05,796 [DEBUG] [aiosqlite:106] operation functools.partial(<built-in method execute of sqlite3.Connection object at 0x0000020D0083F880>, 'SELECT first_name, last_name, role FROM users WHERE user_id = ?', (625280877,)) completed
2025-07-16 17:10:05,803 [DEBUG] [aiosqlite:104] executing functools.partial(<built-in method fetchone of sqlite3.Cursor object at 0x0000020D0311E6C0>)
2025-07-16 17:10:05,809 [DEBUG] [aiosqlite:106] operation functools.partial(<built-in method fetchone of sqlite3.Cursor object at 0x0000020D0311E6C0>) completed
2025-07-16 17:10:05,810 [DEBUG] [aiosqlite:104] executing functools.partial(<built-in method close of sqlite3.Connection object at 0x0000020D0083F880>)
2025-07-16 17:10:05,811 [DEBUG] [aiosqlite:106] operation functools.partial(<built-in method close of sqlite3.Connection object at 0x0000020D0083F880>) completed
2025-07-16 17:10:05,813 [DEBUG] [aiosqlite:104] executing <function connect.<locals>.connector at 0x0000020D78539B20>
2025-07-16 17:10:05,814 [DEBUG] [aiosqlite:106] operation <function connect.<locals>.connector at 0x0000020D78539B20> completed
2025-07-16 17:10:05,816 [DEBUG] [aiosqlite:104] executing functools.partial(<built-in method execute of sqlite3.Connection object at 0x0000020D0083F6A0>, 'SELECT first_name, last_name, role FROM users WHERE user_id = ?', (1018880781,))
2025-07-16 17:10:05,818 [DEBUG] [aiosqlite:106] operation functools.partial(<built-in method execute of sqlite3.Connection object at 0x0000020D0083F6A0>, 'SELECT first_name, last_name, role FROM users WHERE user_id = ?', (1018880781,)) completed
2025-07-16 17:10:05,819 [DEBUG] [aiosqlite:104] executing functools.partial(<built-in method fetchone of sqlite3.Cursor object at 0x0000020D0311E8C0>)
2025-07-16 17:10:05,820 [DEBUG] [aiosqlite:106] operation functools.partial(<built-in method fetchone of sqlite3.Cursor object at 0x0000020D0311E8C0>) completed
2025-07-16 17:10:05,822 [DEBUG] [aiosqlite:104] executing functools.partial(<built-in method close of sqlite3.Connection object at 0x0000020D0083F6A0>)
2025-07-16 17:10:05,823 [DEBUG] [aiosqlite:106] operation functools.partial(<built-in method close of sqlite3.Connection object at 0x0000020D0083F6A0>) completed
2025-07-16 17:10:05,825 [DEBUG] [aiosqlite:104] executing <function connect.<locals>.connector at 0x0000020D008AADE0>
2025-07-16 17:10:05,828 [DEBUG] [aiosqlite:106] operation <function connect.<locals>.connector at 0x0000020D008AADE0> completed
2025-07-16 17:10:05,829 [DEBUG] [aiosqlite:104] executing functools.partial(<built-in method execute of sqlite3.Connection object at 0x0000020D0083FA60>, 'SELECT first_name, last_name, role FROM users WHERE user_id = ?', (1765743546,))
2025-07-16 17:10:05,834 [DEBUG] [aiosqlite:106] operation functools.partial(<built-in method execute of sqlite3.Connection object at 0x0000020D0083FA60>, 'SELECT first_name, last_name, role FROM users WHERE user_id = ?', (1765743546,)) completed
2025-07-16 17:10:05,837 [DEBUG] [aiosqlite:104] executing functools.partial(<built-in method fetchone of sqlite3.Cursor object at 0x0000020D0311FA40>)
2025-07-16 17:10:05,838 [DEBUG] [aiosqlite:106] operation functools.partial(<built-in method fetchone of sqlite3.Cursor object at 0x0000020D0311FA40>) completed
2025-07-16 17:10:05,841 [DEBUG] [aiosqlite:104] executing functools.partial(<built-in method close of sqlite3.Connection object at 0x0000020D0083FA60>)
2025-07-16 17:10:05,842 [DEBUG] [aiosqlite:106] operation functools.partial(<built-in method close of sqlite3.Connection object at 0x0000020D0083FA60>) completed
2025-07-16 17:10:05,970 [INFO] [aiogram.event:172] Update id=861001365 is handled. Duration 199 ms by bot id=7637424219
2025-07-16 17:14:37,302 [DEBUG] [asyncio:631] Using proactor: IocpProactor
2025-07-16 17:14:38,018 [INFO] [apscheduler.scheduler:214] Scheduler started
2025-07-16 17:14:38,019 [INFO] [__main__:125] Bot starting… version MasterBot 12.92-refactor
2025-07-16 17:14:38,020 [INFO] [__main__:65] [startup] admin_chat_id загружен: -4738242986
2025-07-16 17:14:38,021 [DEBUG] [aiosqlite:104] executing <function connect.<locals>.connector at 0x00000239F0D323E0>
2025-07-16 17:14:38,022 [DEBUG] [apscheduler.scheduler:1151] Looking for jobs to run
2025-07-16 17:14:38,023 [DEBUG] [apscheduler.scheduler:1252] No jobs; waiting until a job is added
2025-07-16 17:14:38,024 [DEBUG] [aiosqlite:106] operation <function connect.<locals>.connector at 0x00000239F0D323E0> completed
2025-07-16 17:14:38,025 [DEBUG] [aiosqlite:104] executing functools.partial(<built-in method execute of sqlite3.Connection object at 0x00000239F0CDCF40>, '\nCREATE TABLE IF NOT EXISTS users (\n    user_id         INTEGER PRIMARY KEY,\n    first_name      TEXT,\n    last_name       TEXT,\n    role            TEXT,\n    scenario_access TEXT,\n    updated_at      TIMESTAMP DEFAULT CURRENT_TIMESTAMP\n);\n', [])
2025-07-16 17:14:38,029 [DEBUG] [aiosqlite:106] operation functools.partial(<built-in method execute of sqlite3.Connection object at 0x00000239F0CDCF40>, '\nCREATE TABLE IF NOT EXISTS users (\n    user_id         INTEGER PRIMARY KEY,\n    first_name      TEXT,\n    last_name       TEXT,\n    role            TEXT,\n    scenario_access TEXT,\n    updated_at      TIMESTAMP DEFAULT CURRENT_TIMESTAMP\n);\n', []) completed
2025-07-16 17:14:38,032 [DEBUG] [aiosqlite:104] executing functools.partial(<built-in method execute of sqlite3.Connection object at 0x00000239F0CDCF40>, "INSERT OR IGNORE INTO users(user_id, role) VALUES (?, 'руководитель')", (1018880781,))
2025-07-16 17:14:38,034 [DEBUG] [aiosqlite:106] operation functools.partial(<built-in method execute of sqlite3.Connection object at 0x00000239F0CDCF40>, "INSERT OR IGNORE INTO users(user_id, role) VALUES (?, 'руководитель')", (1018880781,)) completed
2025-07-16 17:14:38,036 [DEBUG] [aiosqlite:104] executing functools.partial(<built-in method commit of sqlite3.Connection object at 0x00000239F0CDCF40>)
2025-07-16 17:14:38,037 [DEBUG] [aiosqlite:106] operation functools.partial(<built-in method commit of sqlite3.Connection object at 0x00000239F0CDCF40>) completed
2025-07-16 17:14:38,038 [DEBUG] [aiosqlite:104] executing functools.partial(<built-in method close of sqlite3.Connection object at 0x00000239F0CDCF40>)
2025-07-16 17:14:38,039 [DEBUG] [aiosqlite:106] operation functools.partial(<built-in method close of sqlite3.Connection object at 0x00000239F0CDCF40>) completed
2025-07-16 17:14:38,041 [INFO] [__main__:73] [startup] Конфиг и БД инициализированы, Leader-ID 1018880781 гарантирован
2025-07-16 17:14:38,042 [INFO] [aiogram.dispatcher:566] Start polling
2025-07-16 17:14:38,322 [INFO] [aiogram.dispatcher:363] Run polling for bot @masbot12_bot id=7637424219 - 'masterbot12'
2025-07-16 17:16:09,445 [DEBUG] [aiosqlite:104] executing <function connect.<locals>.connector at 0x00000239F0D33600>
2025-07-16 17:16:09,448 [DEBUG] [aiosqlite:106] operation <function connect.<locals>.connector at 0x00000239F0D33600> completed
2025-07-16 17:16:09,449 [DEBUG] [aiosqlite:104] executing functools.partial(<built-in method execute of sqlite3.Connection object at 0x00000239F0CDD8A0>, 'SELECT first_name, last_name, role FROM users WHERE user_id = ?', (1018880781,))
2025-07-16 17:16:09,451 [DEBUG] [aiosqlite:106] operation functools.partial(<built-in method execute of sqlite3.Connection object at 0x00000239F0CDD8A0>, 'SELECT first_name, last_name, role FROM users WHERE user_id = ?', (1018880781,)) completed
2025-07-16 17:16:09,454 [DEBUG] [aiosqlite:104] executing functools.partial(<built-in method fetchone of sqlite3.Cursor object at 0x00000239F0D22C40>)
2025-07-16 17:16:09,455 [DEBUG] [aiosqlite:106] operation functools.partial(<built-in method fetchone of sqlite3.Cursor object at 0x00000239F0D22C40>) completed
2025-07-16 17:16:09,457 [DEBUG] [aiosqlite:104] executing functools.partial(<built-in method close of sqlite3.Connection object at 0x00000239F0CDD8A0>)
2025-07-16 17:16:09,459 [DEBUG] [aiosqlite:106] operation functools.partial(<built-in method close of sqlite3.Connection object at 0x00000239F0CDD8A0>) completed
2025-07-16 17:16:09,818 [INFO] [aiogram.event:172] Update id=861001366 is handled. Duration 375 ms by bot id=7637424219
2025-07-16 17:16:12,839 [DEBUG] [aiosqlite:104] executing <function connect.<locals>.connector at 0x00000239F0D337E0>
2025-07-16 17:16:12,840 [DEBUG] [aiosqlite:106] operation <function connect.<locals>.connector at 0x00000239F0D337E0> completed
2025-07-16 17:16:12,841 [DEBUG] [aiosqlite:104] executing functools.partial(<built-in method execute of sqlite3.Connection object at 0x00000239F0CDD4E0>, 'SELECT first_name, last_name, role FROM users WHERE user_id = ?', (1018880781,))
2025-07-16 17:16:12,842 [DEBUG] [aiosqlite:106] operation functools.partial(<built-in method execute of sqlite3.Connection object at 0x00000239F0CDD4E0>, 'SELECT first_name, last_name, role FROM users WHERE user_id = ?', (1018880781,)) completed
2025-07-16 17:16:12,843 [DEBUG] [aiosqlite:104] executing functools.partial(<built-in method fetchone of sqlite3.Cursor object at 0x00000239F0D39940>)
2025-07-16 17:16:12,844 [DEBUG] [aiosqlite:106] operation functools.partial(<built-in method fetchone of sqlite3.Cursor object at 0x00000239F0D39940>) completed
2025-07-16 17:16:12,845 [DEBUG] [aiosqlite:104] executing functools.partial(<built-in method close of sqlite3.Connection object at 0x00000239F0CDD4E0>)
2025-07-16 17:16:12,845 [DEBUG] [aiosqlite:106] operation functools.partial(<built-in method close of sqlite3.Connection object at 0x00000239F0CDD4E0>) completed
2025-07-16 17:16:16,261 [DEBUG] [aiosqlite:104] executing <function connect.<locals>.connector at 0x00000239F0D32840>
2025-07-16 17:16:16,263 [DEBUG] [aiosqlite:106] operation <function connect.<locals>.connector at 0x00000239F0D32840> completed
2025-07-16 17:16:16,264 [DEBUG] [aiosqlite:104] executing functools.partial(<built-in method execute of sqlite3.Connection object at 0x00000239F0CDD4E0>, 'SELECT first_name, last_name, role FROM users WHERE user_id = ?', (1018880781,))
2025-07-16 17:16:16,267 [DEBUG] [aiosqlite:106] operation functools.partial(<built-in method execute of sqlite3.Connection object at 0x00000239F0CDD4E0>, 'SELECT first_name, last_name, role FROM users WHERE user_id = ?', (1018880781,)) completed
2025-07-16 17:16:16,273 [DEBUG] [aiosqlite:104] executing functools.partial(<built-in method fetchone of sqlite3.Cursor object at 0x00000239F0D3A7C0>)
2025-07-16 17:16:16,274 [DEBUG] [aiosqlite:106] operation functools.partial(<built-in method fetchone of sqlite3.Cursor object at 0x00000239F0D3A7C0>) completed
2025-07-16 17:16:16,277 [DEBUG] [aiosqlite:104] executing functools.partial(<built-in method close of sqlite3.Connection object at 0x00000239F0CDD4E0>)
2025-07-16 17:16:16,278 [DEBUG] [aiosqlite:106] operation functools.partial(<built-in method close of sqlite3.Connection object at 0x00000239F0CDD4E0>) completed
2025-07-16 17:16:16,627 [INFO] [aiogram.event:172] Update id=861001367 is handled. Duration 3789 ms by bot id=7637424219
2025-07-16 17:16:29,288 [DEBUG] [aiosqlite:104] executing <function connect.<locals>.connector at 0x00000239F0D48360>
2025-07-16 17:16:29,292 [DEBUG] [aiosqlite:106] operation <function connect.<locals>.connector at 0x00000239F0D48360> completed
2025-07-16 17:16:29,293 [DEBUG] [aiosqlite:104] executing functools.partial(<built-in method execute of sqlite3.Connection object at 0x00000239F0CDDD50>, 'SELECT first_name, last_name, role FROM users WHERE user_id = ?', (1018880781,))
2025-07-16 17:16:29,295 [DEBUG] [aiosqlite:106] operation functools.partial(<built-in method execute of sqlite3.Connection object at 0x00000239F0CDDD50>, 'SELECT first_name, last_name, role FROM users WHERE user_id = ?', (1018880781,)) completed
2025-07-16 17:16:29,296 [DEBUG] [aiosqlite:104] executing functools.partial(<built-in method fetchone of sqlite3.Cursor object at 0x00000239F0D3A940>)
2025-07-16 17:16:29,298 [DEBUG] [aiosqlite:106] operation functools.partial(<built-in method fetchone of sqlite3.Cursor object at 0x00000239F0D3A940>) completed
2025-07-16 17:16:29,300 [DEBUG] [aiosqlite:104] executing functools.partial(<built-in method close of sqlite3.Connection object at 0x00000239F0CDDD50>)
2025-07-16 17:16:29,328 [DEBUG] [aiosqlite:106] operation functools.partial(<built-in method close of sqlite3.Connection object at 0x00000239F0CDDD50>) completed
2025-07-16 17:16:29,333 [DEBUG] [aiosqlite:104] executing <function connect.<locals>.connector at 0x00000239F0D32840>
2025-07-16 17:16:29,334 [DEBUG] [aiosqlite:106] operation <function connect.<locals>.connector at 0x00000239F0D32840> completed
2025-07-16 17:16:29,342 [DEBUG] [aiosqlite:104] executing functools.partial(<built-in method execute of sqlite3.Connection object at 0x00000239F0CDD990>, 'SELECT first_name, last_name, role FROM users WHERE user_id = ?', (1018880781,))
2025-07-16 17:16:29,349 [DEBUG] [aiosqlite:106] operation functools.partial(<built-in method execute of sqlite3.Connection object at 0x00000239F0CDD990>, 'SELECT first_name, last_name, role FROM users WHERE user_id = ?', (1018880781,)) completed
2025-07-16 17:16:29,361 [DEBUG] [aiosqlite:104] executing functools.partial(<built-in method fetchone of sqlite3.Cursor object at 0x00000239F0D3BD40>)
2025-07-16 17:16:29,362 [DEBUG] [aiosqlite:106] operation functools.partial(<built-in method fetchone of sqlite3.Cursor object at 0x00000239F0D3BD40>) completed
2025-07-16 17:16:29,364 [DEBUG] [aiosqlite:104] executing functools.partial(<built-in method close of sqlite3.Connection object at 0x00000239F0CDD990>)
2025-07-16 17:16:29,365 [DEBUG] [aiosqlite:106] operation functools.partial(<built-in method close of sqlite3.Connection object at 0x00000239F0CDD990>) completed
2025-07-16 17:16:29,407 [DEBUG] [urllib3.util.retry:286] Converted retries value: 3 -> Retry(total=3, connect=None, read=None, redirect=None, status=None)
2025-07-16 17:16:29,458 [DEBUG] [google.auth.transport.requests:185] Making request: POST https://oauth2.googleapis.com/token
2025-07-16 17:16:29,461 [DEBUG] [urllib3.connectionpool:1049] Starting new HTTPS connection (1): oauth2.googleapis.com:443
2025-07-16 17:16:29,608 [DEBUG] [urllib3.connectionpool:544] https://oauth2.googleapis.com:443 "POST /token HTTP/1.1" 200 None
2025-07-16 17:16:29,611 [DEBUG] [urllib3.connectionpool:1049] Starting new HTTPS connection (1): sheets.googleapis.com:443
2025-07-16 17:16:30,488 [DEBUG] [urllib3.connectionpool:544] https://sheets.googleapis.com:443 "GET /v4/spreadsheets/11wjq2kXi_FHqx1yzzQ8weqr5PngvJpOVu9VQo--hJMI?includeGridData=false HTTP/1.1" 200 None
2025-07-16 17:16:30,710 [DEBUG] [urllib3.connectionpool:544] https://sheets.googleapis.com:443 "GET /v4/spreadsheets/11wjq2kXi_FHqx1yzzQ8weqr5PngvJpOVu9VQo--hJMI?includeGridData=false HTTP/1.1" 200 None
2025-07-16 17:16:30,775 [INFO] [googleapiclient.discovery_cache:49] file_cache is only supported with oauth2client<4.0.0
2025-07-16 17:16:31,328 [DEBUG] [googleapiclient.discovery:1258] URL being requested: GET https://sheets.googleapis.com/v4/spreadsheets/11wjq2kXi_FHqx1yzzQ8weqr5PngvJpOVu9VQo--hJMI?includeGridData=true&alt=json
2025-07-16 17:16:32,618 [INFO] [aiogram.event:172] Update id=861001368 is handled. Duration 3333 ms by bot id=7637424219
2025-07-16 17:16:41,745 [INFO] [aiogram.event:172] Update id=861001369 is handled. Duration 1134 ms by bot id=7637424219
2025-07-16 17:16:54,597 [DEBUG] [aiosqlite:104] executing <function connect.<locals>.connector at 0x00000239F0D4B060>
2025-07-16 17:16:54,599 [DEBUG] [aiosqlite:106] operation <function connect.<locals>.connector at 0x00000239F0D4B060> completed
2025-07-16 17:16:54,600 [DEBUG] [aiosqlite:104] executing functools.partial(<built-in method execute of sqlite3.Connection object at 0x00000239F0CDDB70>, 'SELECT first_name, last_name, role FROM users WHERE user_id = ?', (1018880781,))
2025-07-16 17:16:54,601 [DEBUG] [aiosqlite:106] operation functools.partial(<built-in method execute of sqlite3.Connection object at 0x00000239F0CDDB70>, 'SELECT first_name, last_name, role FROM users WHERE user_id = ?', (1018880781,)) completed
2025-07-16 17:16:54,602 [DEBUG] [aiosqlite:104] executing functools.partial(<built-in method fetchone of sqlite3.Cursor object at 0x00000239F41900C0>)
2025-07-16 17:16:54,603 [DEBUG] [aiosqlite:106] operation functools.partial(<built-in method fetchone of sqlite3.Cursor object at 0x00000239F41900C0>) completed
2025-07-16 17:16:54,604 [DEBUG] [aiosqlite:104] executing functools.partial(<built-in method close of sqlite3.Connection object at 0x00000239F0CDDB70>)
2025-07-16 17:16:54,605 [DEBUG] [aiosqlite:106] operation functools.partial(<built-in method close of sqlite3.Connection object at 0x00000239F0CDDB70>) completed
2025-07-16 17:16:55,451 [DEBUG] [aiosqlite:104] executing <function connect.<locals>.connector at 0x00000239F0D33CE0>
2025-07-16 17:16:55,453 [DEBUG] [aiosqlite:106] operation <function connect.<locals>.connector at 0x00000239F0D33CE0> completed
2025-07-16 17:16:55,454 [DEBUG] [aiosqlite:104] executing functools.partial(<built-in method execute of sqlite3.Connection object at 0x00000239F0CDD300>, 'SELECT first_name, last_name, role FROM users WHERE user_id = ?', (1018880781,))
2025-07-16 17:16:55,456 [DEBUG] [aiosqlite:106] operation functools.partial(<built-in method execute of sqlite3.Connection object at 0x00000239F0CDD300>, 'SELECT first_name, last_name, role FROM users WHERE user_id = ?', (1018880781,)) completed
2025-07-16 17:16:55,458 [DEBUG] [aiosqlite:104] executing functools.partial(<built-in method fetchone of sqlite3.Cursor object at 0x00000239F0E1A7C0>)
2025-07-16 17:16:55,460 [DEBUG] [aiosqlite:106] operation functools.partial(<built-in method fetchone of sqlite3.Cursor object at 0x00000239F0E1A7C0>) completed
2025-07-16 17:16:55,462 [DEBUG] [aiosqlite:104] executing functools.partial(<built-in method close of sqlite3.Connection object at 0x00000239F0CDD300>)
2025-07-16 17:16:55,463 [DEBUG] [aiosqlite:106] operation functools.partial(<built-in method close of sqlite3.Connection object at 0x00000239F0CDD300>) completed
2025-07-16 17:16:55,629 [DEBUG] [aiosqlite:104] executing <function connect.<locals>.connector at 0x00000239F0D33CE0>
2025-07-16 17:16:55,631 [DEBUG] [aiosqlite:106] operation <function connect.<locals>.connector at 0x00000239F0D33CE0> completed
2025-07-16 17:16:55,633 [DEBUG] [aiosqlite:104] executing functools.partial(<built-in method execute of sqlite3.Connection object at 0x00000239F0CDD300>, 'SELECT first_name, last_name, role FROM users WHERE user_id = ?', (1018880781,))
2025-07-16 17:16:55,635 [DEBUG] [aiosqlite:106] operation functools.partial(<built-in method execute of sqlite3.Connection object at 0x00000239F0CDD300>, 'SELECT first_name, last_name, role FROM users WHERE user_id = ?', (1018880781,)) completed
2025-07-16 17:16:55,637 [DEBUG] [aiosqlite:104] executing functools.partial(<built-in method fetchone of sqlite3.Cursor object at 0x00000239F0D3AFC0>)
2025-07-16 17:16:55,640 [DEBUG] [aiosqlite:106] operation functools.partial(<built-in method fetchone of sqlite3.Cursor object at 0x00000239F0D3AFC0>) completed
2025-07-16 17:16:55,642 [DEBUG] [aiosqlite:104] executing functools.partial(<built-in method close of sqlite3.Connection object at 0x00000239F0CDD300>)
2025-07-16 17:16:55,653 [DEBUG] [aiosqlite:106] operation functools.partial(<built-in method close of sqlite3.Connection object at 0x00000239F0CDD300>) completed
2025-07-16 17:16:55,921 [INFO] [aiogram.event:172] Update id=861001370 is handled. Duration 1326 ms by bot id=7637424219
2025-07-16 17:17:01,041 [INFO] [aiogram.event:172] Update id=861001371 is handled. Duration 1265 ms by bot id=7637424219
2025-07-16 17:19:42,183 [DEBUG] [asyncio:631] Using proactor: IocpProactor
2025-07-16 17:19:42,817 [INFO] [apscheduler.scheduler:214] Scheduler started
2025-07-16 17:19:42,818 [INFO] [__main__:125] Bot starting… version MasterBot 12.92-refactor
2025-07-16 17:19:42,821 [INFO] [__main__:65] [startup] admin_chat_id загружен: -4738242986
2025-07-16 17:19:42,840 [DEBUG] [aiosqlite:104] executing <function connect.<locals>.connector at 0x000002D8EA5823E0>
2025-07-16 17:19:42,841 [DEBUG] [apscheduler.scheduler:1151] Looking for jobs to run
2025-07-16 17:19:42,849 [DEBUG] [apscheduler.scheduler:1252] No jobs; waiting until a job is added
2025-07-16 17:19:42,876 [DEBUG] [aiosqlite:106] operation <function connect.<locals>.connector at 0x000002D8EA5823E0> completed
2025-07-16 17:19:42,877 [DEBUG] [aiosqlite:104] executing functools.partial(<built-in method execute of sqlite3.Connection object at 0x000002D8EA52D120>, '\nCREATE TABLE IF NOT EXISTS users (\n    user_id         INTEGER PRIMARY KEY,\n    first_name      TEXT,\n    last_name       TEXT,\n    role            TEXT,\n    scenario_access TEXT,\n    updated_at      TIMESTAMP DEFAULT CURRENT_TIMESTAMP\n);\n', [])
2025-07-16 17:19:42,878 [DEBUG] [aiosqlite:106] operation functools.partial(<built-in method execute of sqlite3.Connection object at 0x000002D8EA52D120>, '\nCREATE TABLE IF NOT EXISTS users (\n    user_id         INTEGER PRIMARY KEY,\n    first_name      TEXT,\n    last_name       TEXT,\n    role            TEXT,\n    scenario_access TEXT,\n    updated_at      TIMESTAMP DEFAULT CURRENT_TIMESTAMP\n);\n', []) completed
2025-07-16 17:19:42,880 [DEBUG] [aiosqlite:104] executing functools.partial(<built-in method execute of sqlite3.Connection object at 0x000002D8EA52D120>, "INSERT OR IGNORE INTO users(user_id, role) VALUES (?, 'руководитель')", (1018880781,))
2025-07-16 17:19:42,882 [DEBUG] [aiosqlite:106] operation functools.partial(<built-in method execute of sqlite3.Connection object at 0x000002D8EA52D120>, "INSERT OR IGNORE INTO users(user_id, role) VALUES (?, 'руководитель')", (1018880781,)) completed
2025-07-16 17:19:42,883 [DEBUG] [aiosqlite:104] executing functools.partial(<built-in method commit of sqlite3.Connection object at 0x000002D8EA52D120>)
2025-07-16 17:19:42,883 [DEBUG] [aiosqlite:106] operation functools.partial(<built-in method commit of sqlite3.Connection object at 0x000002D8EA52D120>) completed
2025-07-16 17:19:42,884 [DEBUG] [aiosqlite:104] executing functools.partial(<built-in method close of sqlite3.Connection object at 0x000002D8EA52D120>)
2025-07-16 17:19:42,885 [DEBUG] [aiosqlite:106] operation functools.partial(<built-in method close of sqlite3.Connection object at 0x000002D8EA52D120>) completed
2025-07-16 17:19:42,885 [INFO] [__main__:73] [startup] Конфиг и БД инициализированы, Leader-ID 1018880781 гарантирован
2025-07-16 17:19:42,886 [INFO] [aiogram.dispatcher:566] Start polling
2025-07-16 17:19:43,115 [INFO] [aiogram.dispatcher:363] Run polling for bot @masbot12_bot id=7637424219 - 'masterbot12'
2025-07-16 17:21:02,350 [DEBUG] [aiosqlite:104] executing <function connect.<locals>.connector at 0x000002D8EA583A60>
2025-07-16 17:21:02,351 [DEBUG] [aiosqlite:106] operation <function connect.<locals>.connector at 0x000002D8EA583A60> completed
2025-07-16 17:21:02,352 [DEBUG] [aiosqlite:104] executing functools.partial(<built-in method execute of sqlite3.Connection object at 0x000002D8EA52D6C0>, 'SELECT first_name, last_name, role FROM users WHERE user_id = ?', (1018880781,))
2025-07-16 17:21:02,353 [DEBUG] [aiosqlite:106] operation functools.partial(<built-in method execute of sqlite3.Connection object at 0x000002D8EA52D6C0>, 'SELECT first_name, last_name, role FROM users WHERE user_id = ?', (1018880781,)) completed
2025-07-16 17:21:02,354 [DEBUG] [aiosqlite:104] executing functools.partial(<built-in method fetchone of sqlite3.Cursor object at 0x000002D8EA58C1C0>)
2025-07-16 17:21:02,355 [DEBUG] [aiosqlite:106] operation functools.partial(<built-in method fetchone of sqlite3.Cursor object at 0x000002D8EA58C1C0>) completed
2025-07-16 17:21:02,355 [DEBUG] [aiosqlite:104] executing functools.partial(<built-in method close of sqlite3.Connection object at 0x000002D8EA52D6C0>)
2025-07-16 17:21:02,356 [DEBUG] [aiosqlite:106] operation functools.partial(<built-in method close of sqlite3.Connection object at 0x000002D8EA52D6C0>) completed
2025-07-16 17:21:02,785 [INFO] [aiogram.event:172] Update id=861001372 is handled. Duration 436 ms by bot id=7637424219
2025-07-16 17:21:04,580 [DEBUG] [aiosqlite:104] executing <function connect.<locals>.connector at 0x000002D8EA583B00>
2025-07-16 17:21:04,582 [DEBUG] [aiosqlite:106] operation <function connect.<locals>.connector at 0x000002D8EA583B00> completed
2025-07-16 17:21:04,584 [DEBUG] [aiosqlite:104] executing functools.partial(<built-in method execute of sqlite3.Connection object at 0x000002D8EA52DA80>, 'SELECT first_name, last_name, role FROM users WHERE user_id = ?', (1018880781,))
2025-07-16 17:21:04,586 [DEBUG] [aiosqlite:106] operation functools.partial(<built-in method execute of sqlite3.Connection object at 0x000002D8EA52DA80>, 'SELECT first_name, last_name, role FROM users WHERE user_id = ?', (1018880781,)) completed
2025-07-16 17:21:04,588 [DEBUG] [aiosqlite:104] executing functools.partial(<built-in method fetchone of sqlite3.Cursor object at 0x000002D8EA58D840>)
2025-07-16 17:21:04,589 [DEBUG] [aiosqlite:106] operation functools.partial(<built-in method fetchone of sqlite3.Cursor object at 0x000002D8EA58D840>) completed
2025-07-16 17:21:04,591 [DEBUG] [aiosqlite:104] executing functools.partial(<built-in method close of sqlite3.Connection object at 0x000002D8EA52DA80>)
2025-07-16 17:21:04,593 [DEBUG] [aiosqlite:106] operation functools.partial(<built-in method close of sqlite3.Connection object at 0x000002D8EA52DA80>) completed
2025-07-16 17:21:08,035 [DEBUG] [aiosqlite:104] executing <function connect.<locals>.connector at 0x000002D8EA583920>
2025-07-16 17:21:08,038 [DEBUG] [aiosqlite:106] operation <function connect.<locals>.connector at 0x000002D8EA583920> completed
2025-07-16 17:21:08,039 [DEBUG] [aiosqlite:104] executing functools.partial(<built-in method execute of sqlite3.Connection object at 0x000002D8EA52DA80>, 'SELECT first_name, last_name, role FROM users WHERE user_id = ?', (1018880781,))
2025-07-16 17:21:08,043 [DEBUG] [aiosqlite:106] operation functools.partial(<built-in method execute of sqlite3.Connection object at 0x000002D8EA52DA80>, 'SELECT first_name, last_name, role FROM users WHERE user_id = ?', (1018880781,)) completed
2025-07-16 17:21:08,045 [DEBUG] [aiosqlite:104] executing functools.partial(<built-in method fetchone of sqlite3.Cursor object at 0x000002D8EA58DE40>)
2025-07-16 17:21:08,046 [DEBUG] [aiosqlite:106] operation functools.partial(<built-in method fetchone of sqlite3.Cursor object at 0x000002D8EA58DE40>) completed
2025-07-16 17:21:08,048 [DEBUG] [aiosqlite:104] executing functools.partial(<built-in method close of sqlite3.Connection object at 0x000002D8EA52DA80>)
2025-07-16 17:21:08,051 [DEBUG] [aiosqlite:106] operation functools.partial(<built-in method close of sqlite3.Connection object at 0x000002D8EA52DA80>) completed
2025-07-16 17:21:08,434 [INFO] [aiogram.event:172] Update id=861001373 is handled. Duration 3857 ms by bot id=7637424219
2025-07-16 17:21:11,349 [DEBUG] [handlers.poll_details:70] show_deal: uid=1018880781, deal_id=29946795, is_refresh=False
2025-07-16 17:21:11,901 [ERROR] [handlers.poll_details:83] Failed to delete callback message for uid=1018880781
Traceback (most recent call last):
  File "C:\Users\DELL\Desktop\gpt\Masterbot1\handlers\poll_details.py", line 81, in show_deal_callback_handler
    await callback.message.delete()
  File "C:\Users\DELL\AppData\Local\Programs\Python\Python313\Lib\site-packages\aiogram\methods\base.py", line 84, in emit
    return await bot(self)
           ^^^^^^^^^^^^^^^
  File "C:\Users\DELL\AppData\Local\Programs\Python\Python313\Lib\site-packages\aiogram\client\bot.py", line 478, in __call__
    return await self.session(self, method, timeout=request_timeout)
           ^^^^^^^^^^^^^^^^^^^^^^^^^^^^^^^^^^^^^^^^^^^^^^^^^^^^^^^^^
  File "C:\Users\DELL\AppData\Local\Programs\Python\Python313\Lib\site-packages\aiogram\client\session\base.py", line 254, in __call__
    return cast(TelegramType, await middleware(bot, method))
                              ^^^^^^^^^^^^^^^^^^^^^^^^^^^^^
  File "C:\Users\DELL\AppData\Local\Programs\Python\Python313\Lib\site-packages\aiogram\client\session\aiohttp.py", line 185, in make_request
    response = self.check_response(
        bot=bot, method=method, status_code=resp.status, content=raw_result
    )
  File "C:\Users\DELL\AppData\Local\Programs\Python\Python313\Lib\site-packages\aiogram\client\session\base.py", line 120, in check_response
    raise TelegramBadRequest(method=method, message=description)
aiogram.exceptions.TelegramBadRequest: Telegram server says - Bad Request: message to delete not found
2025-07-16 17:21:12,118 [DEBUG] [handlers.poll_details:111] Header sent: game=Хранители Волшебства, date=19.07.2025, time=10:00, pkg=стандарт
2025-07-16 17:21:12,119 [DEBUG] [handlers.poll_details:121] Role requirements: {'main': 1, 'assist': 0, 'admin': 1}, existing dist tags: {}
2025-07-16 17:21:12,119 [DEBUG] [handlers.poll_details:130] Collected respondents: []
2025-07-16 17:21:12,121 [DEBUG] [handlers.poll_details:146] Rendering section 'Ведущие' (need 1)
2025-07-16 17:21:12,217 [DEBUG] [handlers.poll_details:189] Section 'Ведущие' messages sent: 0 entries, ready=False
2025-07-16 17:21:12,217 [DEBUG] [handlers.poll_details:193] Alternatives for role main: []
2025-07-16 17:21:12,218 [DEBUG] [handlers.poll_details:146] Rendering section 'Помощники' (need 0)
2025-07-16 17:21:12,305 [DEBUG] [handlers.poll_details:189] Section 'Помощники' messages sent: 0 entries, ready=True
2025-07-16 17:21:12,306 [DEBUG] [handlers.poll_details:193] Alternatives for role assist: []
2025-07-16 17:21:12,306 [DEBUG] [handlers.poll_details:146] Rendering section 'Админ' (need 1)
2025-07-16 17:21:12,389 [DEBUG] [handlers.poll_details:189] Section 'Админ' messages sent: 0 entries, ready=False
2025-07-16 17:21:12,392 [DEBUG] [handlers.poll_details:193] Alternatives for role admin: []
2025-07-16 17:21:12,392 [DEBUG] [handlers.poll_details:215] Interns (red status): []
2025-07-16 17:21:12,491 [DEBUG] [handlers.poll_details:230] Detail blocks saved for uid=1018880781, deal_id=29946795
2025-07-16 17:21:12,580 [INFO] [aiogram.event:172] Update id=861001374 is handled. Duration 1234 ms by bot id=7637424219
2025-07-16 17:21:31,527 [DEBUG] [aiosqlite:104] executing <function connect.<locals>.connector at 0x000002D8EA5940E0>
2025-07-16 17:21:31,528 [DEBUG] [aiosqlite:106] operation <function connect.<locals>.connector at 0x000002D8EA5940E0> completed
2025-07-16 17:21:31,529 [DEBUG] [aiosqlite:104] executing functools.partial(<built-in method execute of sqlite3.Connection object at 0x000002D8EA630A90>, 'SELECT first_name, last_name, role FROM users WHERE user_id = ?', (1018880781,))
2025-07-16 17:21:31,530 [DEBUG] [aiosqlite:106] operation functools.partial(<built-in method execute of sqlite3.Connection object at 0x000002D8EA630A90>, 'SELECT first_name, last_name, role FROM users WHERE user_id = ?', (1018880781,)) completed
2025-07-16 17:21:31,531 [DEBUG] [aiosqlite:104] executing functools.partial(<built-in method fetchone of sqlite3.Cursor object at 0x000002D8EA5FA540>)
2025-07-16 17:21:31,532 [DEBUG] [aiosqlite:106] operation functools.partial(<built-in method fetchone of sqlite3.Cursor object at 0x000002D8EA5FA540>) completed
2025-07-16 17:21:31,532 [DEBUG] [aiosqlite:104] executing functools.partial(<built-in method close of sqlite3.Connection object at 0x000002D8EA630A90>)
2025-07-16 17:21:31,533 [DEBUG] [aiosqlite:106] operation functools.partial(<built-in method close of sqlite3.Connection object at 0x000002D8EA630A90>) completed
2025-07-16 17:21:33,125 [DEBUG] [aiosqlite:104] executing <function connect.<locals>.connector at 0x000002D8EA5944A0>
2025-07-16 17:21:33,127 [DEBUG] [aiosqlite:106] operation <function connect.<locals>.connector at 0x000002D8EA5944A0> completed
2025-07-16 17:21:33,129 [DEBUG] [aiosqlite:104] executing functools.partial(<built-in method execute of sqlite3.Connection object at 0x000002D8EA630C70>, 'SELECT first_name, last_name, role FROM users WHERE user_id = ?', (1018880781,))
2025-07-16 17:21:33,131 [DEBUG] [aiosqlite:106] operation functools.partial(<built-in method execute of sqlite3.Connection object at 0x000002D8EA630C70>, 'SELECT first_name, last_name, role FROM users WHERE user_id = ?', (1018880781,)) completed
2025-07-16 17:21:33,133 [DEBUG] [aiosqlite:104] executing functools.partial(<built-in method fetchone of sqlite3.Cursor object at 0x000002D8EA5B0A40>)
2025-07-16 17:21:33,135 [DEBUG] [aiosqlite:106] operation functools.partial(<built-in method fetchone of sqlite3.Cursor object at 0x000002D8EA5B0A40>) completed
2025-07-16 17:21:33,136 [DEBUG] [aiosqlite:104] executing functools.partial(<built-in method close of sqlite3.Connection object at 0x000002D8EA630C70>)
2025-07-16 17:21:33,137 [DEBUG] [aiosqlite:106] operation functools.partial(<built-in method close of sqlite3.Connection object at 0x000002D8EA630C70>) completed
2025-07-16 17:21:33,398 [INFO] [aiogram.event:172] Update id=861001375 is handled. Duration 1873 ms by bot id=7637424219
2025-07-16 17:21:37,399 [DEBUG] [handlers.poll_details:70] show_deal: uid=1018880781, deal_id=29946801, is_refresh=False
2025-07-16 17:21:37,693 [ERROR] [handlers.poll_details:83] Failed to delete callback message for uid=1018880781
Traceback (most recent call last):
  File "C:\Users\DELL\Desktop\gpt\Masterbot1\handlers\poll_details.py", line 81, in show_deal_callback_handler
    await callback.message.delete()
  File "C:\Users\DELL\AppData\Local\Programs\Python\Python313\Lib\site-packages\aiogram\methods\base.py", line 84, in emit
    return await bot(self)
           ^^^^^^^^^^^^^^^
  File "C:\Users\DELL\AppData\Local\Programs\Python\Python313\Lib\site-packages\aiogram\client\bot.py", line 478, in __call__
    return await self.session(self, method, timeout=request_timeout)
           ^^^^^^^^^^^^^^^^^^^^^^^^^^^^^^^^^^^^^^^^^^^^^^^^^^^^^^^^^
  File "C:\Users\DELL\AppData\Local\Programs\Python\Python313\Lib\site-packages\aiogram\client\session\base.py", line 254, in __call__
    return cast(TelegramType, await middleware(bot, method))
                              ^^^^^^^^^^^^^^^^^^^^^^^^^^^^^
  File "C:\Users\DELL\AppData\Local\Programs\Python\Python313\Lib\site-packages\aiogram\client\session\aiohttp.py", line 185, in make_request
    response = self.check_response(
        bot=bot, method=method, status_code=resp.status, content=raw_result
    )
  File "C:\Users\DELL\AppData\Local\Programs\Python\Python313\Lib\site-packages\aiogram\client\session\base.py", line 120, in check_response
    raise TelegramBadRequest(method=method, message=description)
aiogram.exceptions.TelegramBadRequest: Telegram server says - Bad Request: message to delete not found
2025-07-16 17:21:37,782 [DEBUG] [handlers.poll_details:111] Header sent: game=Петля времени, date=20.07.2025, time=11:30, pkg=стандарт+
2025-07-16 17:21:37,783 [DEBUG] [handlers.poll_details:121] Role requirements: {'main': 1, 'assist': 1, 'admin': 1}, existing dist tags: {}
2025-07-16 17:21:37,784 [DEBUG] [handlers.poll_details:130] Collected respondents: []
2025-07-16 17:21:37,785 [DEBUG] [handlers.poll_details:146] Rendering section 'Ведущие' (need 1)
2025-07-16 17:21:37,870 [DEBUG] [handlers.poll_details:189] Section 'Ведущие' messages sent: 0 entries, ready=False
2025-07-16 17:21:37,871 [DEBUG] [handlers.poll_details:193] Alternatives for role main: []
2025-07-16 17:21:37,871 [DEBUG] [handlers.poll_details:146] Rendering section 'Помощники' (need 1)
2025-07-16 17:21:37,954 [DEBUG] [handlers.poll_details:189] Section 'Помощники' messages sent: 0 entries, ready=False
2025-07-16 17:21:37,955 [DEBUG] [handlers.poll_details:193] Alternatives for role assist: []
2025-07-16 17:21:37,956 [DEBUG] [handlers.poll_details:146] Rendering section 'Админ' (need 1)
2025-07-16 17:21:38,033 [DEBUG] [handlers.poll_details:189] Section 'Админ' messages sent: 0 entries, ready=False
2025-07-16 17:21:38,034 [DEBUG] [handlers.poll_details:193] Alternatives for role admin: []
2025-07-16 17:21:38,034 [DEBUG] [handlers.poll_details:215] Interns (red status): []
2025-07-16 17:21:38,130 [DEBUG] [handlers.poll_details:230] Detail blocks saved for uid=1018880781, deal_id=29946801
2025-07-16 17:21:38,212 [INFO] [aiogram.event:172] Update id=861001376 is handled. Duration 817 ms by bot id=7637424219
2025-07-16 17:21:50,152 [INFO] [aiogram.event:172] Update id=861001377 is handled. Duration 1223 ms by bot id=7637424219
2025-07-16 17:21:54,425 [DEBUG] [aiosqlite:104] executing <function connect.<locals>.connector at 0x000002D8EA5942C0>
2025-07-16 17:21:54,427 [DEBUG] [aiosqlite:106] operation <function connect.<locals>.connector at 0x000002D8EA5942C0> completed
2025-07-16 17:21:54,429 [DEBUG] [aiosqlite:104] executing functools.partial(<built-in method execute of sqlite3.Connection object at 0x000002D8EA52D3F0>, 'SELECT first_name, last_name, role FROM users WHERE user_id = ?', (1018880781,))
2025-07-16 17:21:54,431 [DEBUG] [aiosqlite:106] operation functools.partial(<built-in method execute of sqlite3.Connection object at 0x000002D8EA52D3F0>, 'SELECT first_name, last_name, role FROM users WHERE user_id = ?', (1018880781,)) completed
2025-07-16 17:21:54,433 [DEBUG] [aiosqlite:104] executing functools.partial(<built-in method fetchone of sqlite3.Cursor object at 0x000002D8EA56E8C0>)
2025-07-16 17:21:54,435 [DEBUG] [aiosqlite:106] operation functools.partial(<built-in method fetchone of sqlite3.Cursor object at 0x000002D8EA56E8C0>) completed
2025-07-16 17:21:54,437 [DEBUG] [aiosqlite:104] executing functools.partial(<built-in method close of sqlite3.Connection object at 0x000002D8EA52D3F0>)
2025-07-16 17:21:54,440 [DEBUG] [aiosqlite:106] operation functools.partial(<built-in method close of sqlite3.Connection object at 0x000002D8EA52D3F0>) completed
2025-07-16 17:21:54,570 [DEBUG] [aiosqlite:104] executing <function connect.<locals>.connector at 0x000002D8EA583600>
2025-07-16 17:21:54,573 [DEBUG] [aiosqlite:106] operation <function connect.<locals>.connector at 0x000002D8EA583600> completed
2025-07-16 17:21:54,575 [DEBUG] [aiosqlite:104] executing functools.partial(<built-in method execute of sqlite3.Connection object at 0x000002D8EA630D60>, 'SELECT first_name, last_name, role FROM users WHERE user_id = ?', (1018880781,))
2025-07-16 17:21:54,580 [DEBUG] [aiosqlite:106] operation functools.partial(<built-in method execute of sqlite3.Connection object at 0x000002D8EA630D60>, 'SELECT first_name, last_name, role FROM users WHERE user_id = ?', (1018880781,)) completed
2025-07-16 17:21:54,590 [DEBUG] [aiosqlite:104] executing functools.partial(<built-in method fetchone of sqlite3.Cursor object at 0x000002D8EA5F9BC0>)
2025-07-16 17:21:54,597 [DEBUG] [aiosqlite:106] operation functools.partial(<built-in method fetchone of sqlite3.Cursor object at 0x000002D8EA5F9BC0>) completed
2025-07-16 17:21:54,600 [DEBUG] [aiosqlite:104] executing functools.partial(<built-in method close of sqlite3.Connection object at 0x000002D8EA630D60>)
2025-07-16 17:21:54,602 [DEBUG] [aiosqlite:106] operation functools.partial(<built-in method close of sqlite3.Connection object at 0x000002D8EA630D60>) completed
2025-07-16 17:21:54,828 [INFO] [aiogram.event:172] Update id=861001378 is handled. Duration 407 ms by bot id=7637424219
2025-07-16 17:21:57,497 [DEBUG] [handlers.poll_details:70] show_deal: uid=1018880781, deal_id=29946817, is_refresh=False
2025-07-16 17:21:57,737 [ERROR] [handlers.poll_details:83] Failed to delete callback message for uid=1018880781
Traceback (most recent call last):
  File "C:\Users\DELL\Desktop\gpt\Masterbot1\handlers\poll_details.py", line 81, in show_deal_callback_handler
    await callback.message.delete()
  File "C:\Users\DELL\AppData\Local\Programs\Python\Python313\Lib\site-packages\aiogram\methods\base.py", line 84, in emit
    return await bot(self)
           ^^^^^^^^^^^^^^^
  File "C:\Users\DELL\AppData\Local\Programs\Python\Python313\Lib\site-packages\aiogram\client\bot.py", line 478, in __call__
    return await self.session(self, method, timeout=request_timeout)
           ^^^^^^^^^^^^^^^^^^^^^^^^^^^^^^^^^^^^^^^^^^^^^^^^^^^^^^^^^
  File "C:\Users\DELL\AppData\Local\Programs\Python\Python313\Lib\site-packages\aiogram\client\session\base.py", line 254, in __call__
    return cast(TelegramType, await middleware(bot, method))
                              ^^^^^^^^^^^^^^^^^^^^^^^^^^^^^
  File "C:\Users\DELL\AppData\Local\Programs\Python\Python313\Lib\site-packages\aiogram\client\session\aiohttp.py", line 185, in make_request
    response = self.check_response(
        bot=bot, method=method, status_code=resp.status, content=raw_result
    )
  File "C:\Users\DELL\AppData\Local\Programs\Python\Python313\Lib\site-packages\aiogram\client\session\base.py", line 120, in check_response
    raise TelegramBadRequest(method=method, message=description)
aiogram.exceptions.TelegramBadRequest: Telegram server says - Bad Request: message to delete not found
2025-07-16 17:21:57,837 [DEBUG] [handlers.poll_details:111] Header sent: game=Кланы Нью-Йорка, date=20.07.2025, time=20:30, pkg=премиум
2025-07-16 17:21:57,838 [DEBUG] [handlers.poll_details:121] Role requirements: {'main': 1, 'assist': 3, 'admin': 1}, existing dist tags: {}
2025-07-16 17:21:57,838 [DEBUG] [handlers.poll_details:130] Collected respondents: []
2025-07-16 17:21:57,839 [DEBUG] [handlers.poll_details:146] Rendering section 'Ведущие' (need 1)
2025-07-16 17:21:57,932 [DEBUG] [handlers.poll_details:189] Section 'Ведущие' messages sent: 0 entries, ready=False
2025-07-16 17:21:57,934 [DEBUG] [handlers.poll_details:193] Alternatives for role main: []
2025-07-16 17:21:57,935 [DEBUG] [handlers.poll_details:146] Rendering section 'Помощники' (need 3)
2025-07-16 17:21:58,020 [DEBUG] [handlers.poll_details:189] Section 'Помощники' messages sent: 0 entries, ready=False
2025-07-16 17:21:58,021 [DEBUG] [handlers.poll_details:193] Alternatives for role assist: []
2025-07-16 17:21:58,023 [DEBUG] [handlers.poll_details:146] Rendering section 'Админ' (need 1)
2025-07-16 17:21:58,137 [DEBUG] [handlers.poll_details:189] Section 'Админ' messages sent: 0 entries, ready=False
2025-07-16 17:21:58,138 [DEBUG] [handlers.poll_details:193] Alternatives for role admin: []
2025-07-16 17:21:58,139 [DEBUG] [handlers.poll_details:215] Interns (red status): []
2025-07-16 17:21:58,224 [DEBUG] [handlers.poll_details:230] Detail blocks saved for uid=1018880781, deal_id=29946817
2025-07-16 17:21:58,302 [INFO] [aiogram.event:172] Update id=861001379 is handled. Duration 808 ms by bot id=7637424219
2025-07-16 17:22:38,123 [DEBUG] [aiosqlite:104] executing <function connect.<locals>.connector at 0x000002D8EA583920>
2025-07-16 17:22:38,125 [DEBUG] [aiosqlite:106] operation <function connect.<locals>.connector at 0x000002D8EA583920> completed
2025-07-16 17:22:38,127 [DEBUG] [aiosqlite:104] executing functools.partial(<built-in method execute of sqlite3.Connection object at 0x000002D8EA630C70>, 'SELECT first_name, last_name, role FROM users WHERE user_id = ?', (1018880781,))
2025-07-16 17:22:38,129 [DEBUG] [aiosqlite:106] operation functools.partial(<built-in method execute of sqlite3.Connection object at 0x000002D8EA630C70>, 'SELECT first_name, last_name, role FROM users WHERE user_id = ?', (1018880781,)) completed
2025-07-16 17:22:38,131 [DEBUG] [aiosqlite:104] executing functools.partial(<built-in method fetchone of sqlite3.Cursor object at 0x000002D8EA58F6C0>)
2025-07-16 17:22:38,132 [DEBUG] [aiosqlite:106] operation functools.partial(<built-in method fetchone of sqlite3.Cursor object at 0x000002D8EA58F6C0>) completed
2025-07-16 17:22:38,135 [DEBUG] [aiosqlite:104] executing functools.partial(<built-in method close of sqlite3.Connection object at 0x000002D8EA630C70>)
2025-07-16 17:22:38,136 [DEBUG] [aiosqlite:106] operation functools.partial(<built-in method close of sqlite3.Connection object at 0x000002D8EA630C70>) completed
2025-07-16 17:22:38,140 [DEBUG] [aiosqlite:104] executing <function connect.<locals>.connector at 0x000002D8EA583BA0>
2025-07-16 17:22:38,147 [DEBUG] [aiosqlite:106] operation <function connect.<locals>.connector at 0x000002D8EA583BA0> completed
2025-07-16 17:22:38,149 [DEBUG] [aiosqlite:104] executing functools.partial(<built-in method execute of sqlite3.Connection object at 0x000002D8EA52D3F0>, 'SELECT first_name, last_name, role FROM users WHERE user_id = ?', (1018880781,))
2025-07-16 17:22:38,152 [DEBUG] [aiosqlite:106] operation functools.partial(<built-in method execute of sqlite3.Connection object at 0x000002D8EA52D3F0>, 'SELECT first_name, last_name, role FROM users WHERE user_id = ?', (1018880781,)) completed
2025-07-16 17:22:38,155 [DEBUG] [aiosqlite:104] executing functools.partial(<built-in method fetchone of sqlite3.Cursor object at 0x000002D8EA58C440>)
2025-07-16 17:22:38,157 [DEBUG] [aiosqlite:106] operation functools.partial(<built-in method fetchone of sqlite3.Cursor object at 0x000002D8EA58C440>) completed
2025-07-16 17:22:38,159 [DEBUG] [aiosqlite:104] executing functools.partial(<built-in method close of sqlite3.Connection object at 0x000002D8EA52D3F0>)
2025-07-16 17:22:38,159 [DEBUG] [aiosqlite:106] operation functools.partial(<built-in method close of sqlite3.Connection object at 0x000002D8EA52D3F0>) completed
2025-07-16 17:22:38,184 [DEBUG] [urllib3.util.retry:286] Converted retries value: 3 -> Retry(total=3, connect=None, read=None, redirect=None, status=None)
2025-07-16 17:22:38,223 [DEBUG] [google.auth.transport.requests:185] Making request: POST https://oauth2.googleapis.com/token
2025-07-16 17:22:38,225 [DEBUG] [urllib3.connectionpool:1049] Starting new HTTPS connection (1): oauth2.googleapis.com:443
2025-07-16 17:22:38,362 [DEBUG] [urllib3.connectionpool:544] https://oauth2.googleapis.com:443 "POST /token HTTP/1.1" 200 None
2025-07-16 17:22:38,367 [DEBUG] [urllib3.connectionpool:1049] Starting new HTTPS connection (1): sheets.googleapis.com:443
2025-07-16 17:22:39,104 [DEBUG] [urllib3.connectionpool:544] https://sheets.googleapis.com:443 "GET /v4/spreadsheets/11wjq2kXi_FHqx1yzzQ8weqr5PngvJpOVu9VQo--hJMI?includeGridData=false HTTP/1.1" 200 None
2025-07-16 17:22:39,937 [DEBUG] [urllib3.connectionpool:544] https://sheets.googleapis.com:443 "GET /v4/spreadsheets/11wjq2kXi_FHqx1yzzQ8weqr5PngvJpOVu9VQo--hJMI?includeGridData=false HTTP/1.1" 200 None
2025-07-16 17:22:39,999 [INFO] [googleapiclient.discovery_cache:49] file_cache is only supported with oauth2client<4.0.0
2025-07-16 17:22:40,496 [DEBUG] [googleapiclient.discovery:1258] URL being requested: GET https://sheets.googleapis.com/v4/spreadsheets/11wjq2kXi_FHqx1yzzQ8weqr5PngvJpOVu9VQo--hJMI?includeGridData=true&alt=json
2025-07-16 17:22:42,420 [DEBUG] [handlers.poll_details:288] Refreshing detail views for uid=1018880781, deal_id=29946817, deleting 5 messages
2025-07-16 17:22:43,103 [DEBUG] [handlers.poll_details:70] show_deal: uid=1018880781, deal_id=29946817, is_refresh=True
2025-07-16 17:22:43,252 [DEBUG] [handlers.poll_details:111] Header sent: game=Кланы Нью-Йорка, date=20.07.2025, time=20:30, pkg=премиум
2025-07-16 17:22:43,253 [DEBUG] [handlers.poll_details:121] Role requirements: {'main': 1, 'assist': 3, 'admin': 1}, existing dist tags: {}
2025-07-16 17:22:43,256 [DEBUG] [handlers.poll_details:130] Collected respondents: [1018880781]
2025-07-16 17:22:43,257 [DEBUG] [handlers.poll_details:146] Rendering section 'Ведущие' (need 1)
2025-07-16 17:22:43,258 [DEBUG] [handlers.poll_details:51] Cached status for user 1018880781, game Кланы Нью-Йорка: green
2025-07-16 17:22:43,260 [DEBUG] [handlers.poll_details:138] Fits check: user=1018880781, role=main -> True
2025-07-16 17:22:43,262 [DEBUG] [handlers.poll_details:51] Cached status for user 1018880781, game Кланы Нью-Йорка: green
2025-07-16 17:22:43,264 [DEBUG] [handlers.poll_details:179] Greedy picked 1018880781 for role main (status=green)
2025-07-16 17:22:43,459 [DEBUG] [handlers.poll_details:189] Section 'Ведущие' messages sent: 1 entries, ready=True
2025-07-16 17:22:43,459 [DEBUG] [handlers.poll_details:193] Alternatives for role main: []
2025-07-16 17:22:43,460 [DEBUG] [handlers.poll_details:146] Rendering section 'Помощники' (need 3)
2025-07-16 17:22:43,601 [DEBUG] [handlers.poll_details:189] Section 'Помощники' messages sent: 0 entries, ready=False
2025-07-16 17:22:43,602 [DEBUG] [handlers.poll_details:193] Alternatives for role assist: []
2025-07-16 17:22:43,605 [DEBUG] [handlers.poll_details:146] Rendering section 'Админ' (need 1)
2025-07-16 17:22:43,750 [DEBUG] [handlers.poll_details:189] Section 'Админ' messages sent: 0 entries, ready=False
2025-07-16 17:22:43,752 [DEBUG] [handlers.poll_details:193] Alternatives for role admin: []
2025-07-16 17:22:43,753 [DEBUG] [handlers.poll_details:51] Cached status for user 1018880781, game Кланы Нью-Йорка: green
2025-07-16 17:22:43,756 [DEBUG] [handlers.poll_details:215] Interns (red status): []
2025-07-16 17:22:43,932 [DEBUG] [handlers.poll_details:230] Detail blocks saved for uid=1018880781, deal_id=29946817
2025-07-16 17:22:43,934 [INFO] [aiogram.event:172] Update id=861001380 is handled. Duration 5812 ms by bot id=7637424219
2025-07-16 17:24:39,853 [DEBUG] [handlers.poll_details:70] show_deal: uid=1018880781, deal_id=30115013, is_refresh=False
2025-07-16 17:24:40,791 [ERROR] [handlers.poll_details:83] Failed to delete callback message for uid=1018880781
Traceback (most recent call last):
  File "C:\Users\DELL\Desktop\gpt\Masterbot1\handlers\poll_details.py", line 81, in show_deal_callback_handler
    await callback.message.delete()
  File "C:\Users\DELL\AppData\Local\Programs\Python\Python313\Lib\site-packages\aiogram\methods\base.py", line 84, in emit
    return await bot(self)
           ^^^^^^^^^^^^^^^
  File "C:\Users\DELL\AppData\Local\Programs\Python\Python313\Lib\site-packages\aiogram\client\bot.py", line 478, in __call__
    return await self.session(self, method, timeout=request_timeout)
           ^^^^^^^^^^^^^^^^^^^^^^^^^^^^^^^^^^^^^^^^^^^^^^^^^^^^^^^^^
  File "C:\Users\DELL\AppData\Local\Programs\Python\Python313\Lib\site-packages\aiogram\client\session\base.py", line 254, in __call__
    return cast(TelegramType, await middleware(bot, method))
                              ^^^^^^^^^^^^^^^^^^^^^^^^^^^^^
  File "C:\Users\DELL\AppData\Local\Programs\Python\Python313\Lib\site-packages\aiogram\client\session\aiohttp.py", line 185, in make_request
    response = self.check_response(
        bot=bot, method=method, status_code=resp.status, content=raw_result
    )
  File "C:\Users\DELL\AppData\Local\Programs\Python\Python313\Lib\site-packages\aiogram\client\session\base.py", line 120, in check_response
    raise TelegramBadRequest(method=method, message=description)
aiogram.exceptions.TelegramBadRequest: Telegram server says - Bad Request: message to delete not found
2025-07-16 17:24:40,911 [DEBUG] [handlers.poll_details:111] Header sent: game=Петля времени, date=28.07.2025, time=14:00, pkg=компакт
2025-07-16 17:24:40,915 [DEBUG] [handlers.poll_details:121] Role requirements: {'main': 1, 'assist': 1, 'admin': 0}, existing dist tags: {}
2025-07-16 17:24:40,917 [DEBUG] [handlers.poll_details:130] Collected respondents: [1018880781]
2025-07-16 17:24:40,918 [DEBUG] [handlers.poll_details:146] Rendering section 'Ведущие' (need 1)
2025-07-16 17:24:40,919 [DEBUG] [handlers.poll_details:51] Cached status for user 1018880781, game Петля времени: green
2025-07-16 17:24:40,920 [DEBUG] [handlers.poll_details:138] Fits check: user=1018880781, role=main -> True
2025-07-16 17:24:40,920 [DEBUG] [handlers.poll_details:51] Cached status for user 1018880781, game Петля времени: green
2025-07-16 17:24:40,922 [DEBUG] [handlers.poll_details:179] Greedy picked 1018880781 for role main (status=green)
2025-07-16 17:24:41,085 [DEBUG] [handlers.poll_details:189] Section 'Ведущие' messages sent: 1 entries, ready=True
2025-07-16 17:24:41,088 [DEBUG] [handlers.poll_details:193] Alternatives for role main: []
2025-07-16 17:24:41,089 [DEBUG] [handlers.poll_details:146] Rendering section 'Помощники' (need 1)
2025-07-16 17:24:41,247 [DEBUG] [handlers.poll_details:189] Section 'Помощники' messages sent: 0 entries, ready=False
2025-07-16 17:24:41,248 [DEBUG] [handlers.poll_details:193] Alternatives for role assist: []
2025-07-16 17:24:41,248 [DEBUG] [handlers.poll_details:146] Rendering section 'Админ' (need 0)
2025-07-16 17:24:41,397 [DEBUG] [handlers.poll_details:189] Section 'Админ' messages sent: 0 entries, ready=True
2025-07-16 17:24:41,397 [DEBUG] [handlers.poll_details:193] Alternatives for role admin: []
2025-07-16 17:24:41,398 [DEBUG] [handlers.poll_details:51] Cached status for user 1018880781, game Петля времени: green
2025-07-16 17:24:41,398 [DEBUG] [handlers.poll_details:215] Interns (red status): []
2025-07-16 17:24:41,578 [DEBUG] [handlers.poll_details:230] Detail blocks saved for uid=1018880781, deal_id=30115013
2025-07-16 17:24:41,709 [INFO] [aiogram.event:172] Update id=861001381 is handled. Duration 1858 ms by bot id=7637424219
2025-07-16 17:25:52,929 [DEBUG] [aiosqlite:104] executing <function connect.<locals>.connector at 0x000002D8EA583600>
2025-07-16 17:25:52,931 [DEBUG] [aiosqlite:106] operation <function connect.<locals>.connector at 0x000002D8EA583600> completed
2025-07-16 17:25:52,931 [DEBUG] [aiosqlite:104] executing functools.partial(<built-in method execute of sqlite3.Connection object at 0x000002D8EA633100>, 'SELECT first_name, last_name, role FROM users WHERE user_id = ?', (625280877,))
2025-07-16 17:25:52,933 [DEBUG] [aiosqlite:106] operation functools.partial(<built-in method execute of sqlite3.Connection object at 0x000002D8EA633100>, 'SELECT first_name, last_name, role FROM users WHERE user_id = ?', (625280877,)) completed
2025-07-16 17:25:52,934 [DEBUG] [aiosqlite:104] executing functools.partial(<built-in method fetchone of sqlite3.Cursor object at 0x000002D8ECF26040>)
2025-07-16 17:25:52,934 [DEBUG] [aiosqlite:106] operation functools.partial(<built-in method fetchone of sqlite3.Cursor object at 0x000002D8ECF26040>) completed
2025-07-16 17:25:52,937 [DEBUG] [aiosqlite:104] executing functools.partial(<built-in method close of sqlite3.Connection object at 0x000002D8EA633100>)
2025-07-16 17:25:52,938 [DEBUG] [aiosqlite:106] operation functools.partial(<built-in method close of sqlite3.Connection object at 0x000002D8EA633100>) completed
2025-07-16 17:25:52,946 [DEBUG] [aiosqlite:104] executing <function connect.<locals>.connector at 0x000002D8EA676980>
2025-07-16 17:25:52,947 [DEBUG] [aiosqlite:106] operation <function connect.<locals>.connector at 0x000002D8EA676980> completed
2025-07-16 17:25:52,949 [DEBUG] [aiosqlite:104] executing functools.partial(<built-in method execute of sqlite3.Connection object at 0x000002D8EA632F20>, 'SELECT first_name, last_name, role FROM users WHERE user_id = ?', (1018880781,))
2025-07-16 17:25:52,953 [DEBUG] [aiosqlite:106] operation functools.partial(<built-in method execute of sqlite3.Connection object at 0x000002D8EA632F20>, 'SELECT first_name, last_name, role FROM users WHERE user_id = ?', (1018880781,)) completed
2025-07-16 17:25:52,956 [DEBUG] [aiosqlite:104] executing functools.partial(<built-in method fetchone of sqlite3.Cursor object at 0x000002D8ECF259C0>)
2025-07-16 17:25:52,957 [DEBUG] [aiosqlite:106] operation functools.partial(<built-in method fetchone of sqlite3.Cursor object at 0x000002D8ECF259C0>) completed
2025-07-16 17:25:52,963 [DEBUG] [aiosqlite:104] executing functools.partial(<built-in method close of sqlite3.Connection object at 0x000002D8EA632F20>)
2025-07-16 17:25:52,967 [DEBUG] [aiosqlite:106] operation functools.partial(<built-in method close of sqlite3.Connection object at 0x000002D8EA632F20>) completed
2025-07-16 17:25:53,210 [INFO] [aiogram.event:172] Update id=861001382 is handled. Duration 281 ms by bot id=7637424219
2025-07-16 17:43:46,590 [DEBUG] [asyncio:631] Using proactor: IocpProactor
2025-07-16 17:43:47,248 [INFO] [apscheduler.scheduler:214] Scheduler started
2025-07-16 17:43:47,249 [INFO] [__main__:125] Bot starting… version MasterBot 12.92-refactor
2025-07-16 17:43:47,391 [INFO] [__main__:65] [startup] admin_chat_id загружен: -4738242986
2025-07-16 17:43:47,410 [DEBUG] [aiosqlite:104] executing <function connect.<locals>.connector at 0x0000016B28662480>
2025-07-16 17:43:47,411 [DEBUG] [apscheduler.scheduler:1151] Looking for jobs to run
2025-07-16 17:43:47,446 [DEBUG] [apscheduler.scheduler:1252] No jobs; waiting until a job is added
2025-07-16 17:43:47,534 [DEBUG] [aiosqlite:106] operation <function connect.<locals>.connector at 0x0000016B28662480> completed
2025-07-16 17:43:47,535 [DEBUG] [aiosqlite:104] executing functools.partial(<built-in method execute of sqlite3.Connection object at 0x0000016B28634E50>, '\nCREATE TABLE IF NOT EXISTS users (\n    user_id         INTEGER PRIMARY KEY,\n    first_name      TEXT,\n    last_name       TEXT,\n    role            TEXT,\n    scenario_access TEXT,\n    updated_at      TIMESTAMP DEFAULT CURRENT_TIMESTAMP\n);\n', [])
2025-07-16 17:43:47,635 [DEBUG] [aiosqlite:106] operation functools.partial(<built-in method execute of sqlite3.Connection object at 0x0000016B28634E50>, '\nCREATE TABLE IF NOT EXISTS users (\n    user_id         INTEGER PRIMARY KEY,\n    first_name      TEXT,\n    last_name       TEXT,\n    role            TEXT,\n    scenario_access TEXT,\n    updated_at      TIMESTAMP DEFAULT CURRENT_TIMESTAMP\n);\n', []) completed
2025-07-16 17:43:47,637 [DEBUG] [aiosqlite:104] executing functools.partial(<built-in method execute of sqlite3.Connection object at 0x0000016B28634E50>, "INSERT OR IGNORE INTO users(user_id, role) VALUES (?, 'руководитель')", (1018880781,))
2025-07-16 17:43:47,639 [DEBUG] [aiosqlite:106] operation functools.partial(<built-in method execute of sqlite3.Connection object at 0x0000016B28634E50>, "INSERT OR IGNORE INTO users(user_id, role) VALUES (?, 'руководитель')", (1018880781,)) completed
2025-07-16 17:43:47,643 [DEBUG] [aiosqlite:104] executing functools.partial(<built-in method commit of sqlite3.Connection object at 0x0000016B28634E50>)
2025-07-16 17:43:47,645 [DEBUG] [aiosqlite:106] operation functools.partial(<built-in method commit of sqlite3.Connection object at 0x0000016B28634E50>) completed
2025-07-16 17:43:47,646 [DEBUG] [aiosqlite:104] executing functools.partial(<built-in method close of sqlite3.Connection object at 0x0000016B28634E50>)
2025-07-16 17:43:47,647 [DEBUG] [aiosqlite:106] operation functools.partial(<built-in method close of sqlite3.Connection object at 0x0000016B28634E50>) completed
2025-07-16 17:43:47,651 [INFO] [__main__:73] [startup] Конфиг и БД инициализированы, Leader-ID 1018880781 гарантирован
2025-07-16 17:43:47,666 [INFO] [aiogram.dispatcher:566] Start polling
2025-07-16 17:43:48,371 [INFO] [aiogram.dispatcher:363] Run polling for bot @masbot12_bot id=7637424219 - 'masterbot12'
2025-07-16 17:44:05,355 [DEBUG] [aiosqlite:104] executing <function connect.<locals>.connector at 0x0000016B286639C0>
2025-07-16 17:44:05,356 [DEBUG] [aiosqlite:106] operation <function connect.<locals>.connector at 0x0000016B286639C0> completed
2025-07-16 17:44:05,356 [DEBUG] [aiosqlite:104] executing functools.partial(<built-in method execute of sqlite3.Connection object at 0x0000016B286353F0>, 'SELECT first_name, last_name, role FROM users WHERE user_id = ?', (1018880781,))
2025-07-16 17:44:05,452 [DEBUG] [aiosqlite:106] operation functools.partial(<built-in method execute of sqlite3.Connection object at 0x0000016B286353F0>, 'SELECT first_name, last_name, role FROM users WHERE user_id = ?', (1018880781,)) completed
2025-07-16 17:44:05,453 [DEBUG] [aiosqlite:104] executing functools.partial(<built-in method fetchone of sqlite3.Cursor object at 0x0000016B28657840>)
2025-07-16 17:44:05,453 [DEBUG] [aiosqlite:106] operation functools.partial(<built-in method fetchone of sqlite3.Cursor object at 0x0000016B28657840>) completed
2025-07-16 17:44:05,471 [DEBUG] [aiosqlite:104] executing functools.partial(<built-in method close of sqlite3.Connection object at 0x0000016B286353F0>)
2025-07-16 17:44:05,472 [DEBUG] [aiosqlite:106] operation functools.partial(<built-in method close of sqlite3.Connection object at 0x0000016B286353F0>) completed
2025-07-16 17:44:05,928 [INFO] [aiogram.event:172] Update id=861001384 is handled. Duration 783 ms by bot id=7637424219
2025-07-16 17:44:08,859 [DEBUG] [aiosqlite:104] executing <function connect.<locals>.connector at 0x0000016B286639C0>
2025-07-16 17:44:08,861 [DEBUG] [aiosqlite:106] operation <function connect.<locals>.connector at 0x0000016B286639C0> completed
2025-07-16 17:44:08,862 [DEBUG] [aiosqlite:104] executing functools.partial(<built-in method execute of sqlite3.Connection object at 0x0000016B28635210>, 'SELECT first_name, last_name, role FROM users WHERE user_id = ?', (1018880781,))
2025-07-16 17:44:08,863 [DEBUG] [aiosqlite:106] operation functools.partial(<built-in method execute of sqlite3.Connection object at 0x0000016B28635210>, 'SELECT first_name, last_name, role FROM users WHERE user_id = ?', (1018880781,)) completed
2025-07-16 17:44:08,864 [DEBUG] [aiosqlite:104] executing functools.partial(<built-in method fetchone of sqlite3.Cursor object at 0x0000016B2866CF40>)
2025-07-16 17:44:08,864 [DEBUG] [aiosqlite:106] operation functools.partial(<built-in method fetchone of sqlite3.Cursor object at 0x0000016B2866CF40>) completed
2025-07-16 17:44:08,865 [DEBUG] [aiosqlite:104] executing functools.partial(<built-in method close of sqlite3.Connection object at 0x0000016B28635210>)
2025-07-16 17:44:08,866 [DEBUG] [aiosqlite:106] operation functools.partial(<built-in method close of sqlite3.Connection object at 0x0000016B28635210>) completed
2025-07-16 17:44:13,092 [DEBUG] [aiosqlite:104] executing <function connect.<locals>.connector at 0x0000016B28663D80>
2025-07-16 17:44:13,095 [DEBUG] [aiosqlite:106] operation <function connect.<locals>.connector at 0x0000016B28663D80> completed
2025-07-16 17:44:13,096 [DEBUG] [aiosqlite:104] executing functools.partial(<built-in method execute of sqlite3.Connection object at 0x0000016B28635A80>, 'SELECT first_name, last_name, role FROM users WHERE user_id = ?', (1018880781,))
2025-07-16 17:44:13,098 [DEBUG] [aiosqlite:106] operation functools.partial(<built-in method execute of sqlite3.Connection object at 0x0000016B28635A80>, 'SELECT first_name, last_name, role FROM users WHERE user_id = ?', (1018880781,)) completed
2025-07-16 17:44:13,100 [DEBUG] [aiosqlite:104] executing functools.partial(<built-in method fetchone of sqlite3.Cursor object at 0x0000016B2866D840>)
2025-07-16 17:44:13,102 [DEBUG] [aiosqlite:106] operation functools.partial(<built-in method fetchone of sqlite3.Cursor object at 0x0000016B2866D840>) completed
2025-07-16 17:44:13,104 [DEBUG] [aiosqlite:104] executing functools.partial(<built-in method close of sqlite3.Connection object at 0x0000016B28635A80>)
2025-07-16 17:44:13,105 [DEBUG] [aiosqlite:106] operation functools.partial(<built-in method close of sqlite3.Connection object at 0x0000016B28635A80>) completed
2025-07-16 17:44:13,283 [INFO] [aiogram.event:172] Update id=861001385 is handled. Duration 4428 ms by bot id=7637424219
2025-07-16 17:44:26,196 [DEBUG] [aiosqlite:104] executing <function connect.<locals>.connector at 0x0000016B28663C40>
2025-07-16 17:44:26,197 [DEBUG] [aiosqlite:106] operation <function connect.<locals>.connector at 0x0000016B28663C40> completed
2025-07-16 17:44:26,198 [DEBUG] [aiosqlite:104] executing functools.partial(<built-in method execute of sqlite3.Connection object at 0x0000016B286355D0>, 'SELECT first_name, last_name, role FROM users WHERE user_id = ?', (1018880781,))
2025-07-16 17:44:26,199 [DEBUG] [aiosqlite:106] operation functools.partial(<built-in method execute of sqlite3.Connection object at 0x0000016B286355D0>, 'SELECT first_name, last_name, role FROM users WHERE user_id = ?', (1018880781,)) completed
2025-07-16 17:44:26,200 [DEBUG] [aiosqlite:104] executing functools.partial(<built-in method fetchone of sqlite3.Cursor object at 0x0000016B2866E1C0>)
2025-07-16 17:44:26,200 [DEBUG] [aiosqlite:106] operation functools.partial(<built-in method fetchone of sqlite3.Cursor object at 0x0000016B2866E1C0>) completed
2025-07-16 17:44:26,201 [DEBUG] [aiosqlite:104] executing functools.partial(<built-in method close of sqlite3.Connection object at 0x0000016B286355D0>)
2025-07-16 17:44:26,201 [DEBUG] [aiosqlite:106] operation functools.partial(<built-in method close of sqlite3.Connection object at 0x0000016B286355D0>) completed
2025-07-16 17:44:26,236 [DEBUG] [aiosqlite:104] executing <function connect.<locals>.connector at 0x0000016B28663F60>
2025-07-16 17:44:26,238 [DEBUG] [aiosqlite:106] operation <function connect.<locals>.connector at 0x0000016B28663F60> completed
2025-07-16 17:44:26,239 [DEBUG] [aiosqlite:104] executing functools.partial(<built-in method execute of sqlite3.Connection object at 0x0000016B28635300>, 'SELECT first_name, last_name, role FROM users WHERE user_id = ?', (1018880781,))
2025-07-16 17:44:26,240 [DEBUG] [aiosqlite:106] operation functools.partial(<built-in method execute of sqlite3.Connection object at 0x0000016B28635300>, 'SELECT first_name, last_name, role FROM users WHERE user_id = ?', (1018880781,)) completed
2025-07-16 17:44:26,241 [DEBUG] [aiosqlite:104] executing functools.partial(<built-in method fetchone of sqlite3.Cursor object at 0x0000016B2866E940>)
2025-07-16 17:44:26,241 [DEBUG] [aiosqlite:106] operation functools.partial(<built-in method fetchone of sqlite3.Cursor object at 0x0000016B2866E940>) completed
2025-07-16 17:44:26,242 [DEBUG] [aiosqlite:104] executing functools.partial(<built-in method close of sqlite3.Connection object at 0x0000016B28635300>)
2025-07-16 17:44:26,243 [DEBUG] [aiosqlite:106] operation functools.partial(<built-in method close of sqlite3.Connection object at 0x0000016B28635300>) completed
2025-07-16 17:44:26,267 [DEBUG] [urllib3.util.retry:286] Converted retries value: 3 -> Retry(total=3, connect=None, read=None, redirect=None, status=None)
2025-07-16 17:44:26,307 [DEBUG] [google.auth.transport.requests:185] Making request: POST https://oauth2.googleapis.com/token
2025-07-16 17:44:26,352 [DEBUG] [urllib3.connectionpool:1049] Starting new HTTPS connection (1): oauth2.googleapis.com:443
2025-07-16 17:44:37,828 [DEBUG] [urllib3.connectionpool:544] https://oauth2.googleapis.com:443 "POST /token HTTP/1.1" 200 None
2025-07-16 17:44:37,834 [DEBUG] [urllib3.connectionpool:1049] Starting new HTTPS connection (1): sheets.googleapis.com:443
2025-07-16 17:44:39,137 [DEBUG] [urllib3.connectionpool:544] https://sheets.googleapis.com:443 "GET /v4/spreadsheets/11wjq2kXi_FHqx1yzzQ8weqr5PngvJpOVu9VQo--hJMI?includeGridData=false HTTP/1.1" 200 None
2025-07-16 17:44:39,951 [DEBUG] [urllib3.connectionpool:544] https://sheets.googleapis.com:443 "GET /v4/spreadsheets/11wjq2kXi_FHqx1yzzQ8weqr5PngvJpOVu9VQo--hJMI?includeGridData=false HTTP/1.1" 200 None
2025-07-16 17:44:40,029 [INFO] [googleapiclient.discovery_cache:49] file_cache is only supported with oauth2client<4.0.0
2025-07-16 17:44:40,463 [DEBUG] [googleapiclient.discovery:1258] URL being requested: GET https://sheets.googleapis.com/v4/spreadsheets/11wjq2kXi_FHqx1yzzQ8weqr5PngvJpOVu9VQo--hJMI?includeGridData=true&alt=json
2025-07-16 17:44:41,714 [INFO] [handlers.poll_details:66] [poll_details] show_deal uid=1018880781 deal_id=29946795
2025-07-16 17:44:42,481 [WARNING] [handlers.poll_details:79] [poll_details] failed to delete message: Telegram server says - Bad Request: message to delete not found
2025-07-16 17:44:42,575 [INFO] [aiogram.event:172] Update id=861001386 is handled. Duration 16379 ms by bot id=7637424219
2025-07-16 17:44:42,648 [DEBUG] [handlers.poll_details:52] [svetofor] status uid=1018880781 game=Хранители Волшебства → green
2025-07-16 17:44:43,205 [DEBUG] [handlers.poll_details:52] [svetofor] status uid=1018880781 game=Хранители Волшебства → green
2025-07-16 17:44:43,473 [INFO] [aiogram.event:172] Update id=861001387 is handled. Duration 1763 ms by bot id=7637424219
2025-07-16 17:46:55,583 [DEBUG] [aiosqlite:104] executing <function connect.<locals>.connector at 0x0000016B28670400>
2025-07-16 17:46:55,619 [DEBUG] [aiosqlite:106] operation <function connect.<locals>.connector at 0x0000016B28670400> completed
2025-07-16 17:46:55,620 [DEBUG] [aiosqlite:104] executing functools.partial(<built-in method execute of sqlite3.Connection object at 0x0000016B28635990>, 'SELECT first_name, last_name, role FROM users WHERE user_id = ?', (625280877,))
2025-07-16 17:46:55,645 [DEBUG] [aiosqlite:106] operation functools.partial(<built-in method execute of sqlite3.Connection object at 0x0000016B28635990>, 'SELECT first_name, last_name, role FROM users WHERE user_id = ?', (625280877,)) completed
2025-07-16 17:46:55,646 [DEBUG] [aiosqlite:104] executing functools.partial(<built-in method fetchone of sqlite3.Cursor object at 0x0000016B2C98DFC0>)
2025-07-16 17:46:55,646 [DEBUG] [aiosqlite:106] operation functools.partial(<built-in method fetchone of sqlite3.Cursor object at 0x0000016B2C98DFC0>) completed
2025-07-16 17:46:55,647 [DEBUG] [aiosqlite:104] executing functools.partial(<built-in method close of sqlite3.Connection object at 0x0000016B28635990>)
2025-07-16 17:46:55,648 [DEBUG] [aiosqlite:106] operation functools.partial(<built-in method close of sqlite3.Connection object at 0x0000016B28635990>) completed
2025-07-16 17:46:55,649 [DEBUG] [aiosqlite:104] executing <function connect.<locals>.connector at 0x0000016B286639C0>
2025-07-16 17:46:55,650 [DEBUG] [aiosqlite:106] operation <function connect.<locals>.connector at 0x0000016B286639C0> completed
2025-07-16 17:46:55,651 [DEBUG] [aiosqlite:104] executing functools.partial(<built-in method execute of sqlite3.Connection object at 0x0000016B28635120>, 'SELECT first_name, last_name, role FROM users WHERE user_id = ?', (1018880781,))
2025-07-16 17:46:55,652 [DEBUG] [aiosqlite:106] operation functools.partial(<built-in method execute of sqlite3.Connection object at 0x0000016B28635120>, 'SELECT first_name, last_name, role FROM users WHERE user_id = ?', (1018880781,)) completed
2025-07-16 17:46:55,653 [DEBUG] [aiosqlite:104] executing functools.partial(<built-in method fetchone of sqlite3.Cursor object at 0x0000016B2C98DF40>)
2025-07-16 17:46:55,653 [DEBUG] [aiosqlite:106] operation functools.partial(<built-in method fetchone of sqlite3.Cursor object at 0x0000016B2C98DF40>) completed
2025-07-16 17:46:55,654 [DEBUG] [aiosqlite:104] executing functools.partial(<built-in method close of sqlite3.Connection object at 0x0000016B28635120>)
2025-07-16 17:46:55,654 [DEBUG] [aiosqlite:106] operation functools.partial(<built-in method close of sqlite3.Connection object at 0x0000016B28635120>) completed
2025-07-16 17:46:55,737 [INFO] [aiogram.event:172] Update id=861001388 is handled. Duration 154 ms by bot id=7637424219
2025-07-16 17:51:43,237 [INFO] [handlers.poll_details:66] [poll_details] show_deal uid=1018880781 deal_id=30120985
2025-07-16 17:51:44,501 [WARNING] [handlers.poll_details:79] [poll_details] failed to delete message: Telegram server says - Bad Request: message to delete not found
2025-07-16 17:51:44,637 [DEBUG] [handlers.poll_details:52] [svetofor] status uid=1018880781 game=Коллекционер игр → green
2025-07-16 17:51:44,795 [DEBUG] [handlers.poll_details:52] [svetofor] status uid=625280877 game=Коллекционер игр → green
2025-07-16 17:51:44,930 [DEBUG] [handlers.poll_details:52] [svetofor] status uid=625280877 game=Коллекционер игр → green
2025-07-16 17:51:45,196 [DEBUG] [handlers.poll_details:52] [svetofor] status uid=1018880781 game=Коллекционер игр → green
2025-07-16 17:51:45,196 [DEBUG] [handlers.poll_details:52] [svetofor] status uid=625280877 game=Коллекционер игр → green
2025-07-16 17:51:45,442 [INFO] [aiogram.event:172] Update id=861001389 is handled. Duration 2214 ms by bot id=7637424219
2025-07-16 17:51:55,326 [INFO] [aiogram.event:172] Update id=861001390 is handled. Duration 1372 ms by bot id=7637424219
2025-07-16 17:52:10,509 [DEBUG] [aiosqlite:104] executing <function connect.<locals>.connector at 0x0000016B28673100>
2025-07-16 17:52:10,526 [DEBUG] [aiosqlite:106] operation <function connect.<locals>.connector at 0x0000016B28673100> completed
2025-07-16 17:52:10,528 [DEBUG] [aiosqlite:104] executing functools.partial(<built-in method execute of sqlite3.Connection object at 0x0000016B28635C60>, 'SELECT first_name, last_name, role FROM users WHERE user_id = ?', (1018880781,))
2025-07-16 17:52:10,531 [DEBUG] [aiosqlite:106] operation functools.partial(<built-in method execute of sqlite3.Connection object at 0x0000016B28635C60>, 'SELECT first_name, last_name, role FROM users WHERE user_id = ?', (1018880781,)) completed
2025-07-16 17:52:10,532 [DEBUG] [aiosqlite:104] executing functools.partial(<built-in method fetchone of sqlite3.Cursor object at 0x0000016B2C98F540>)
2025-07-16 17:52:10,536 [DEBUG] [aiosqlite:106] operation functools.partial(<built-in method fetchone of sqlite3.Cursor object at 0x0000016B2C98F540>) completed
2025-07-16 17:52:10,540 [DEBUG] [aiosqlite:104] executing functools.partial(<built-in method close of sqlite3.Connection object at 0x0000016B28635C60>)
2025-07-16 17:52:10,544 [DEBUG] [aiosqlite:106] operation functools.partial(<built-in method close of sqlite3.Connection object at 0x0000016B28635C60>) completed
2025-07-16 17:52:10,546 [DEBUG] [aiosqlite:104] executing <function connect.<locals>.connector at 0x0000016B286637E0>
2025-07-16 17:52:10,547 [DEBUG] [aiosqlite:106] operation <function connect.<locals>.connector at 0x0000016B286637E0> completed
2025-07-16 17:52:10,548 [DEBUG] [aiosqlite:104] executing functools.partial(<built-in method execute of sqlite3.Connection object at 0x0000016B28635120>, 'SELECT first_name, last_name, role FROM users WHERE user_id = ?', (1018880781,))
2025-07-16 17:52:10,549 [DEBUG] [aiosqlite:106] operation functools.partial(<built-in method execute of sqlite3.Connection object at 0x0000016B28635120>, 'SELECT first_name, last_name, role FROM users WHERE user_id = ?', (1018880781,)) completed
2025-07-16 17:52:10,552 [DEBUG] [aiosqlite:104] executing functools.partial(<built-in method fetchone of sqlite3.Cursor object at 0x0000016B2C98F4C0>)
2025-07-16 17:52:10,554 [DEBUG] [aiosqlite:106] operation functools.partial(<built-in method fetchone of sqlite3.Cursor object at 0x0000016B2C98F4C0>) completed
2025-07-16 17:52:10,562 [DEBUG] [aiosqlite:104] executing functools.partial(<built-in method close of sqlite3.Connection object at 0x0000016B28635120>)
2025-07-16 17:52:10,564 [DEBUG] [aiosqlite:106] operation functools.partial(<built-in method close of sqlite3.Connection object at 0x0000016B28635120>) completed
2025-07-16 17:52:10,674 [DEBUG] [aiosqlite:104] executing <function connect.<locals>.connector at 0x0000016B286637E0>
2025-07-16 17:52:10,675 [DEBUG] [aiosqlite:106] operation <function connect.<locals>.connector at 0x0000016B286637E0> completed
2025-07-16 17:52:10,676 [DEBUG] [aiosqlite:104] executing functools.partial(<built-in method execute of sqlite3.Connection object at 0x0000016B28637E20>, 'SELECT first_name, last_name, role FROM users WHERE user_id = ?', (1018880781,))
2025-07-16 17:52:10,678 [DEBUG] [aiosqlite:106] operation functools.partial(<built-in method execute of sqlite3.Connection object at 0x0000016B28637E20>, 'SELECT first_name, last_name, role FROM users WHERE user_id = ?', (1018880781,)) completed
2025-07-16 17:52:10,679 [DEBUG] [aiosqlite:104] executing functools.partial(<built-in method fetchone of sqlite3.Cursor object at 0x0000016B2C98E340>)
2025-07-16 17:52:10,686 [DEBUG] [aiosqlite:106] operation functools.partial(<built-in method fetchone of sqlite3.Cursor object at 0x0000016B2C98E340>) completed
2025-07-16 17:52:10,689 [DEBUG] [aiosqlite:104] executing functools.partial(<built-in method close of sqlite3.Connection object at 0x0000016B28637E20>)
2025-07-16 17:52:10,690 [DEBUG] [aiosqlite:106] operation functools.partial(<built-in method close of sqlite3.Connection object at 0x0000016B28637E20>) completed
2025-07-16 17:52:11,213 [INFO] [aiogram.event:172] Update id=861001391 is handled. Duration 710 ms by bot id=7637424219
2025-07-16 17:52:14,955 [INFO] [handlers.poll_details:66] [poll_details] show_deal uid=1018880781 deal_id=30119819
2025-07-16 17:52:15,203 [WARNING] [handlers.poll_details:79] [poll_details] failed to delete message: Telegram server says - Bad Request: message to delete not found
2025-07-16 17:52:15,300 [DEBUG] [handlers.poll_details:52] [svetofor] status uid=1018880781 game=Петля времени → green
2025-07-16 17:52:15,390 [DEBUG] [handlers.poll_details:52] [svetofor] status uid=625280877 game=Петля времени → green
2025-07-16 17:52:15,473 [DEBUG] [handlers.poll_details:52] [svetofor] status uid=625280877 game=Петля времени → green
2025-07-16 17:52:15,642 [DEBUG] [handlers.poll_details:52] [svetofor] status uid=1018880781 game=Петля времени → green
2025-07-16 17:52:15,643 [DEBUG] [handlers.poll_details:52] [svetofor] status uid=625280877 game=Петля времени → green
2025-07-16 17:52:15,794 [INFO] [aiogram.event:172] Update id=861001392 is handled. Duration 841 ms by bot id=7637424219
2025-07-16 17:52:23,723 [INFO] [aiogram.event:172] Update id=861001393 is handled. Duration 850 ms by bot id=7637424219
2025-07-16 17:52:25,195 [DEBUG] [aiosqlite:104] executing <function connect.<locals>.connector at 0x0000016B28673420>
2025-07-16 17:52:25,197 [DEBUG] [aiosqlite:106] operation <function connect.<locals>.connector at 0x0000016B28673420> completed
2025-07-16 17:52:25,198 [DEBUG] [aiosqlite:104] executing functools.partial(<built-in method execute of sqlite3.Connection object at 0x0000016B28637970>, 'SELECT first_name, last_name, role FROM users WHERE user_id = ?', (1018880781,))
2025-07-16 17:52:25,199 [DEBUG] [aiosqlite:106] operation functools.partial(<built-in method execute of sqlite3.Connection object at 0x0000016B28637970>, 'SELECT first_name, last_name, role FROM users WHERE user_id = ?', (1018880781,)) completed
2025-07-16 17:52:25,200 [DEBUG] [aiosqlite:104] executing functools.partial(<built-in method fetchone of sqlite3.Cursor object at 0x0000016B2C98D740>)
2025-07-16 17:52:25,200 [DEBUG] [aiosqlite:106] operation functools.partial(<built-in method fetchone of sqlite3.Cursor object at 0x0000016B2C98D740>) completed
2025-07-16 17:52:25,202 [DEBUG] [aiosqlite:104] executing functools.partial(<built-in method close of sqlite3.Connection object at 0x0000016B28637970>)
2025-07-16 17:52:25,203 [DEBUG] [aiosqlite:106] operation functools.partial(<built-in method close of sqlite3.Connection object at 0x0000016B28637970>) completed
2025-07-16 17:52:25,206 [DEBUG] [aiosqlite:104] executing <function connect.<locals>.connector at 0x0000016B28672FC0>
2025-07-16 17:52:25,210 [DEBUG] [aiosqlite:106] operation <function connect.<locals>.connector at 0x0000016B28672FC0> completed
2025-07-16 17:52:25,211 [DEBUG] [aiosqlite:104] executing functools.partial(<built-in method execute of sqlite3.Connection object at 0x0000016B28635990>, 'SELECT first_name, last_name, role FROM users WHERE user_id = ?', (1018880781,))
2025-07-16 17:52:25,213 [DEBUG] [aiosqlite:106] operation functools.partial(<built-in method execute of sqlite3.Connection object at 0x0000016B28635990>, 'SELECT first_name, last_name, role FROM users WHERE user_id = ?', (1018880781,)) completed
2025-07-16 17:52:25,220 [DEBUG] [aiosqlite:104] executing functools.partial(<built-in method fetchone of sqlite3.Cursor object at 0x0000016B2B0A3A40>)
2025-07-16 17:52:25,221 [DEBUG] [aiosqlite:106] operation functools.partial(<built-in method fetchone of sqlite3.Cursor object at 0x0000016B2B0A3A40>) completed
2025-07-16 17:52:25,223 [DEBUG] [aiosqlite:104] executing functools.partial(<built-in method close of sqlite3.Connection object at 0x0000016B28635990>)
2025-07-16 17:52:25,232 [DEBUG] [aiosqlite:106] operation functools.partial(<built-in method close of sqlite3.Connection object at 0x0000016B28635990>) completed
2025-07-16 17:52:25,350 [DEBUG] [aiosqlite:104] executing <function connect.<locals>.connector at 0x0000016B28663D80>
2025-07-16 17:52:25,352 [DEBUG] [aiosqlite:106] operation <function connect.<locals>.connector at 0x0000016B28663D80> completed
2025-07-16 17:52:25,352 [DEBUG] [aiosqlite:104] executing functools.partial(<built-in method execute of sqlite3.Connection object at 0x0000016B28635030>, 'SELECT first_name, last_name, role FROM users WHERE user_id = ?', (1018880781,))
2025-07-16 17:52:25,353 [DEBUG] [aiosqlite:106] operation functools.partial(<built-in method execute of sqlite3.Connection object at 0x0000016B28635030>, 'SELECT first_name, last_name, role FROM users WHERE user_id = ?', (1018880781,)) completed
2025-07-16 17:52:25,354 [DEBUG] [aiosqlite:104] executing functools.partial(<built-in method fetchone of sqlite3.Cursor object at 0x0000016B286CB1C0>)
2025-07-16 17:52:25,354 [DEBUG] [aiosqlite:106] operation functools.partial(<built-in method fetchone of sqlite3.Cursor object at 0x0000016B286CB1C0>) completed
2025-07-16 17:52:25,355 [DEBUG] [aiosqlite:104] executing functools.partial(<built-in method close of sqlite3.Connection object at 0x0000016B28635030>)
2025-07-16 17:52:25,355 [DEBUG] [aiosqlite:106] operation functools.partial(<built-in method close of sqlite3.Connection object at 0x0000016B28635030>) completed
2025-07-16 17:52:25,625 [INFO] [aiogram.event:172] Update id=861001394 is handled. Duration 433 ms by bot id=7637424219
2025-07-16 17:52:30,955 [INFO] [handlers.poll_details:66] [poll_details] show_deal uid=1018880781 deal_id=29946801
2025-07-16 17:52:31,224 [WARNING] [handlers.poll_details:79] [poll_details] failed to delete message: Telegram server says - Bad Request: message to delete not found
2025-07-16 17:52:31,307 [DEBUG] [handlers.poll_details:52] [svetofor] status uid=1018880781 game=Петля времени → green
2025-07-16 17:52:31,590 [DEBUG] [handlers.poll_details:52] [svetofor] status uid=1018880781 game=Петля времени → green
2025-07-16 17:52:31,739 [INFO] [aiogram.event:172] Update id=861001395 is handled. Duration 785 ms by bot id=7637424219
2025-07-16 17:52:47,492 [DEBUG] [aiosqlite:104] executing <function connect.<locals>.connector at 0x0000016B286732E0>
2025-07-16 17:52:47,496 [DEBUG] [aiosqlite:106] operation <function connect.<locals>.connector at 0x0000016B286732E0> completed
2025-07-16 17:52:47,497 [DEBUG] [aiosqlite:104] executing functools.partial(<built-in method execute of sqlite3.Connection object at 0x0000016B28637E20>, 'SELECT first_name, last_name, role FROM users WHERE user_id = ?', (1018880781,))
2025-07-16 17:52:47,498 [DEBUG] [aiosqlite:106] operation functools.partial(<built-in method execute of sqlite3.Connection object at 0x0000016B28637E20>, 'SELECT first_name, last_name, role FROM users WHERE user_id = ?', (1018880781,)) completed
2025-07-16 17:52:47,499 [DEBUG] [aiosqlite:104] executing functools.partial(<built-in method fetchone of sqlite3.Cursor object at 0x0000016B2C98D3C0>)
2025-07-16 17:52:47,499 [DEBUG] [aiosqlite:106] operation functools.partial(<built-in method fetchone of sqlite3.Cursor object at 0x0000016B2C98D3C0>) completed
2025-07-16 17:52:47,500 [DEBUG] [aiosqlite:104] executing functools.partial(<built-in method close of sqlite3.Connection object at 0x0000016B28637E20>)
2025-07-16 17:52:47,502 [DEBUG] [aiosqlite:106] operation functools.partial(<built-in method close of sqlite3.Connection object at 0x0000016B28637E20>) completed
2025-07-16 17:52:48,733 [DEBUG] [aiosqlite:104] executing <function connect.<locals>.connector at 0x0000016B286732E0>
2025-07-16 17:52:48,760 [DEBUG] [aiosqlite:106] operation <function connect.<locals>.connector at 0x0000016B286732E0> completed
2025-07-16 17:52:48,762 [DEBUG] [aiosqlite:104] executing functools.partial(<built-in method execute of sqlite3.Connection object at 0x0000016B286354E0>, 'SELECT first_name, last_name, role FROM users WHERE user_id = ?', (1018880781,))
2025-07-16 17:52:48,766 [DEBUG] [aiosqlite:106] operation functools.partial(<built-in method execute of sqlite3.Connection object at 0x0000016B286354E0>, 'SELECT first_name, last_name, role FROM users WHERE user_id = ?', (1018880781,)) completed
2025-07-16 17:52:48,768 [DEBUG] [aiosqlite:104] executing functools.partial(<built-in method fetchone of sqlite3.Cursor object at 0x0000016B285B62C0>)
2025-07-16 17:52:48,769 [DEBUG] [aiosqlite:106] operation functools.partial(<built-in method fetchone of sqlite3.Cursor object at 0x0000016B285B62C0>) completed
2025-07-16 17:52:48,770 [DEBUG] [aiosqlite:104] executing functools.partial(<built-in method close of sqlite3.Connection object at 0x0000016B286354E0>)
2025-07-16 17:52:48,771 [DEBUG] [aiosqlite:106] operation functools.partial(<built-in method close of sqlite3.Connection object at 0x0000016B286354E0>) completed
2025-07-16 17:52:49,042 [DEBUG] [aiosqlite:104] executing <function connect.<locals>.connector at 0x0000016B28672CA0>
2025-07-16 17:52:49,045 [DEBUG] [aiosqlite:106] operation <function connect.<locals>.connector at 0x0000016B28672CA0> completed
2025-07-16 17:52:49,046 [DEBUG] [aiosqlite:104] executing functools.partial(<built-in method execute of sqlite3.Connection object at 0x0000016B28637E20>, 'SELECT first_name, last_name, role FROM users WHERE user_id = ?', (1018880781,))
2025-07-16 17:52:49,050 [DEBUG] [aiosqlite:106] operation functools.partial(<built-in method execute of sqlite3.Connection object at 0x0000016B28637E20>, 'SELECT first_name, last_name, role FROM users WHERE user_id = ?', (1018880781,)) completed
2025-07-16 17:52:49,054 [DEBUG] [aiosqlite:104] executing functools.partial(<built-in method fetchone of sqlite3.Cursor object at 0x0000016B2866F840>)
2025-07-16 17:52:49,056 [DEBUG] [aiosqlite:106] operation functools.partial(<built-in method fetchone of sqlite3.Cursor object at 0x0000016B2866F840>) completed
2025-07-16 17:52:49,058 [DEBUG] [aiosqlite:104] executing functools.partial(<built-in method close of sqlite3.Connection object at 0x0000016B28637E20>)
2025-07-16 17:52:49,062 [DEBUG] [aiosqlite:106] operation functools.partial(<built-in method close of sqlite3.Connection object at 0x0000016B28637E20>) completed
2025-07-16 17:52:49,288 [INFO] [aiogram.event:172] Update id=861001396 is handled. Duration 1800 ms by bot id=7637424219
2025-07-16 17:53:24,653 [INFO] [handlers.poll_details:66] [poll_details] show_deal uid=1018880781 deal_id=29946817
2025-07-16 17:53:24,986 [WARNING] [handlers.poll_details:79] [poll_details] failed to delete message: Telegram server says - Bad Request: message to delete not found
2025-07-16 17:53:25,137 [DEBUG] [handlers.poll_details:52] [svetofor] status uid=1018880781 game=Кланы Нью-Йорка → green
2025-07-16 17:53:25,385 [DEBUG] [handlers.poll_details:52] [svetofor] status uid=625280877 game=Кланы Нью-Йорка → green
2025-07-16 17:53:25,560 [DEBUG] [handlers.poll_details:52] [svetofor] status uid=625280877 game=Кланы Нью-Йорка → green
2025-07-16 17:53:25,869 [DEBUG] [handlers.poll_details:52] [svetofor] status uid=1018880781 game=Кланы Нью-Йорка → green
2025-07-16 17:53:25,869 [DEBUG] [handlers.poll_details:52] [svetofor] status uid=625280877 game=Кланы Нью-Йорка → green
2025-07-16 17:53:26,085 [INFO] [aiogram.event:172] Update id=861001397 is handled. Duration 1436 ms by bot id=7637424219
2025-07-16 17:53:37,496 [INFO] [aiogram.event:172] Update id=861001398 is handled. Duration 876 ms by bot id=7637424219
2025-07-16 17:53:38,537 [DEBUG] [aiosqlite:104] executing <function connect.<locals>.connector at 0x0000016B286732E0>
2025-07-16 17:53:38,538 [DEBUG] [aiosqlite:106] operation <function connect.<locals>.connector at 0x0000016B286732E0> completed
2025-07-16 17:53:38,538 [DEBUG] [aiosqlite:104] executing functools.partial(<built-in method execute of sqlite3.Connection object at 0x0000016B28637E20>, 'SELECT first_name, last_name, role FROM users WHERE user_id = ?', (1018880781,))
2025-07-16 17:53:38,539 [DEBUG] [aiosqlite:106] operation functools.partial(<built-in method execute of sqlite3.Connection object at 0x0000016B28637E20>, 'SELECT first_name, last_name, role FROM users WHERE user_id = ?', (1018880781,)) completed
2025-07-16 17:53:38,540 [DEBUG] [aiosqlite:104] executing functools.partial(<built-in method fetchone of sqlite3.Cursor object at 0x0000016B2C98F1C0>)
2025-07-16 17:53:38,541 [DEBUG] [aiosqlite:106] operation functools.partial(<built-in method fetchone of sqlite3.Cursor object at 0x0000016B2C98F1C0>) completed
2025-07-16 17:53:38,542 [DEBUG] [aiosqlite:104] executing functools.partial(<built-in method close of sqlite3.Connection object at 0x0000016B28637E20>)
2025-07-16 17:53:38,545 [DEBUG] [aiosqlite:106] operation functools.partial(<built-in method close of sqlite3.Connection object at 0x0000016B28637E20>) completed
2025-07-16 17:53:38,546 [DEBUG] [aiosqlite:104] executing <function connect.<locals>.connector at 0x0000016B286637E0>
2025-07-16 17:53:38,547 [DEBUG] [aiosqlite:106] operation <function connect.<locals>.connector at 0x0000016B286637E0> completed
2025-07-16 17:53:38,547 [DEBUG] [aiosqlite:104] executing functools.partial(<built-in method execute of sqlite3.Connection object at 0x0000016B28637F10>, 'SELECT first_name, last_name, role FROM users WHERE user_id = ?', (1018880781,))
2025-07-16 17:53:38,548 [DEBUG] [aiosqlite:106] operation functools.partial(<built-in method execute of sqlite3.Connection object at 0x0000016B28637F10>, 'SELECT first_name, last_name, role FROM users WHERE user_id = ?', (1018880781,)) completed
2025-07-16 17:53:38,548 [DEBUG] [aiosqlite:104] executing functools.partial(<built-in method fetchone of sqlite3.Cursor object at 0x0000016B2C98F9C0>)
2025-07-16 17:53:38,549 [DEBUG] [aiosqlite:106] operation functools.partial(<built-in method fetchone of sqlite3.Cursor object at 0x0000016B2C98F9C0>) completed
2025-07-16 17:53:38,549 [DEBUG] [aiosqlite:104] executing functools.partial(<built-in method close of sqlite3.Connection object at 0x0000016B28637F10>)
2025-07-16 17:53:38,550 [DEBUG] [aiosqlite:106] operation functools.partial(<built-in method close of sqlite3.Connection object at 0x0000016B28637F10>) completed
2025-07-16 17:53:38,665 [DEBUG] [aiosqlite:104] executing <function connect.<locals>.connector at 0x0000016B286637E0>
2025-07-16 17:53:38,667 [DEBUG] [aiosqlite:106] operation <function connect.<locals>.connector at 0x0000016B286637E0> completed
2025-07-16 17:53:38,667 [DEBUG] [aiosqlite:104] executing functools.partial(<built-in method execute of sqlite3.Connection object at 0x0000016B28637C40>, 'SELECT first_name, last_name, role FROM users WHERE user_id = ?', (1018880781,))
2025-07-16 17:53:38,668 [DEBUG] [aiosqlite:106] operation functools.partial(<built-in method execute of sqlite3.Connection object at 0x0000016B28637C40>, 'SELECT first_name, last_name, role FROM users WHERE user_id = ?', (1018880781,)) completed
2025-07-16 17:53:38,669 [DEBUG] [aiosqlite:104] executing functools.partial(<built-in method fetchone of sqlite3.Cursor object at 0x0000016B2C98F1C0>)
2025-07-16 17:53:38,670 [DEBUG] [aiosqlite:106] operation functools.partial(<built-in method fetchone of sqlite3.Cursor object at 0x0000016B2C98F1C0>) completed
2025-07-16 17:53:38,671 [DEBUG] [aiosqlite:104] executing functools.partial(<built-in method close of sqlite3.Connection object at 0x0000016B28637C40>)
2025-07-16 17:53:38,672 [DEBUG] [aiosqlite:106] operation functools.partial(<built-in method close of sqlite3.Connection object at 0x0000016B28637C40>) completed
2025-07-16 17:53:39,121 [INFO] [aiogram.event:172] Update id=861001399 is handled. Duration 585 ms by bot id=7637424219
2025-07-16 17:53:40,850 [INFO] [handlers.poll_details:66] [poll_details] show_deal uid=1018880781 deal_id=29946809
2025-07-16 17:53:41,096 [WARNING] [handlers.poll_details:79] [poll_details] failed to delete message: Telegram server says - Bad Request: message to delete not found
2025-07-16 17:53:41,177 [DEBUG] [handlers.poll_details:52] [svetofor] status uid=1018880781 game=Время приключений → green
2025-07-16 17:53:41,261 [DEBUG] [handlers.poll_details:52] [svetofor] status uid=625280877 game=Время приключений → green
2025-07-16 17:53:41,347 [DEBUG] [handlers.poll_details:52] [svetofor] status uid=625280877 game=Время приключений → green
2025-07-16 17:53:41,640 [DEBUG] [handlers.poll_details:52] [svetofor] status uid=1018880781 game=Время приключений → green
2025-07-16 17:53:41,642 [DEBUG] [handlers.poll_details:52] [svetofor] status uid=625280877 game=Время приключений → green
2025-07-16 17:53:41,791 [INFO] [aiogram.event:172] Update id=861001400 is handled. Duration 946 ms by bot id=7637424219
2025-07-16 17:53:49,591 [DEBUG] [aiosqlite:104] executing <function connect.<locals>.connector at 0x0000016B28672FC0>
2025-07-16 17:53:49,598 [DEBUG] [aiosqlite:106] operation <function connect.<locals>.connector at 0x0000016B28672FC0> completed
2025-07-16 17:53:49,601 [DEBUG] [aiosqlite:104] executing functools.partial(<built-in method execute of sqlite3.Connection object at 0x0000016B28635210>, 'SELECT first_name, last_name, role FROM users WHERE user_id = ?', (1018880781,))
2025-07-16 17:53:49,605 [DEBUG] [aiosqlite:106] operation functools.partial(<built-in method execute of sqlite3.Connection object at 0x0000016B28635210>, 'SELECT first_name, last_name, role FROM users WHERE user_id = ?', (1018880781,)) completed
2025-07-16 17:53:49,613 [DEBUG] [aiosqlite:104] executing functools.partial(<built-in method fetchone of sqlite3.Cursor object at 0x0000016B2C997AC0>)
2025-07-16 17:53:49,619 [DEBUG] [aiosqlite:106] operation functools.partial(<built-in method fetchone of sqlite3.Cursor object at 0x0000016B2C997AC0>) completed
2025-07-16 17:53:49,622 [DEBUG] [aiosqlite:104] executing functools.partial(<built-in method close of sqlite3.Connection object at 0x0000016B28635210>)
2025-07-16 17:53:49,623 [DEBUG] [aiosqlite:106] operation functools.partial(<built-in method close of sqlite3.Connection object at 0x0000016B28635210>) completed
2025-07-16 17:53:50,463 [DEBUG] [aiosqlite:104] executing <function connect.<locals>.connector at 0x0000016B204B9B20>
2025-07-16 17:53:50,465 [DEBUG] [aiosqlite:106] operation <function connect.<locals>.connector at 0x0000016B204B9B20> completed
2025-07-16 17:53:50,467 [DEBUG] [aiosqlite:104] executing functools.partial(<built-in method execute of sqlite3.Connection object at 0x0000016B28634F40>, 'SELECT first_name, last_name, role FROM users WHERE user_id = ?', (1018880781,))
2025-07-16 17:53:50,469 [DEBUG] [aiosqlite:106] operation functools.partial(<built-in method execute of sqlite3.Connection object at 0x0000016B28634F40>, 'SELECT first_name, last_name, role FROM users WHERE user_id = ?', (1018880781,)) completed
2025-07-16 17:53:50,471 [DEBUG] [aiosqlite:104] executing functools.partial(<built-in method fetchone of sqlite3.Cursor object at 0x0000016B2873FD40>)
2025-07-16 17:53:50,473 [DEBUG] [aiosqlite:106] operation functools.partial(<built-in method fetchone of sqlite3.Cursor object at 0x0000016B2873FD40>) completed
2025-07-16 17:53:50,474 [DEBUG] [aiosqlite:104] executing functools.partial(<built-in method close of sqlite3.Connection object at 0x0000016B28634F40>)
2025-07-16 17:53:50,475 [DEBUG] [aiosqlite:106] operation functools.partial(<built-in method close of sqlite3.Connection object at 0x0000016B28634F40>) completed
2025-07-16 17:53:50,576 [DEBUG] [aiosqlite:104] executing <function connect.<locals>.connector at 0x0000016B28662700>
2025-07-16 17:53:50,579 [DEBUG] [aiosqlite:106] operation <function connect.<locals>.connector at 0x0000016B28662700> completed
2025-07-16 17:53:50,580 [DEBUG] [aiosqlite:104] executing functools.partial(<built-in method execute of sqlite3.Connection object at 0x0000016B28637F10>, 'SELECT first_name, last_name, role FROM users WHERE user_id = ?', (1018880781,))
2025-07-16 17:53:50,583 [DEBUG] [aiosqlite:106] operation functools.partial(<built-in method execute of sqlite3.Connection object at 0x0000016B28637F10>, 'SELECT first_name, last_name, role FROM users WHERE user_id = ?', (1018880781,)) completed
2025-07-16 17:53:50,587 [DEBUG] [aiosqlite:104] executing functools.partial(<built-in method fetchone of sqlite3.Cursor object at 0x0000016B2C9978C0>)
2025-07-16 17:53:50,590 [DEBUG] [aiosqlite:106] operation functools.partial(<built-in method fetchone of sqlite3.Cursor object at 0x0000016B2C9978C0>) completed
2025-07-16 17:53:50,592 [DEBUG] [aiosqlite:104] executing functools.partial(<built-in method close of sqlite3.Connection object at 0x0000016B28637F10>)
2025-07-16 17:53:50,593 [DEBUG] [aiosqlite:106] operation functools.partial(<built-in method close of sqlite3.Connection object at 0x0000016B28637F10>) completed
2025-07-16 17:53:50,942 [INFO] [aiogram.event:172] Update id=861001401 is handled. Duration 1354 ms by bot id=7637424219
2025-07-16 17:53:53,709 [INFO] [handlers.poll_details:66] [poll_details] show_deal uid=1018880781 deal_id=29946795
2025-07-16 17:53:53,954 [WARNING] [handlers.poll_details:79] [poll_details] failed to delete message: Telegram server says - Bad Request: message to delete not found
2025-07-16 17:53:54,038 [DEBUG] [handlers.poll_details:52] [svetofor] status uid=1018880781 game=Хранители Волшебства → green
2025-07-16 17:53:54,339 [DEBUG] [handlers.poll_details:52] [svetofor] status uid=1018880781 game=Хранители Волшебства → green
2025-07-16 17:53:54,502 [INFO] [aiogram.event:172] Update id=861001402 is handled. Duration 796 ms by bot id=7637424219
2025-07-16 18:03:06,206 [DEBUG] [asyncio:631] Using proactor: IocpProactor
2025-07-16 18:03:07,781 [INFO] [apscheduler.scheduler:214] Scheduler started
2025-07-16 18:03:07,782 [INFO] [__main__:125] Bot starting… version MasterBot 12.92-refactor
2025-07-16 18:03:08,049 [INFO] [__main__:65] [startup] admin_chat_id загружен: -4738242986
2025-07-16 18:03:08,079 [DEBUG] [aiosqlite:104] executing <function connect.<locals>.connector at 0x0000021C00D7E200>
2025-07-16 18:03:08,127 [DEBUG] [apscheduler.scheduler:1151] Looking for jobs to run
2025-07-16 18:03:08,148 [DEBUG] [apscheduler.scheduler:1252] No jobs; waiting until a job is added
2025-07-16 18:03:08,278 [DEBUG] [aiosqlite:106] operation <function connect.<locals>.connector at 0x0000021C00D7E200> completed
2025-07-16 18:03:08,279 [DEBUG] [aiosqlite:104] executing functools.partial(<built-in method execute of sqlite3.Connection object at 0x0000021C00D4CD60>, '\nCREATE TABLE IF NOT EXISTS users (\n    user_id         INTEGER PRIMARY KEY,\n    first_name      TEXT,\n    last_name       TEXT,\n    role            TEXT,\n    scenario_access TEXT,\n    updated_at      TIMESTAMP DEFAULT CURRENT_TIMESTAMP\n);\n', [])
2025-07-16 18:03:08,326 [DEBUG] [aiosqlite:106] operation functools.partial(<built-in method execute of sqlite3.Connection object at 0x0000021C00D4CD60>, '\nCREATE TABLE IF NOT EXISTS users (\n    user_id         INTEGER PRIMARY KEY,\n    first_name      TEXT,\n    last_name       TEXT,\n    role            TEXT,\n    scenario_access TEXT,\n    updated_at      TIMESTAMP DEFAULT CURRENT_TIMESTAMP\n);\n', []) completed
2025-07-16 18:03:08,328 [DEBUG] [aiosqlite:104] executing functools.partial(<built-in method execute of sqlite3.Connection object at 0x0000021C00D4CD60>, "INSERT OR IGNORE INTO users(user_id, role) VALUES (?, 'руководитель')", (1018880781,))
2025-07-16 18:03:08,329 [DEBUG] [aiosqlite:106] operation functools.partial(<built-in method execute of sqlite3.Connection object at 0x0000021C00D4CD60>, "INSERT OR IGNORE INTO users(user_id, role) VALUES (?, 'руководитель')", (1018880781,)) completed
2025-07-16 18:03:08,331 [DEBUG] [aiosqlite:104] executing functools.partial(<built-in method commit of sqlite3.Connection object at 0x0000021C00D4CD60>)
2025-07-16 18:03:08,332 [DEBUG] [aiosqlite:106] operation functools.partial(<built-in method commit of sqlite3.Connection object at 0x0000021C00D4CD60>) completed
2025-07-16 18:03:08,400 [DEBUG] [aiosqlite:104] executing functools.partial(<built-in method close of sqlite3.Connection object at 0x0000021C00D4CD60>)
2025-07-16 18:03:08,401 [DEBUG] [aiosqlite:106] operation functools.partial(<built-in method close of sqlite3.Connection object at 0x0000021C00D4CD60>) completed
2025-07-16 18:03:08,406 [INFO] [__main__:73] [startup] Конфиг и БД инициализированы, Leader-ID 1018880781 гарантирован
2025-07-16 18:03:08,433 [INFO] [aiogram.dispatcher:566] Start polling
2025-07-16 18:03:10,370 [INFO] [aiogram.dispatcher:363] Run polling for bot @masbot12_bot id=7637424219 - 'masterbot12'
2025-07-16 18:03:10,503 [INFO] [aiogram.event:172] Update id=861001403 is handled. Duration 22 ms by bot id=7637424219
2025-07-16 18:03:10,508 [INFO] [aiogram.event:172] Update id=861001404 is handled. Duration 0 ms by bot id=7637424219
2025-07-16 18:03:10,513 [INFO] [aiogram.event:172] Update id=861001405 is handled. Duration 0 ms by bot id=7637424219
2025-07-16 18:03:10,528 [INFO] [aiogram.event:172] Update id=861001406 is handled. Duration 0 ms by bot id=7637424219
2025-07-16 18:07:29,810 [DEBUG] [aiosqlite:104] executing <function connect.<locals>.connector at 0x0000021C00D7F380>
2025-07-16 18:07:29,838 [DEBUG] [aiosqlite:106] operation <function connect.<locals>.connector at 0x0000021C00D7F380> completed
2025-07-16 18:07:29,841 [DEBUG] [aiosqlite:104] executing functools.partial(<built-in method execute of sqlite3.Connection object at 0x0000021C00D4D300>, 'SELECT first_name, last_name, role FROM users WHERE user_id = ?', (1018880781,))
2025-07-16 18:07:29,887 [DEBUG] [aiosqlite:106] operation functools.partial(<built-in method execute of sqlite3.Connection object at 0x0000021C00D4D300>, 'SELECT first_name, last_name, role FROM users WHERE user_id = ?', (1018880781,)) completed
2025-07-16 18:07:29,888 [DEBUG] [aiosqlite:104] executing functools.partial(<built-in method fetchone of sqlite3.Cursor object at 0x0000021C00DAD7C0>)
2025-07-16 18:07:29,889 [DEBUG] [aiosqlite:106] operation functools.partial(<built-in method fetchone of sqlite3.Cursor object at 0x0000021C00DAD7C0>) completed
2025-07-16 18:07:29,918 [DEBUG] [aiosqlite:104] executing functools.partial(<built-in method close of sqlite3.Connection object at 0x0000021C00D4D300>)
2025-07-16 18:07:29,929 [DEBUG] [aiosqlite:106] operation functools.partial(<built-in method close of sqlite3.Connection object at 0x0000021C00D4D300>) completed
2025-07-16 18:07:32,860 [INFO] [aiogram.event:172] Update id=861001407 is handled. Duration 3083 ms by bot id=7637424219
2025-07-16 18:07:37,021 [DEBUG] [aiosqlite:104] executing <function connect.<locals>.connector at 0x0000021C00D7FC40>
2025-07-16 18:07:37,025 [DEBUG] [aiosqlite:106] operation <function connect.<locals>.connector at 0x0000021C00D7FC40> completed
2025-07-16 18:07:37,027 [DEBUG] [aiosqlite:104] executing functools.partial(<built-in method execute of sqlite3.Connection object at 0x0000021C00D4D8A0>, 'SELECT first_name, last_name, role FROM users WHERE user_id = ?', (1018880781,))
2025-07-16 18:07:37,046 [DEBUG] [aiosqlite:106] operation functools.partial(<built-in method execute of sqlite3.Connection object at 0x0000021C00D4D8A0>, 'SELECT first_name, last_name, role FROM users WHERE user_id = ?', (1018880781,)) completed
2025-07-16 18:07:37,049 [DEBUG] [aiosqlite:104] executing functools.partial(<built-in method fetchone of sqlite3.Cursor object at 0x0000021C00DAEBC0>)
2025-07-16 18:07:37,051 [DEBUG] [aiosqlite:106] operation functools.partial(<built-in method fetchone of sqlite3.Cursor object at 0x0000021C00DAEBC0>) completed
2025-07-16 18:07:37,054 [DEBUG] [aiosqlite:104] executing functools.partial(<built-in method close of sqlite3.Connection object at 0x0000021C00D4D8A0>)
2025-07-16 18:07:37,056 [DEBUG] [aiosqlite:106] operation functools.partial(<built-in method close of sqlite3.Connection object at 0x0000021C00D4D8A0>) completed
2025-07-16 18:07:47,390 [DEBUG] [aiosqlite:104] executing <function connect.<locals>.connector at 0x0000021C00D7FF60>
2025-07-16 18:07:47,395 [DEBUG] [aiosqlite:106] operation <function connect.<locals>.connector at 0x0000021C00D7FF60> completed
2025-07-16 18:07:47,397 [DEBUG] [aiosqlite:104] executing functools.partial(<built-in method execute of sqlite3.Connection object at 0x0000021C00D4D7B0>, 'SELECT first_name, last_name, role FROM users WHERE user_id = ?', (1018880781,))
2025-07-16 18:07:47,399 [DEBUG] [aiosqlite:106] operation functools.partial(<built-in method execute of sqlite3.Connection object at 0x0000021C00D4D7B0>, 'SELECT first_name, last_name, role FROM users WHERE user_id = ?', (1018880781,)) completed
2025-07-16 18:07:47,402 [DEBUG] [aiosqlite:104] executing functools.partial(<built-in method fetchone of sqlite3.Cursor object at 0x0000021C00D6D740>)
2025-07-16 18:07:47,405 [DEBUG] [aiosqlite:106] operation functools.partial(<built-in method fetchone of sqlite3.Cursor object at 0x0000021C00D6D740>) completed
2025-07-16 18:07:47,407 [DEBUG] [aiosqlite:104] executing functools.partial(<built-in method close of sqlite3.Connection object at 0x0000021C00D4D7B0>)
2025-07-16 18:07:47,411 [DEBUG] [aiosqlite:106] operation functools.partial(<built-in method close of sqlite3.Connection object at 0x0000021C00D4D7B0>) completed
2025-07-16 18:07:51,668 [INFO] [aiogram.event:172] Update id=861001408 is handled. Duration 14675 ms by bot id=7637424219
2025-07-16 18:07:57,982 [DEBUG] [aiosqlite:104] executing <function connect.<locals>.connector at 0x0000021C00D7F9C0>
2025-07-16 18:07:57,983 [DEBUG] [aiosqlite:106] operation <function connect.<locals>.connector at 0x0000021C00D7F9C0> completed
2025-07-16 18:07:57,984 [DEBUG] [aiosqlite:104] executing functools.partial(<built-in method execute of sqlite3.Connection object at 0x0000021C00D4D4E0>, 'SELECT first_name, last_name, role FROM users WHERE user_id = ?', (625280877,))
2025-07-16 18:07:57,985 [DEBUG] [aiosqlite:106] operation functools.partial(<built-in method execute of sqlite3.Connection object at 0x0000021C00D4D4E0>, 'SELECT first_name, last_name, role FROM users WHERE user_id = ?', (625280877,)) completed
2025-07-16 18:07:57,985 [DEBUG] [aiosqlite:104] executing functools.partial(<built-in method fetchone of sqlite3.Cursor object at 0x0000021C00DAF140>)
2025-07-16 18:07:57,986 [DEBUG] [aiosqlite:106] operation functools.partial(<built-in method fetchone of sqlite3.Cursor object at 0x0000021C00DAF140>) completed
2025-07-16 18:07:57,987 [DEBUG] [aiosqlite:104] executing functools.partial(<built-in method close of sqlite3.Connection object at 0x0000021C00D4D4E0>)
2025-07-16 18:07:57,987 [DEBUG] [aiosqlite:106] operation functools.partial(<built-in method close of sqlite3.Connection object at 0x0000021C00D4D4E0>) completed
2025-07-16 18:07:58,007 [DEBUG] [urllib3.util.retry:286] Converted retries value: 3 -> Retry(total=3, connect=None, read=None, redirect=None, status=None)
2025-07-16 18:07:58,069 [DEBUG] [google.auth.transport.requests:185] Making request: POST https://oauth2.googleapis.com/token
2025-07-16 18:07:58,091 [DEBUG] [urllib3.connectionpool:1049] Starting new HTTPS connection (1): oauth2.googleapis.com:443
2025-07-16 18:08:04,145 [DEBUG] [urllib3.connectionpool:544] https://oauth2.googleapis.com:443 "POST /token HTTP/1.1" 200 None
2025-07-16 18:08:04,157 [DEBUG] [urllib3.connectionpool:1049] Starting new HTTPS connection (1): sheets.googleapis.com:443
2025-07-16 18:08:07,270 [DEBUG] [urllib3.connectionpool:544] https://sheets.googleapis.com:443 "GET /v4/spreadsheets/11wjq2kXi_FHqx1yzzQ8weqr5PngvJpOVu9VQo--hJMI?includeGridData=false HTTP/1.1" 200 None
2025-07-16 18:08:07,515 [DEBUG] [urllib3.connectionpool:544] https://sheets.googleapis.com:443 "GET /v4/spreadsheets/11wjq2kXi_FHqx1yzzQ8weqr5PngvJpOVu9VQo--hJMI?includeGridData=false HTTP/1.1" 200 None
2025-07-16 18:08:07,700 [INFO] [googleapiclient.discovery_cache:49] file_cache is only supported with oauth2client<4.0.0
2025-07-16 18:08:08,376 [DEBUG] [googleapiclient.discovery:1258] URL being requested: GET https://sheets.googleapis.com/v4/spreadsheets/11wjq2kXi_FHqx1yzzQ8weqr5PngvJpOVu9VQo--hJMI?includeGridData=true&alt=json
2025-07-16 18:08:12,542 [DEBUG] [aiosqlite:104] executing <function connect.<locals>.connector at 0x0000021C00DDAAC0>
2025-07-16 18:08:12,543 [DEBUG] [aiosqlite:106] operation <function connect.<locals>.connector at 0x0000021C00DDAAC0> completed
2025-07-16 18:08:12,544 [DEBUG] [aiosqlite:104] executing functools.partial(<built-in method execute of sqlite3.Connection object at 0x0000021C00D4F790>, 'SELECT first_name, last_name, role FROM users WHERE user_id = ?', (1018880781,))
2025-07-16 18:08:12,546 [DEBUG] [aiosqlite:106] operation functools.partial(<built-in method execute of sqlite3.Connection object at 0x0000021C00D4F790>, 'SELECT first_name, last_name, role FROM users WHERE user_id = ?', (1018880781,)) completed
2025-07-16 18:08:12,549 [DEBUG] [aiosqlite:104] executing functools.partial(<built-in method fetchone of sqlite3.Cursor object at 0x0000021C0485A740>)
2025-07-16 18:08:12,550 [DEBUG] [aiosqlite:106] operation functools.partial(<built-in method fetchone of sqlite3.Cursor object at 0x0000021C0485A740>) completed
2025-07-16 18:08:12,552 [DEBUG] [aiosqlite:104] executing functools.partial(<built-in method close of sqlite3.Connection object at 0x0000021C00D4F790>)
2025-07-16 18:08:12,554 [DEBUG] [aiosqlite:106] operation functools.partial(<built-in method close of sqlite3.Connection object at 0x0000021C00D4F790>) completed
2025-07-16 18:08:12,577 [DEBUG] [aiosqlite:104] executing <function connect.<locals>.connector at 0x0000021C00D7FBA0>
2025-07-16 18:08:12,579 [DEBUG] [aiosqlite:106] operation <function connect.<locals>.connector at 0x0000021C00D7FBA0> completed
2025-07-16 18:08:12,581 [DEBUG] [aiosqlite:104] executing functools.partial(<built-in method execute of sqlite3.Connection object at 0x0000021C00D4D120>, 'SELECT first_name, last_name, role FROM users WHERE user_id = ?', (1018880781,))
2025-07-16 18:08:12,582 [DEBUG] [aiosqlite:106] operation functools.partial(<built-in method execute of sqlite3.Connection object at 0x0000021C00D4D120>, 'SELECT first_name, last_name, role FROM users WHERE user_id = ?', (1018880781,)) completed
2025-07-16 18:08:12,588 [DEBUG] [aiosqlite:104] executing functools.partial(<built-in method fetchone of sqlite3.Cursor object at 0x0000021C0485A6C0>)
2025-07-16 18:08:12,589 [DEBUG] [aiosqlite:106] operation functools.partial(<built-in method fetchone of sqlite3.Cursor object at 0x0000021C0485A6C0>) completed
2025-07-16 18:08:12,591 [DEBUG] [aiosqlite:104] executing functools.partial(<built-in method close of sqlite3.Connection object at 0x0000021C00D4D120>)
2025-07-16 18:08:12,595 [DEBUG] [aiosqlite:106] operation functools.partial(<built-in method close of sqlite3.Connection object at 0x0000021C00D4D120>) completed
2025-07-16 18:08:12,683 [INFO] [aiogram.event:172] Update id=861001409 is not handled. Duration 14702 ms by bot id=7637424219
2025-07-16 18:08:12,685 [ERROR] [aiogram.event:315] Cause exception while process update id=861001409 by bot id=7637424219
ImportError: cannot import name 'refresh_deal_details' from 'handlers.poll_details' (C:\Users\DELL\Desktop\gpt\Masterbot1\handlers\poll_details.py)
Traceback (most recent call last):
  File "C:\Users\DELL\AppData\Local\Programs\Python\Python313\Lib\site-packages\aiogram\dispatcher\dispatcher.py", line 309, in _process_update
    response = await self.feed_update(bot, update, **kwargs)
               ^^^^^^^^^^^^^^^^^^^^^^^^^^^^^^^^^^^^^^^^^^^^^
  File "C:\Users\DELL\AppData\Local\Programs\Python\Python313\Lib\site-packages\aiogram\dispatcher\dispatcher.py", line 158, in feed_update
    response = await self.update.wrap_outer_middleware(
               ^^^^^^^^^^^^^^^^^^^^^^^^^^^^^^^^^^^^^^^^
    ...<7 lines>...
    )
    ^
  File "C:\Users\DELL\AppData\Local\Programs\Python\Python313\Lib\site-packages\aiogram\dispatcher\middlewares\error.py", line 25, in __call__
    return await handler(event, data)
           ^^^^^^^^^^^^^^^^^^^^^^^^^^
  File "C:\Users\DELL\AppData\Local\Programs\Python\Python313\Lib\site-packages\aiogram\dispatcher\middlewares\user_context.py", line 56, in __call__
    return await handler(event, data)
           ^^^^^^^^^^^^^^^^^^^^^^^^^^
  File "C:\Users\DELL\AppData\Local\Programs\Python\Python313\Lib\site-packages\aiogram\fsm\middleware.py", line 42, in __call__
    return await handler(event, data)
           ^^^^^^^^^^^^^^^^^^^^^^^^^^
  File "C:\Users\DELL\AppData\Local\Programs\Python\Python313\Lib\site-packages\aiogram\dispatcher\event\telegram.py", line 121, in trigger
    return await wrapped_inner(event, kwargs)
           ^^^^^^^^^^^^^^^^^^^^^^^^^^^^^^^^^^
  File "C:\Users\DELL\AppData\Local\Programs\Python\Python313\Lib\site-packages\aiogram\dispatcher\event\handler.py", line 43, in call
    return await wrapped()
           ^^^^^^^^^^^^^^^
  File "C:\Users\DELL\AppData\Local\Programs\Python\Python313\Lib\site-packages\aiogram\dispatcher\dispatcher.py", line 276, in _listen_update
    return await self.propagate_event(update_type=update_type, event=event, **kwargs)
           ^^^^^^^^^^^^^^^^^^^^^^^^^^^^^^^^^^^^^^^^^^^^^^^^^^^^^^^^^^^^^^^^^^^^^^^^^^
  File "C:\Users\DELL\AppData\Local\Programs\Python\Python313\Lib\site-packages\aiogram\dispatcher\router.py", line 146, in propagate_event
    return await observer.wrap_outer_middleware(_wrapped, event=event, data=kwargs)
           ^^^^^^^^^^^^^^^^^^^^^^^^^^^^^^^^^^^^^^^^^^^^^^^^^^^^^^^^^^^^^^^^^^^^^^^^
  File "C:\Users\DELL\AppData\Local\Programs\Python\Python313\Lib\site-packages\aiogram\dispatcher\router.py", line 141, in _wrapped
    return await self._propagate_event(
           ^^^^^^^^^^^^^^^^^^^^^^^^^^^^
        observer=observer, update_type=update_type, event=telegram_event, **data
        ^^^^^^^^^^^^^^^^^^^^^^^^^^^^^^^^^^^^^^^^^^^^^^^^^^^^^^^^^^^^^^^^^^^^^^^^
    )
    ^
  File "C:\Users\DELL\AppData\Local\Programs\Python\Python313\Lib\site-packages\aiogram\dispatcher\router.py", line 174, in _propagate_event
    response = await router.propagate_event(update_type=update_type, event=event, **kwargs)
               ^^^^^^^^^^^^^^^^^^^^^^^^^^^^^^^^^^^^^^^^^^^^^^^^^^^^^^^^^^^^^^^^^^^^^^^^^^^^
  File "C:\Users\DELL\AppData\Local\Programs\Python\Python313\Lib\site-packages\aiogram\dispatcher\router.py", line 146, in propagate_event
    return await observer.wrap_outer_middleware(_wrapped, event=event, data=kwargs)
           ^^^^^^^^^^^^^^^^^^^^^^^^^^^^^^^^^^^^^^^^^^^^^^^^^^^^^^^^^^^^^^^^^^^^^^^^
  File "C:\Users\DELL\AppData\Local\Programs\Python\Python313\Lib\site-packages\aiogram\dispatcher\router.py", line 141, in _wrapped
    return await self._propagate_event(
           ^^^^^^^^^^^^^^^^^^^^^^^^^^^^
        observer=observer, update_type=update_type, event=telegram_event, **data
        ^^^^^^^^^^^^^^^^^^^^^^^^^^^^^^^^^^^^^^^^^^^^^^^^^^^^^^^^^^^^^^^^^^^^^^^^
    )
    ^
  File "C:\Users\DELL\AppData\Local\Programs\Python\Python313\Lib\site-packages\aiogram\dispatcher\router.py", line 166, in _propagate_event
    response = await observer.trigger(event, **kwargs)
               ^^^^^^^^^^^^^^^^^^^^^^^^^^^^^^^^^^^^^^^
  File "C:\Users\DELL\AppData\Local\Programs\Python\Python313\Lib\site-packages\aiogram\dispatcher\event\telegram.py", line 121, in trigger
    return await wrapped_inner(event, kwargs)
           ^^^^^^^^^^^^^^^^^^^^^^^^^^^^^^^^^^
  File "C:\Users\DELL\AppData\Local\Programs\Python\Python313\Lib\site-packages\aiogram\dispatcher\event\handler.py", line 43, in call
    return await wrapped()
           ^^^^^^^^^^^^^^^
  File "C:\Users\DELL\Desktop\gpt\Masterbot1\handlers\polls.py", line 321, in handle_poll_answer
    await _refresh_detail_views(impacted, refresh_all)
  File "C:\Users\DELL\Desktop\gpt\Masterbot1\handlers\polls.py", line 357, in _refresh_detail_views
    from handlers.poll_details import refresh_deal_details
ImportError: cannot import name 'refresh_deal_details' from 'handlers.poll_details' (C:\Users\DELL\Desktop\gpt\Masterbot1\handlers\poll_details.py)
2025-07-16 18:08:13,746 [INFO] [aiogram.event:172] Update id=861001410 is not handled. Duration 1225 ms by bot id=7637424219
2025-07-16 18:08:13,747 [ERROR] [aiogram.event:315] Cause exception while process update id=861001410 by bot id=7637424219
ImportError: cannot import name 'refresh_deal_details' from 'handlers.poll_details' (C:\Users\DELL\Desktop\gpt\Masterbot1\handlers\poll_details.py)
Traceback (most recent call last):
  File "C:\Users\DELL\AppData\Local\Programs\Python\Python313\Lib\site-packages\aiogram\dispatcher\dispatcher.py", line 309, in _process_update
    response = await self.feed_update(bot, update, **kwargs)
               ^^^^^^^^^^^^^^^^^^^^^^^^^^^^^^^^^^^^^^^^^^^^^
  File "C:\Users\DELL\AppData\Local\Programs\Python\Python313\Lib\site-packages\aiogram\dispatcher\dispatcher.py", line 158, in feed_update
    response = await self.update.wrap_outer_middleware(
               ^^^^^^^^^^^^^^^^^^^^^^^^^^^^^^^^^^^^^^^^
    ...<7 lines>...
    )
    ^
  File "C:\Users\DELL\AppData\Local\Programs\Python\Python313\Lib\site-packages\aiogram\dispatcher\middlewares\error.py", line 25, in __call__
    return await handler(event, data)
           ^^^^^^^^^^^^^^^^^^^^^^^^^^
  File "C:\Users\DELL\AppData\Local\Programs\Python\Python313\Lib\site-packages\aiogram\dispatcher\middlewares\user_context.py", line 56, in __call__
    return await handler(event, data)
           ^^^^^^^^^^^^^^^^^^^^^^^^^^
  File "C:\Users\DELL\AppData\Local\Programs\Python\Python313\Lib\site-packages\aiogram\fsm\middleware.py", line 42, in __call__
    return await handler(event, data)
           ^^^^^^^^^^^^^^^^^^^^^^^^^^
  File "C:\Users\DELL\AppData\Local\Programs\Python\Python313\Lib\site-packages\aiogram\dispatcher\event\telegram.py", line 121, in trigger
    return await wrapped_inner(event, kwargs)
           ^^^^^^^^^^^^^^^^^^^^^^^^^^^^^^^^^^
  File "C:\Users\DELL\AppData\Local\Programs\Python\Python313\Lib\site-packages\aiogram\dispatcher\event\handler.py", line 43, in call
    return await wrapped()
           ^^^^^^^^^^^^^^^
  File "C:\Users\DELL\AppData\Local\Programs\Python\Python313\Lib\site-packages\aiogram\dispatcher\dispatcher.py", line 276, in _listen_update
    return await self.propagate_event(update_type=update_type, event=event, **kwargs)
           ^^^^^^^^^^^^^^^^^^^^^^^^^^^^^^^^^^^^^^^^^^^^^^^^^^^^^^^^^^^^^^^^^^^^^^^^^^
  File "C:\Users\DELL\AppData\Local\Programs\Python\Python313\Lib\site-packages\aiogram\dispatcher\router.py", line 146, in propagate_event
    return await observer.wrap_outer_middleware(_wrapped, event=event, data=kwargs)
           ^^^^^^^^^^^^^^^^^^^^^^^^^^^^^^^^^^^^^^^^^^^^^^^^^^^^^^^^^^^^^^^^^^^^^^^^
  File "C:\Users\DELL\AppData\Local\Programs\Python\Python313\Lib\site-packages\aiogram\dispatcher\router.py", line 141, in _wrapped
    return await self._propagate_event(
           ^^^^^^^^^^^^^^^^^^^^^^^^^^^^
        observer=observer, update_type=update_type, event=telegram_event, **data
        ^^^^^^^^^^^^^^^^^^^^^^^^^^^^^^^^^^^^^^^^^^^^^^^^^^^^^^^^^^^^^^^^^^^^^^^^
    )
    ^
  File "C:\Users\DELL\AppData\Local\Programs\Python\Python313\Lib\site-packages\aiogram\dispatcher\router.py", line 174, in _propagate_event
    response = await router.propagate_event(update_type=update_type, event=event, **kwargs)
               ^^^^^^^^^^^^^^^^^^^^^^^^^^^^^^^^^^^^^^^^^^^^^^^^^^^^^^^^^^^^^^^^^^^^^^^^^^^^
  File "C:\Users\DELL\AppData\Local\Programs\Python\Python313\Lib\site-packages\aiogram\dispatcher\router.py", line 146, in propagate_event
    return await observer.wrap_outer_middleware(_wrapped, event=event, data=kwargs)
           ^^^^^^^^^^^^^^^^^^^^^^^^^^^^^^^^^^^^^^^^^^^^^^^^^^^^^^^^^^^^^^^^^^^^^^^^
  File "C:\Users\DELL\AppData\Local\Programs\Python\Python313\Lib\site-packages\aiogram\dispatcher\router.py", line 141, in _wrapped
    return await self._propagate_event(
           ^^^^^^^^^^^^^^^^^^^^^^^^^^^^
        observer=observer, update_type=update_type, event=telegram_event, **data
        ^^^^^^^^^^^^^^^^^^^^^^^^^^^^^^^^^^^^^^^^^^^^^^^^^^^^^^^^^^^^^^^^^^^^^^^^
    )
    ^
  File "C:\Users\DELL\AppData\Local\Programs\Python\Python313\Lib\site-packages\aiogram\dispatcher\router.py", line 166, in _propagate_event
    response = await observer.trigger(event, **kwargs)
               ^^^^^^^^^^^^^^^^^^^^^^^^^^^^^^^^^^^^^^^
  File "C:\Users\DELL\AppData\Local\Programs\Python\Python313\Lib\site-packages\aiogram\dispatcher\event\telegram.py", line 121, in trigger
    return await wrapped_inner(event, kwargs)
           ^^^^^^^^^^^^^^^^^^^^^^^^^^^^^^^^^^
  File "C:\Users\DELL\AppData\Local\Programs\Python\Python313\Lib\site-packages\aiogram\dispatcher\event\handler.py", line 43, in call
    return await wrapped()
           ^^^^^^^^^^^^^^^
  File "C:\Users\DELL\Desktop\gpt\Masterbot1\handlers\polls.py", line 321, in handle_poll_answer
    await _refresh_detail_views(impacted, refresh_all)
  File "C:\Users\DELL\Desktop\gpt\Masterbot1\handlers\polls.py", line 357, in _refresh_detail_views
    from handlers.poll_details import refresh_deal_details
ImportError: cannot import name 'refresh_deal_details' from 'handlers.poll_details' (C:\Users\DELL\Desktop\gpt\Masterbot1\handlers\poll_details.py)
2025-07-16 18:08:28,087 [ERROR] [handlers.poll_details:58] Не удалось удалить старое сообщение детализации
Traceback (most recent call last):
  File "C:\Users\DELL\Desktop\gpt\Masterbot1\handlers\poll_details.py", line 56, in show_deal_callback_handler
    await callback.message.delete()
  File "C:\Users\DELL\AppData\Local\Programs\Python\Python313\Lib\site-packages\aiogram\methods\base.py", line 84, in emit
    return await bot(self)
           ^^^^^^^^^^^^^^^
  File "C:\Users\DELL\AppData\Local\Programs\Python\Python313\Lib\site-packages\aiogram\client\bot.py", line 478, in __call__
    return await self.session(self, method, timeout=request_timeout)
           ^^^^^^^^^^^^^^^^^^^^^^^^^^^^^^^^^^^^^^^^^^^^^^^^^^^^^^^^^
  File "C:\Users\DELL\AppData\Local\Programs\Python\Python313\Lib\site-packages\aiogram\client\session\base.py", line 254, in __call__
    return cast(TelegramType, await middleware(bot, method))
                              ^^^^^^^^^^^^^^^^^^^^^^^^^^^^^
  File "C:\Users\DELL\AppData\Local\Programs\Python\Python313\Lib\site-packages\aiogram\client\session\aiohttp.py", line 185, in make_request
    response = self.check_response(
        bot=bot, method=method, status_code=resp.status, content=raw_result
    )
  File "C:\Users\DELL\AppData\Local\Programs\Python\Python313\Lib\site-packages\aiogram\client\session\base.py", line 120, in check_response
    raise TelegramBadRequest(method=method, message=description)
aiogram.exceptions.TelegramBadRequest: Telegram server says - Bad Request: message to delete not found
2025-07-16 18:08:40,548 [INFO] [aiogram.event:172] Update id=861001411 is not handled. Duration 21486 ms by bot id=7637424219
2025-07-16 18:08:40,552 [ERROR] [aiogram.event:315] Cause exception while process update id=861001411 by bot id=7637424219
TelegramBadRequest: Telegram server says - Bad Request: query is too old and response timeout expired or query ID is invalid
Traceback (most recent call last):
  File "C:\Users\DELL\AppData\Local\Programs\Python\Python313\Lib\site-packages\aiogram\dispatcher\dispatcher.py", line 309, in _process_update
    response = await self.feed_update(bot, update, **kwargs)
               ^^^^^^^^^^^^^^^^^^^^^^^^^^^^^^^^^^^^^^^^^^^^^
  File "C:\Users\DELL\AppData\Local\Programs\Python\Python313\Lib\site-packages\aiogram\dispatcher\dispatcher.py", line 158, in feed_update
    response = await self.update.wrap_outer_middleware(
               ^^^^^^^^^^^^^^^^^^^^^^^^^^^^^^^^^^^^^^^^
    ...<7 lines>...
    )
    ^
  File "C:\Users\DELL\AppData\Local\Programs\Python\Python313\Lib\site-packages\aiogram\dispatcher\middlewares\error.py", line 25, in __call__
    return await handler(event, data)
           ^^^^^^^^^^^^^^^^^^^^^^^^^^
  File "C:\Users\DELL\AppData\Local\Programs\Python\Python313\Lib\site-packages\aiogram\dispatcher\middlewares\user_context.py", line 56, in __call__
    return await handler(event, data)
           ^^^^^^^^^^^^^^^^^^^^^^^^^^
  File "C:\Users\DELL\AppData\Local\Programs\Python\Python313\Lib\site-packages\aiogram\fsm\middleware.py", line 42, in __call__
    return await handler(event, data)
           ^^^^^^^^^^^^^^^^^^^^^^^^^^
  File "C:\Users\DELL\AppData\Local\Programs\Python\Python313\Lib\site-packages\aiogram\dispatcher\event\telegram.py", line 121, in trigger
    return await wrapped_inner(event, kwargs)
           ^^^^^^^^^^^^^^^^^^^^^^^^^^^^^^^^^^
  File "C:\Users\DELL\AppData\Local\Programs\Python\Python313\Lib\site-packages\aiogram\dispatcher\event\handler.py", line 43, in call
    return await wrapped()
           ^^^^^^^^^^^^^^^
  File "C:\Users\DELL\AppData\Local\Programs\Python\Python313\Lib\site-packages\aiogram\dispatcher\dispatcher.py", line 276, in _listen_update
    return await self.propagate_event(update_type=update_type, event=event, **kwargs)
           ^^^^^^^^^^^^^^^^^^^^^^^^^^^^^^^^^^^^^^^^^^^^^^^^^^^^^^^^^^^^^^^^^^^^^^^^^^
  File "C:\Users\DELL\AppData\Local\Programs\Python\Python313\Lib\site-packages\aiogram\dispatcher\router.py", line 146, in propagate_event
    return await observer.wrap_outer_middleware(_wrapped, event=event, data=kwargs)
           ^^^^^^^^^^^^^^^^^^^^^^^^^^^^^^^^^^^^^^^^^^^^^^^^^^^^^^^^^^^^^^^^^^^^^^^^
  File "C:\Users\DELL\AppData\Local\Programs\Python\Python313\Lib\site-packages\aiogram\dispatcher\router.py", line 141, in _wrapped
    return await self._propagate_event(
           ^^^^^^^^^^^^^^^^^^^^^^^^^^^^
        observer=observer, update_type=update_type, event=telegram_event, **data
        ^^^^^^^^^^^^^^^^^^^^^^^^^^^^^^^^^^^^^^^^^^^^^^^^^^^^^^^^^^^^^^^^^^^^^^^^
    )
    ^
  File "C:\Users\DELL\AppData\Local\Programs\Python\Python313\Lib\site-packages\aiogram\dispatcher\router.py", line 174, in _propagate_event
    response = await router.propagate_event(update_type=update_type, event=event, **kwargs)
               ^^^^^^^^^^^^^^^^^^^^^^^^^^^^^^^^^^^^^^^^^^^^^^^^^^^^^^^^^^^^^^^^^^^^^^^^^^^^
  File "C:\Users\DELL\AppData\Local\Programs\Python\Python313\Lib\site-packages\aiogram\dispatcher\router.py", line 146, in propagate_event
    return await observer.wrap_outer_middleware(_wrapped, event=event, data=kwargs)
           ^^^^^^^^^^^^^^^^^^^^^^^^^^^^^^^^^^^^^^^^^^^^^^^^^^^^^^^^^^^^^^^^^^^^^^^^
  File "C:\Users\DELL\AppData\Local\Programs\Python\Python313\Lib\site-packages\aiogram\dispatcher\router.py", line 141, in _wrapped
    return await self._propagate_event(
           ^^^^^^^^^^^^^^^^^^^^^^^^^^^^
        observer=observer, update_type=update_type, event=telegram_event, **data
        ^^^^^^^^^^^^^^^^^^^^^^^^^^^^^^^^^^^^^^^^^^^^^^^^^^^^^^^^^^^^^^^^^^^^^^^^
    )
    ^
  File "C:\Users\DELL\AppData\Local\Programs\Python\Python313\Lib\site-packages\aiogram\dispatcher\router.py", line 166, in _propagate_event
    response = await observer.trigger(event, **kwargs)
               ^^^^^^^^^^^^^^^^^^^^^^^^^^^^^^^^^^^^^^^
  File "C:\Users\DELL\AppData\Local\Programs\Python\Python313\Lib\site-packages\aiogram\dispatcher\event\telegram.py", line 121, in trigger
    return await wrapped_inner(event, kwargs)
           ^^^^^^^^^^^^^^^^^^^^^^^^^^^^^^^^^^
  File "C:\Users\DELL\AppData\Local\Programs\Python\Python313\Lib\site-packages\aiogram\dispatcher\event\handler.py", line 43, in call
    return await wrapped()
           ^^^^^^^^^^^^^^^
  File "C:\Users\DELL\Desktop\gpt\Masterbot1\handlers\poll_details.py", line 189, in show_deal_callback_handler
    await callback.answer()
  File "C:\Users\DELL\AppData\Local\Programs\Python\Python313\Lib\site-packages\aiogram\methods\base.py", line 84, in emit
    return await bot(self)
           ^^^^^^^^^^^^^^^
  File "C:\Users\DELL\AppData\Local\Programs\Python\Python313\Lib\site-packages\aiogram\client\bot.py", line 478, in __call__
    return await self.session(self, method, timeout=request_timeout)
           ^^^^^^^^^^^^^^^^^^^^^^^^^^^^^^^^^^^^^^^^^^^^^^^^^^^^^^^^^
  File "C:\Users\DELL\AppData\Local\Programs\Python\Python313\Lib\site-packages\aiogram\client\session\base.py", line 254, in __call__
    return cast(TelegramType, await middleware(bot, method))
                              ^^^^^^^^^^^^^^^^^^^^^^^^^^^^^
  File "C:\Users\DELL\AppData\Local\Programs\Python\Python313\Lib\site-packages\aiogram\client\session\aiohttp.py", line 185, in make_request
    response = self.check_response(
        bot=bot, method=method, status_code=resp.status, content=raw_result
    )
  File "C:\Users\DELL\AppData\Local\Programs\Python\Python313\Lib\site-packages\aiogram\client\session\base.py", line 120, in check_response
    raise TelegramBadRequest(method=method, message=description)
aiogram.exceptions.TelegramBadRequest: Telegram server says - Bad Request: query is too old and response timeout expired or query ID is invalid
2025-07-16 18:08:51,881 [DEBUG] [aiosqlite:104] executing <function connect.<locals>.connector at 0x0000021C00DDA980>
2025-07-16 18:08:51,883 [DEBUG] [aiosqlite:106] operation <function connect.<locals>.connector at 0x0000021C00DDA980> completed
2025-07-16 18:08:51,884 [DEBUG] [aiosqlite:104] executing functools.partial(<built-in method execute of sqlite3.Connection object at 0x0000021C04882C50>, 'SELECT first_name, last_name, role FROM users WHERE user_id = ?', (625280877,))
2025-07-16 18:08:51,885 [DEBUG] [aiosqlite:106] operation functools.partial(<built-in method execute of sqlite3.Connection object at 0x0000021C04882C50>, 'SELECT first_name, last_name, role FROM users WHERE user_id = ?', (625280877,)) completed
2025-07-16 18:08:51,886 [DEBUG] [aiosqlite:104] executing functools.partial(<built-in method fetchone of sqlite3.Cursor object at 0x0000021C00DACF40>)
2025-07-16 18:08:51,886 [DEBUG] [aiosqlite:106] operation functools.partial(<built-in method fetchone of sqlite3.Cursor object at 0x0000021C00DACF40>) completed
2025-07-16 18:08:51,887 [DEBUG] [aiosqlite:104] executing functools.partial(<built-in method close of sqlite3.Connection object at 0x0000021C04882C50>)
2025-07-16 18:08:51,889 [DEBUG] [aiosqlite:106] operation functools.partial(<built-in method close of sqlite3.Connection object at 0x0000021C04882C50>) completed
2025-07-16 18:08:51,894 [DEBUG] [aiosqlite:104] executing <function connect.<locals>.connector at 0x0000021C00DDAF20>
2025-07-16 18:08:51,896 [DEBUG] [aiosqlite:106] operation <function connect.<locals>.connector at 0x0000021C00DDAF20> completed
2025-07-16 18:08:51,897 [DEBUG] [aiosqlite:104] executing functools.partial(<built-in method execute of sqlite3.Connection object at 0x0000021C00D4FC40>, 'SELECT first_name, last_name, role FROM users WHERE user_id = ?', (1018880781,))
2025-07-16 18:08:51,898 [DEBUG] [aiosqlite:106] operation functools.partial(<built-in method execute of sqlite3.Connection object at 0x0000021C00D4FC40>, 'SELECT first_name, last_name, role FROM users WHERE user_id = ?', (1018880781,)) completed
2025-07-16 18:08:51,899 [DEBUG] [aiosqlite:104] executing functools.partial(<built-in method fetchone of sqlite3.Cursor object at 0x0000021C00DAF840>)
2025-07-16 18:08:51,900 [DEBUG] [aiosqlite:106] operation functools.partial(<built-in method fetchone of sqlite3.Cursor object at 0x0000021C00DAF840>) completed
2025-07-16 18:08:51,901 [DEBUG] [aiosqlite:104] executing functools.partial(<built-in method close of sqlite3.Connection object at 0x0000021C00D4FC40>)
2025-07-16 18:08:51,902 [DEBUG] [aiosqlite:106] operation functools.partial(<built-in method close of sqlite3.Connection object at 0x0000021C00D4FC40>) completed
2025-07-16 18:08:52,256 [DEBUG] [aiosqlite:104] executing <function connect.<locals>.connector at 0x0000021C00ECAA20>
2025-07-16 18:08:52,258 [DEBUG] [aiosqlite:106] operation <function connect.<locals>.connector at 0x0000021C00ECAA20> completed
2025-07-16 18:08:52,259 [DEBUG] [aiosqlite:104] executing functools.partial(<built-in method execute of sqlite3.Connection object at 0x0000021C048832E0>, 'SELECT first_name, last_name, role FROM users WHERE user_id = ?', (1018880781,))
2025-07-16 18:08:52,261 [DEBUG] [aiosqlite:106] operation functools.partial(<built-in method execute of sqlite3.Connection object at 0x0000021C048832E0>, 'SELECT first_name, last_name, role FROM users WHERE user_id = ?', (1018880781,)) completed
2025-07-16 18:08:52,263 [DEBUG] [aiosqlite:104] executing functools.partial(<built-in method fetchone of sqlite3.Cursor object at 0x0000021C04919BC0>)
2025-07-16 18:08:52,265 [DEBUG] [aiosqlite:106] operation functools.partial(<built-in method fetchone of sqlite3.Cursor object at 0x0000021C04919BC0>) completed
2025-07-16 18:08:52,267 [DEBUG] [aiosqlite:104] executing functools.partial(<built-in method close of sqlite3.Connection object at 0x0000021C048832E0>)
2025-07-16 18:08:52,268 [DEBUG] [aiosqlite:106] operation functools.partial(<built-in method close of sqlite3.Connection object at 0x0000021C048832E0>) completed
2025-07-16 18:08:53,355 [INFO] [aiogram.event:172] Update id=861001412 is not handled. Duration 1474 ms by bot id=7637424219
2025-07-16 18:08:53,355 [ERROR] [aiogram.event:315] Cause exception while process update id=861001412 by bot id=7637424219
ImportError: cannot import name 'refresh_deal_details' from 'handlers.poll_details' (C:\Users\DELL\Desktop\gpt\Masterbot1\handlers\poll_details.py)
Traceback (most recent call last):
  File "C:\Users\DELL\AppData\Local\Programs\Python\Python313\Lib\site-packages\aiogram\dispatcher\dispatcher.py", line 309, in _process_update
    response = await self.feed_update(bot, update, **kwargs)
               ^^^^^^^^^^^^^^^^^^^^^^^^^^^^^^^^^^^^^^^^^^^^^
  File "C:\Users\DELL\AppData\Local\Programs\Python\Python313\Lib\site-packages\aiogram\dispatcher\dispatcher.py", line 158, in feed_update
    response = await self.update.wrap_outer_middleware(
               ^^^^^^^^^^^^^^^^^^^^^^^^^^^^^^^^^^^^^^^^
    ...<7 lines>...
    )
    ^
  File "C:\Users\DELL\AppData\Local\Programs\Python\Python313\Lib\site-packages\aiogram\dispatcher\middlewares\error.py", line 25, in __call__
    return await handler(event, data)
           ^^^^^^^^^^^^^^^^^^^^^^^^^^
  File "C:\Users\DELL\AppData\Local\Programs\Python\Python313\Lib\site-packages\aiogram\dispatcher\middlewares\user_context.py", line 56, in __call__
    return await handler(event, data)
           ^^^^^^^^^^^^^^^^^^^^^^^^^^
  File "C:\Users\DELL\AppData\Local\Programs\Python\Python313\Lib\site-packages\aiogram\fsm\middleware.py", line 42, in __call__
    return await handler(event, data)
           ^^^^^^^^^^^^^^^^^^^^^^^^^^
  File "C:\Users\DELL\AppData\Local\Programs\Python\Python313\Lib\site-packages\aiogram\dispatcher\event\telegram.py", line 121, in trigger
    return await wrapped_inner(event, kwargs)
           ^^^^^^^^^^^^^^^^^^^^^^^^^^^^^^^^^^
  File "C:\Users\DELL\AppData\Local\Programs\Python\Python313\Lib\site-packages\aiogram\dispatcher\event\handler.py", line 43, in call
    return await wrapped()
           ^^^^^^^^^^^^^^^
  File "C:\Users\DELL\AppData\Local\Programs\Python\Python313\Lib\site-packages\aiogram\dispatcher\dispatcher.py", line 276, in _listen_update
    return await self.propagate_event(update_type=update_type, event=event, **kwargs)
           ^^^^^^^^^^^^^^^^^^^^^^^^^^^^^^^^^^^^^^^^^^^^^^^^^^^^^^^^^^^^^^^^^^^^^^^^^^
  File "C:\Users\DELL\AppData\Local\Programs\Python\Python313\Lib\site-packages\aiogram\dispatcher\router.py", line 146, in propagate_event
    return await observer.wrap_outer_middleware(_wrapped, event=event, data=kwargs)
           ^^^^^^^^^^^^^^^^^^^^^^^^^^^^^^^^^^^^^^^^^^^^^^^^^^^^^^^^^^^^^^^^^^^^^^^^
  File "C:\Users\DELL\AppData\Local\Programs\Python\Python313\Lib\site-packages\aiogram\dispatcher\router.py", line 141, in _wrapped
    return await self._propagate_event(
           ^^^^^^^^^^^^^^^^^^^^^^^^^^^^
        observer=observer, update_type=update_type, event=telegram_event, **data
        ^^^^^^^^^^^^^^^^^^^^^^^^^^^^^^^^^^^^^^^^^^^^^^^^^^^^^^^^^^^^^^^^^^^^^^^^
    )
    ^
  File "C:\Users\DELL\AppData\Local\Programs\Python\Python313\Lib\site-packages\aiogram\dispatcher\router.py", line 174, in _propagate_event
    response = await router.propagate_event(update_type=update_type, event=event, **kwargs)
               ^^^^^^^^^^^^^^^^^^^^^^^^^^^^^^^^^^^^^^^^^^^^^^^^^^^^^^^^^^^^^^^^^^^^^^^^^^^^
  File "C:\Users\DELL\AppData\Local\Programs\Python\Python313\Lib\site-packages\aiogram\dispatcher\router.py", line 146, in propagate_event
    return await observer.wrap_outer_middleware(_wrapped, event=event, data=kwargs)
           ^^^^^^^^^^^^^^^^^^^^^^^^^^^^^^^^^^^^^^^^^^^^^^^^^^^^^^^^^^^^^^^^^^^^^^^^
  File "C:\Users\DELL\AppData\Local\Programs\Python\Python313\Lib\site-packages\aiogram\dispatcher\router.py", line 141, in _wrapped
    return await self._propagate_event(
           ^^^^^^^^^^^^^^^^^^^^^^^^^^^^
        observer=observer, update_type=update_type, event=telegram_event, **data
        ^^^^^^^^^^^^^^^^^^^^^^^^^^^^^^^^^^^^^^^^^^^^^^^^^^^^^^^^^^^^^^^^^^^^^^^^
    )
    ^
  File "C:\Users\DELL\AppData\Local\Programs\Python\Python313\Lib\site-packages\aiogram\dispatcher\router.py", line 166, in _propagate_event
    response = await observer.trigger(event, **kwargs)
               ^^^^^^^^^^^^^^^^^^^^^^^^^^^^^^^^^^^^^^^
  File "C:\Users\DELL\AppData\Local\Programs\Python\Python313\Lib\site-packages\aiogram\dispatcher\event\telegram.py", line 121, in trigger
    return await wrapped_inner(event, kwargs)
           ^^^^^^^^^^^^^^^^^^^^^^^^^^^^^^^^^^
  File "C:\Users\DELL\AppData\Local\Programs\Python\Python313\Lib\site-packages\aiogram\dispatcher\event\handler.py", line 43, in call
    return await wrapped()
           ^^^^^^^^^^^^^^^
  File "C:\Users\DELL\Desktop\gpt\Masterbot1\handlers\polls.py", line 321, in handle_poll_answer
    await _refresh_detail_views(impacted, refresh_all)
  File "C:\Users\DELL\Desktop\gpt\Masterbot1\handlers\polls.py", line 357, in _refresh_detail_views
    from handlers.poll_details import refresh_deal_details
ImportError: cannot import name 'refresh_deal_details' from 'handlers.poll_details' (C:\Users\DELL\Desktop\gpt\Masterbot1\handlers\poll_details.py)
2025-07-16 18:09:03,812 [DEBUG] [aiosqlite:104] executing <function connect.<locals>.connector at 0x0000021C00ECAB60>
2025-07-16 18:09:03,814 [DEBUG] [aiosqlite:106] operation <function connect.<locals>.connector at 0x0000021C00ECAB60> completed
2025-07-16 18:09:03,815 [DEBUG] [aiosqlite:104] executing functools.partial(<built-in method execute of sqlite3.Connection object at 0x0000021C00D4F5B0>, 'SELECT first_name, last_name, role FROM users WHERE user_id = ?', (625280877,))
2025-07-16 18:09:03,816 [DEBUG] [aiosqlite:106] operation functools.partial(<built-in method execute of sqlite3.Connection object at 0x0000021C00D4F5B0>, 'SELECT first_name, last_name, role FROM users WHERE user_id = ?', (625280877,)) completed
2025-07-16 18:09:03,817 [DEBUG] [aiosqlite:104] executing functools.partial(<built-in method fetchone of sqlite3.Cursor object at 0x0000021C0485B140>)
2025-07-16 18:09:03,817 [DEBUG] [aiosqlite:106] operation functools.partial(<built-in method fetchone of sqlite3.Cursor object at 0x0000021C0485B140>) completed
2025-07-16 18:09:03,818 [DEBUG] [aiosqlite:104] executing functools.partial(<built-in method close of sqlite3.Connection object at 0x0000021C00D4F5B0>)
2025-07-16 18:09:03,819 [DEBUG] [aiosqlite:106] operation functools.partial(<built-in method close of sqlite3.Connection object at 0x0000021C00D4F5B0>) completed
2025-07-16 18:09:03,820 [DEBUG] [aiosqlite:104] executing <function connect.<locals>.connector at 0x0000021C00D7F420>
2025-07-16 18:09:03,821 [DEBUG] [aiosqlite:106] operation <function connect.<locals>.connector at 0x0000021C00D7F420> completed
2025-07-16 18:09:03,823 [DEBUG] [aiosqlite:104] executing functools.partial(<built-in method execute of sqlite3.Connection object at 0x0000021C00D4F5B0>, 'SELECT first_name, last_name, role FROM users WHERE user_id = ?', (1018880781,))
2025-07-16 18:09:03,825 [DEBUG] [aiosqlite:106] operation functools.partial(<built-in method execute of sqlite3.Connection object at 0x0000021C00D4F5B0>, 'SELECT first_name, last_name, role FROM users WHERE user_id = ?', (1018880781,)) completed
2025-07-16 18:09:03,828 [DEBUG] [aiosqlite:104] executing functools.partial(<built-in method fetchone of sqlite3.Cursor object at 0x0000021C04919F40>)
2025-07-16 18:09:03,829 [DEBUG] [aiosqlite:106] operation functools.partial(<built-in method fetchone of sqlite3.Cursor object at 0x0000021C04919F40>) completed
2025-07-16 18:09:03,829 [DEBUG] [aiosqlite:104] executing functools.partial(<built-in method close of sqlite3.Connection object at 0x0000021C00D4F5B0>)
2025-07-16 18:09:03,830 [DEBUG] [aiosqlite:106] operation functools.partial(<built-in method close of sqlite3.Connection object at 0x0000021C00D4F5B0>) completed
2025-07-16 18:09:03,832 [DEBUG] [aiosqlite:104] executing <function connect.<locals>.connector at 0x0000021C00ECA8E0>
2025-07-16 18:09:03,835 [DEBUG] [aiosqlite:106] operation <function connect.<locals>.connector at 0x0000021C00ECA8E0> completed
2025-07-16 18:09:03,836 [DEBUG] [aiosqlite:104] executing functools.partial(<built-in method execute of sqlite3.Connection object at 0x0000021C00D4F5B0>, 'SELECT first_name, last_name, role FROM users WHERE user_id = ?', (625280877,))
2025-07-16 18:09:03,838 [DEBUG] [aiosqlite:106] operation functools.partial(<built-in method execute of sqlite3.Connection object at 0x0000021C00D4F5B0>, 'SELECT first_name, last_name, role FROM users WHERE user_id = ?', (625280877,)) completed
2025-07-16 18:09:03,839 [DEBUG] [aiosqlite:104] executing functools.partial(<built-in method fetchone of sqlite3.Cursor object at 0x0000021C0491A440>)
2025-07-16 18:09:03,841 [DEBUG] [aiosqlite:106] operation functools.partial(<built-in method fetchone of sqlite3.Cursor object at 0x0000021C0491A440>) completed
2025-07-16 18:09:03,842 [DEBUG] [aiosqlite:104] executing functools.partial(<built-in method close of sqlite3.Connection object at 0x0000021C00D4F5B0>)
2025-07-16 18:09:03,843 [DEBUG] [aiosqlite:106] operation functools.partial(<built-in method close of sqlite3.Connection object at 0x0000021C00D4F5B0>) completed
2025-07-16 18:09:10,615 [INFO] [aiogram.event:172] Update id=861001414 is not handled. Duration 6803 ms by bot id=7637424219
2025-07-16 18:09:10,617 [ERROR] [aiogram.event:315] Cause exception while process update id=861001414 by bot id=7637424219
ImportError: cannot import name 'refresh_deal_details' from 'handlers.poll_details' (C:\Users\DELL\Desktop\gpt\Masterbot1\handlers\poll_details.py)
Traceback (most recent call last):
  File "C:\Users\DELL\AppData\Local\Programs\Python\Python313\Lib\site-packages\aiogram\dispatcher\dispatcher.py", line 309, in _process_update
    response = await self.feed_update(bot, update, **kwargs)
               ^^^^^^^^^^^^^^^^^^^^^^^^^^^^^^^^^^^^^^^^^^^^^
  File "C:\Users\DELL\AppData\Local\Programs\Python\Python313\Lib\site-packages\aiogram\dispatcher\dispatcher.py", line 158, in feed_update
    response = await self.update.wrap_outer_middleware(
               ^^^^^^^^^^^^^^^^^^^^^^^^^^^^^^^^^^^^^^^^
    ...<7 lines>...
    )
    ^
  File "C:\Users\DELL\AppData\Local\Programs\Python\Python313\Lib\site-packages\aiogram\dispatcher\middlewares\error.py", line 25, in __call__
    return await handler(event, data)
           ^^^^^^^^^^^^^^^^^^^^^^^^^^
  File "C:\Users\DELL\AppData\Local\Programs\Python\Python313\Lib\site-packages\aiogram\dispatcher\middlewares\user_context.py", line 56, in __call__
    return await handler(event, data)
           ^^^^^^^^^^^^^^^^^^^^^^^^^^
  File "C:\Users\DELL\AppData\Local\Programs\Python\Python313\Lib\site-packages\aiogram\fsm\middleware.py", line 42, in __call__
    return await handler(event, data)
           ^^^^^^^^^^^^^^^^^^^^^^^^^^
  File "C:\Users\DELL\AppData\Local\Programs\Python\Python313\Lib\site-packages\aiogram\dispatcher\event\telegram.py", line 121, in trigger
    return await wrapped_inner(event, kwargs)
           ^^^^^^^^^^^^^^^^^^^^^^^^^^^^^^^^^^
  File "C:\Users\DELL\AppData\Local\Programs\Python\Python313\Lib\site-packages\aiogram\dispatcher\event\handler.py", line 43, in call
    return await wrapped()
           ^^^^^^^^^^^^^^^
  File "C:\Users\DELL\AppData\Local\Programs\Python\Python313\Lib\site-packages\aiogram\dispatcher\dispatcher.py", line 276, in _listen_update
    return await self.propagate_event(update_type=update_type, event=event, **kwargs)
           ^^^^^^^^^^^^^^^^^^^^^^^^^^^^^^^^^^^^^^^^^^^^^^^^^^^^^^^^^^^^^^^^^^^^^^^^^^
  File "C:\Users\DELL\AppData\Local\Programs\Python\Python313\Lib\site-packages\aiogram\dispatcher\router.py", line 146, in propagate_event
    return await observer.wrap_outer_middleware(_wrapped, event=event, data=kwargs)
           ^^^^^^^^^^^^^^^^^^^^^^^^^^^^^^^^^^^^^^^^^^^^^^^^^^^^^^^^^^^^^^^^^^^^^^^^
  File "C:\Users\DELL\AppData\Local\Programs\Python\Python313\Lib\site-packages\aiogram\dispatcher\router.py", line 141, in _wrapped
    return await self._propagate_event(
           ^^^^^^^^^^^^^^^^^^^^^^^^^^^^
        observer=observer, update_type=update_type, event=telegram_event, **data
        ^^^^^^^^^^^^^^^^^^^^^^^^^^^^^^^^^^^^^^^^^^^^^^^^^^^^^^^^^^^^^^^^^^^^^^^^
    )
    ^
  File "C:\Users\DELL\AppData\Local\Programs\Python\Python313\Lib\site-packages\aiogram\dispatcher\router.py", line 174, in _propagate_event
    response = await router.propagate_event(update_type=update_type, event=event, **kwargs)
               ^^^^^^^^^^^^^^^^^^^^^^^^^^^^^^^^^^^^^^^^^^^^^^^^^^^^^^^^^^^^^^^^^^^^^^^^^^^^
  File "C:\Users\DELL\AppData\Local\Programs\Python\Python313\Lib\site-packages\aiogram\dispatcher\router.py", line 146, in propagate_event
    return await observer.wrap_outer_middleware(_wrapped, event=event, data=kwargs)
           ^^^^^^^^^^^^^^^^^^^^^^^^^^^^^^^^^^^^^^^^^^^^^^^^^^^^^^^^^^^^^^^^^^^^^^^^
  File "C:\Users\DELL\AppData\Local\Programs\Python\Python313\Lib\site-packages\aiogram\dispatcher\router.py", line 141, in _wrapped
    return await self._propagate_event(
           ^^^^^^^^^^^^^^^^^^^^^^^^^^^^
        observer=observer, update_type=update_type, event=telegram_event, **data
        ^^^^^^^^^^^^^^^^^^^^^^^^^^^^^^^^^^^^^^^^^^^^^^^^^^^^^^^^^^^^^^^^^^^^^^^^
    )
    ^
  File "C:\Users\DELL\AppData\Local\Programs\Python\Python313\Lib\site-packages\aiogram\dispatcher\router.py", line 166, in _propagate_event
    response = await observer.trigger(event, **kwargs)
               ^^^^^^^^^^^^^^^^^^^^^^^^^^^^^^^^^^^^^^^
  File "C:\Users\DELL\AppData\Local\Programs\Python\Python313\Lib\site-packages\aiogram\dispatcher\event\telegram.py", line 121, in trigger
    return await wrapped_inner(event, kwargs)
           ^^^^^^^^^^^^^^^^^^^^^^^^^^^^^^^^^^
  File "C:\Users\DELL\AppData\Local\Programs\Python\Python313\Lib\site-packages\aiogram\dispatcher\event\handler.py", line 43, in call
    return await wrapped()
           ^^^^^^^^^^^^^^^
  File "C:\Users\DELL\Desktop\gpt\Masterbot1\handlers\polls.py", line 321, in handle_poll_answer
    await _refresh_detail_views(impacted, refresh_all)
  File "C:\Users\DELL\Desktop\gpt\Masterbot1\handlers\polls.py", line 357, in _refresh_detail_views
    from handlers.poll_details import refresh_deal_details
ImportError: cannot import name 'refresh_deal_details' from 'handlers.poll_details' (C:\Users\DELL\Desktop\gpt\Masterbot1\handlers\poll_details.py)
2025-07-16 18:09:10,956 [ERROR] [handlers.poll_details:58] Не удалось удалить старое сообщение детализации
Traceback (most recent call last):
  File "C:\Users\DELL\Desktop\gpt\Masterbot1\handlers\poll_details.py", line 56, in show_deal_callback_handler
    await callback.message.delete()
  File "C:\Users\DELL\AppData\Local\Programs\Python\Python313\Lib\site-packages\aiogram\methods\base.py", line 84, in emit
    return await bot(self)
           ^^^^^^^^^^^^^^^
  File "C:\Users\DELL\AppData\Local\Programs\Python\Python313\Lib\site-packages\aiogram\client\bot.py", line 478, in __call__
    return await self.session(self, method, timeout=request_timeout)
           ^^^^^^^^^^^^^^^^^^^^^^^^^^^^^^^^^^^^^^^^^^^^^^^^^^^^^^^^^
  File "C:\Users\DELL\AppData\Local\Programs\Python\Python313\Lib\site-packages\aiogram\client\session\base.py", line 254, in __call__
    return cast(TelegramType, await middleware(bot, method))
                              ^^^^^^^^^^^^^^^^^^^^^^^^^^^^^
  File "C:\Users\DELL\AppData\Local\Programs\Python\Python313\Lib\site-packages\aiogram\client\session\aiohttp.py", line 185, in make_request
    response = self.check_response(
        bot=bot, method=method, status_code=resp.status, content=raw_result
    )
  File "C:\Users\DELL\AppData\Local\Programs\Python\Python313\Lib\site-packages\aiogram\client\session\base.py", line 120, in check_response
    raise TelegramBadRequest(method=method, message=description)
aiogram.exceptions.TelegramBadRequest: Telegram server says - Bad Request: message to delete not found
2025-07-16 18:09:11,130 [DEBUG] [aiosqlite:104] executing <function connect.<locals>.connector at 0x0000021C00D7EF20>
2025-07-16 18:09:11,131 [DEBUG] [aiosqlite:106] operation <function connect.<locals>.connector at 0x0000021C00D7EF20> completed
2025-07-16 18:09:11,132 [DEBUG] [aiosqlite:104] executing functools.partial(<built-in method execute of sqlite3.Connection object at 0x0000021C00D4FB50>, 'SELECT first_name, last_name, role FROM users WHERE user_id = ?', (1018880781,))
2025-07-16 18:09:11,133 [DEBUG] [aiosqlite:106] operation functools.partial(<built-in method execute of sqlite3.Connection object at 0x0000021C00D4FB50>, 'SELECT first_name, last_name, role FROM users WHERE user_id = ?', (1018880781,)) completed
2025-07-16 18:09:11,134 [DEBUG] [aiosqlite:104] executing functools.partial(<built-in method fetchone of sqlite3.Cursor object at 0x0000021C0488BCC0>)
2025-07-16 18:09:11,135 [DEBUG] [aiosqlite:106] operation functools.partial(<built-in method fetchone of sqlite3.Cursor object at 0x0000021C0488BCC0>) completed
2025-07-16 18:09:11,136 [DEBUG] [aiosqlite:104] executing functools.partial(<built-in method close of sqlite3.Connection object at 0x0000021C00D4FB50>)
2025-07-16 18:09:11,136 [DEBUG] [aiosqlite:106] operation functools.partial(<built-in method close of sqlite3.Connection object at 0x0000021C00D4FB50>) completed
2025-07-16 18:09:11,138 [DEBUG] [aiosqlite:104] executing <function connect.<locals>.connector at 0x0000021C00D7F920>
2025-07-16 18:09:11,140 [DEBUG] [aiosqlite:106] operation <function connect.<locals>.connector at 0x0000021C00D7F920> completed
2025-07-16 18:09:11,142 [DEBUG] [aiosqlite:104] executing functools.partial(<built-in method execute of sqlite3.Connection object at 0x0000021C00D4F6A0>, 'SELECT first_name, last_name, role FROM users WHERE user_id = ?', (625280877,))
2025-07-16 18:09:11,149 [DEBUG] [aiosqlite:106] operation functools.partial(<built-in method execute of sqlite3.Connection object at 0x0000021C00D4F6A0>, 'SELECT first_name, last_name, role FROM users WHERE user_id = ?', (625280877,)) completed
2025-07-16 18:09:11,150 [DEBUG] [aiosqlite:104] executing functools.partial(<built-in method fetchone of sqlite3.Cursor object at 0x0000021C00D058C0>)
2025-07-16 18:09:11,151 [DEBUG] [aiosqlite:106] operation functools.partial(<built-in method fetchone of sqlite3.Cursor object at 0x0000021C00D058C0>) completed
2025-07-16 18:09:11,154 [DEBUG] [aiosqlite:104] executing functools.partial(<built-in method close of sqlite3.Connection object at 0x0000021C00D4F6A0>)
2025-07-16 18:09:11,155 [DEBUG] [aiosqlite:106] operation functools.partial(<built-in method close of sqlite3.Connection object at 0x0000021C00D4F6A0>) completed
2025-07-16 18:09:11,271 [DEBUG] [aiosqlite:104] executing <function connect.<locals>.connector at 0x0000021C00D7EF20>
2025-07-16 18:09:11,272 [DEBUG] [aiosqlite:106] operation <function connect.<locals>.connector at 0x0000021C00D7EF20> completed
2025-07-16 18:09:11,273 [DEBUG] [aiosqlite:104] executing functools.partial(<built-in method execute of sqlite3.Connection object at 0x0000021C04883790>, 'SELECT first_name, last_name, role FROM users WHERE user_id = ?', (1018880781,))
2025-07-16 18:09:11,274 [DEBUG] [aiosqlite:106] operation functools.partial(<built-in method execute of sqlite3.Connection object at 0x0000021C04883790>, 'SELECT first_name, last_name, role FROM users WHERE user_id = ?', (1018880781,)) completed
2025-07-16 18:09:11,274 [DEBUG] [aiosqlite:104] executing functools.partial(<built-in method fetchone of sqlite3.Cursor object at 0x0000021C048EF8C0>)
2025-07-16 18:09:11,275 [DEBUG] [aiosqlite:106] operation functools.partial(<built-in method fetchone of sqlite3.Cursor object at 0x0000021C048EF8C0>) completed
2025-07-16 18:09:11,275 [DEBUG] [aiosqlite:104] executing functools.partial(<built-in method close of sqlite3.Connection object at 0x0000021C04883790>)
2025-07-16 18:09:11,275 [DEBUG] [aiosqlite:106] operation functools.partial(<built-in method close of sqlite3.Connection object at 0x0000021C04883790>) completed
2025-07-16 18:09:11,655 [INFO] [aiogram.event:172] Update id=861001413 is handled. Duration 19402 ms by bot id=7637424219
2025-07-16 18:09:11,691 [INFO] [aiogram.event:172] Update id=861001415 is handled. Duration 1160 ms by bot id=7637424219
2025-07-16 18:09:22,557 [DEBUG] [aiosqlite:104] executing <function connect.<locals>.connector at 0x0000021C00D7F420>
2025-07-16 18:09:22,570 [DEBUG] [aiosqlite:106] operation <function connect.<locals>.connector at 0x0000021C00D7F420> completed
2025-07-16 18:09:22,572 [DEBUG] [aiosqlite:104] executing functools.partial(<built-in method execute of sqlite3.Connection object at 0x0000021C048835B0>, 'SELECT first_name, last_name, role FROM users WHERE user_id = ?', (1018880781,))
2025-07-16 18:09:22,575 [DEBUG] [aiosqlite:106] operation functools.partial(<built-in method execute of sqlite3.Connection object at 0x0000021C048835B0>, 'SELECT first_name, last_name, role FROM users WHERE user_id = ?', (1018880781,)) completed
2025-07-16 18:09:22,578 [DEBUG] [aiosqlite:104] executing functools.partial(<built-in method fetchone of sqlite3.Cursor object at 0x0000021C04919540>)
2025-07-16 18:09:22,581 [DEBUG] [aiosqlite:106] operation functools.partial(<built-in method fetchone of sqlite3.Cursor object at 0x0000021C04919540>) completed
2025-07-16 18:09:22,583 [DEBUG] [aiosqlite:104] executing functools.partial(<built-in method close of sqlite3.Connection object at 0x0000021C048835B0>)
2025-07-16 18:09:22,583 [DEBUG] [aiosqlite:106] operation functools.partial(<built-in method close of sqlite3.Connection object at 0x0000021C048835B0>) completed
2025-07-16 18:09:27,392 [DEBUG] [aiosqlite:104] executing <function connect.<locals>.connector at 0x0000021C00D7F920>
2025-07-16 18:09:27,394 [DEBUG] [aiosqlite:106] operation <function connect.<locals>.connector at 0x0000021C00D7F920> completed
2025-07-16 18:09:27,396 [DEBUG] [aiosqlite:104] executing functools.partial(<built-in method execute of sqlite3.Connection object at 0x0000021C00D4F6A0>, 'SELECT first_name, last_name, role FROM users WHERE user_id = ?', (1018880781,))
2025-07-16 18:09:27,399 [DEBUG] [aiosqlite:106] operation functools.partial(<built-in method execute of sqlite3.Connection object at 0x0000021C00D4F6A0>, 'SELECT first_name, last_name, role FROM users WHERE user_id = ?', (1018880781,)) completed
2025-07-16 18:09:27,402 [DEBUG] [aiosqlite:104] executing functools.partial(<built-in method fetchone of sqlite3.Cursor object at 0x0000021C00E8B7C0>)
2025-07-16 18:09:27,404 [DEBUG] [aiosqlite:106] operation functools.partial(<built-in method fetchone of sqlite3.Cursor object at 0x0000021C00E8B7C0>) completed
2025-07-16 18:09:27,407 [DEBUG] [aiosqlite:104] executing functools.partial(<built-in method close of sqlite3.Connection object at 0x0000021C00D4F6A0>)
2025-07-16 18:09:27,408 [DEBUG] [aiosqlite:106] operation functools.partial(<built-in method close of sqlite3.Connection object at 0x0000021C00D4F6A0>) completed
2025-07-16 18:09:27,411 [DEBUG] [aiosqlite:104] executing <function connect.<locals>.connector at 0x0000021C00D7F420>
2025-07-16 18:09:27,413 [DEBUG] [aiosqlite:106] operation <function connect.<locals>.connector at 0x0000021C00D7F420> completed
2025-07-16 18:09:27,415 [DEBUG] [aiosqlite:104] executing functools.partial(<built-in method execute of sqlite3.Connection object at 0x0000021C00D4FB50>, 'SELECT first_name, last_name, role FROM users WHERE user_id = ?', (625280877,))
2025-07-16 18:09:27,419 [DEBUG] [aiosqlite:106] operation functools.partial(<built-in method execute of sqlite3.Connection object at 0x0000021C00D4FB50>, 'SELECT first_name, last_name, role FROM users WHERE user_id = ?', (625280877,)) completed
2025-07-16 18:09:27,432 [DEBUG] [aiosqlite:104] executing functools.partial(<built-in method fetchone of sqlite3.Cursor object at 0x0000021C00D058C0>)
2025-07-16 18:09:27,432 [DEBUG] [aiosqlite:106] operation functools.partial(<built-in method fetchone of sqlite3.Cursor object at 0x0000021C00D058C0>) completed
2025-07-16 18:09:27,433 [DEBUG] [aiosqlite:104] executing functools.partial(<built-in method close of sqlite3.Connection object at 0x0000021C00D4FB50>)
2025-07-16 18:09:27,434 [DEBUG] [aiosqlite:106] operation functools.partial(<built-in method close of sqlite3.Connection object at 0x0000021C00D4FB50>) completed
2025-07-16 18:09:28,249 [DEBUG] [aiosqlite:104] executing <function connect.<locals>.connector at 0x0000021C00D7F920>
2025-07-16 18:09:28,251 [DEBUG] [aiosqlite:106] operation <function connect.<locals>.connector at 0x0000021C00D7F920> completed
2025-07-16 18:09:28,252 [DEBUG] [aiosqlite:104] executing functools.partial(<built-in method execute of sqlite3.Connection object at 0x0000021C00D4FC40>, 'SELECT first_name, last_name, role FROM users WHERE user_id = ?', (1018880781,))
2025-07-16 18:09:28,254 [DEBUG] [aiosqlite:106] operation functools.partial(<built-in method execute of sqlite3.Connection object at 0x0000021C00D4FC40>, 'SELECT first_name, last_name, role FROM users WHERE user_id = ?', (1018880781,)) completed
2025-07-16 18:09:28,256 [DEBUG] [aiosqlite:104] executing functools.partial(<built-in method fetchone of sqlite3.Cursor object at 0x0000021C00DACDC0>)
2025-07-16 18:09:28,257 [DEBUG] [aiosqlite:106] operation functools.partial(<built-in method fetchone of sqlite3.Cursor object at 0x0000021C00DACDC0>) completed
2025-07-16 18:09:28,260 [DEBUG] [aiosqlite:104] executing functools.partial(<built-in method close of sqlite3.Connection object at 0x0000021C00D4FC40>)
2025-07-16 18:09:28,262 [DEBUG] [aiosqlite:106] operation functools.partial(<built-in method close of sqlite3.Connection object at 0x0000021C00D4FC40>) completed
2025-07-16 18:09:28,843 [INFO] [aiogram.event:172] Update id=861001416 is handled. Duration 6294 ms by bot id=7637424219
2025-07-16 18:09:43,015 [ERROR] [handlers.poll_details:58] Не удалось удалить старое сообщение детализации
Traceback (most recent call last):
  File "C:\Users\DELL\Desktop\gpt\Masterbot1\handlers\poll_details.py", line 56, in show_deal_callback_handler
    await callback.message.delete()
  File "C:\Users\DELL\AppData\Local\Programs\Python\Python313\Lib\site-packages\aiogram\methods\base.py", line 84, in emit
    return await bot(self)
           ^^^^^^^^^^^^^^^
  File "C:\Users\DELL\AppData\Local\Programs\Python\Python313\Lib\site-packages\aiogram\client\bot.py", line 478, in __call__
    return await self.session(self, method, timeout=request_timeout)
           ^^^^^^^^^^^^^^^^^^^^^^^^^^^^^^^^^^^^^^^^^^^^^^^^^^^^^^^^^
  File "C:\Users\DELL\AppData\Local\Programs\Python\Python313\Lib\site-packages\aiogram\client\session\base.py", line 254, in __call__
    return cast(TelegramType, await middleware(bot, method))
                              ^^^^^^^^^^^^^^^^^^^^^^^^^^^^^
  File "C:\Users\DELL\AppData\Local\Programs\Python\Python313\Lib\site-packages\aiogram\client\session\aiohttp.py", line 185, in make_request
    response = self.check_response(
        bot=bot, method=method, status_code=resp.status, content=raw_result
    )
  File "C:\Users\DELL\AppData\Local\Programs\Python\Python313\Lib\site-packages\aiogram\client\session\base.py", line 120, in check_response
    raise TelegramBadRequest(method=method, message=description)
aiogram.exceptions.TelegramBadRequest: Telegram server says - Bad Request: message to delete not found
2025-07-16 18:09:52,732 [DEBUG] [aiosqlite:104] executing <function connect.<locals>.connector at 0x0000021C00ECAAC0>
2025-07-16 18:09:52,735 [DEBUG] [aiosqlite:106] operation <function connect.<locals>.connector at 0x0000021C00ECAAC0> completed
2025-07-16 18:09:52,736 [DEBUG] [aiosqlite:104] executing functools.partial(<built-in method execute of sqlite3.Connection object at 0x0000021C048833D0>, 'SELECT first_name, last_name, role FROM users WHERE user_id = ?', (1765743546,))
2025-07-16 18:09:52,739 [DEBUG] [aiosqlite:106] operation functools.partial(<built-in method execute of sqlite3.Connection object at 0x0000021C048833D0>, 'SELECT first_name, last_name, role FROM users WHERE user_id = ?', (1765743546,)) completed
2025-07-16 18:09:52,741 [DEBUG] [aiosqlite:104] executing functools.partial(<built-in method fetchone of sqlite3.Cursor object at 0x0000021C049280C0>)
2025-07-16 18:09:52,746 [DEBUG] [aiosqlite:106] operation functools.partial(<built-in method fetchone of sqlite3.Cursor object at 0x0000021C049280C0>) completed
2025-07-16 18:09:52,748 [DEBUG] [aiosqlite:104] executing functools.partial(<built-in method close of sqlite3.Connection object at 0x0000021C048833D0>)
2025-07-16 18:09:52,750 [DEBUG] [aiosqlite:106] operation functools.partial(<built-in method close of sqlite3.Connection object at 0x0000021C048833D0>) completed
2025-07-16 18:09:52,755 [DEBUG] [aiosqlite:104] executing <function connect.<locals>.connector at 0x0000021C00DDA980>
2025-07-16 18:09:52,758 [DEBUG] [aiosqlite:106] operation <function connect.<locals>.connector at 0x0000021C00DDA980> completed
2025-07-16 18:09:52,758 [DEBUG] [aiosqlite:104] executing functools.partial(<built-in method execute of sqlite3.Connection object at 0x0000021C04883790>, 'SELECT first_name, last_name, role FROM users WHERE user_id = ?', (1018880781,))
2025-07-16 18:09:52,760 [DEBUG] [aiosqlite:106] operation functools.partial(<built-in method execute of sqlite3.Connection object at 0x0000021C04883790>, 'SELECT first_name, last_name, role FROM users WHERE user_id = ?', (1018880781,)) completed
2025-07-16 18:09:52,760 [DEBUG] [aiosqlite:104] executing functools.partial(<built-in method fetchone of sqlite3.Cursor object at 0x0000021C0491BF40>)
2025-07-16 18:09:52,762 [DEBUG] [aiosqlite:106] operation functools.partial(<built-in method fetchone of sqlite3.Cursor object at 0x0000021C0491BF40>) completed
2025-07-16 18:09:52,764 [DEBUG] [aiosqlite:104] executing functools.partial(<built-in method close of sqlite3.Connection object at 0x0000021C04883790>)
2025-07-16 18:09:52,767 [DEBUG] [aiosqlite:106] operation functools.partial(<built-in method close of sqlite3.Connection object at 0x0000021C04883790>) completed
2025-07-16 18:09:52,769 [DEBUG] [aiosqlite:104] executing <function connect.<locals>.connector at 0x0000021C00ECACA0>
2025-07-16 18:09:52,770 [DEBUG] [aiosqlite:106] operation <function connect.<locals>.connector at 0x0000021C00ECACA0> completed
2025-07-16 18:09:52,772 [DEBUG] [aiosqlite:104] executing functools.partial(<built-in method execute of sqlite3.Connection object at 0x0000021C04882D40>, 'SELECT first_name, last_name, role FROM users WHERE user_id = ?', (625280877,))
2025-07-16 18:09:52,773 [DEBUG] [aiosqlite:106] operation functools.partial(<built-in method execute of sqlite3.Connection object at 0x0000021C04882D40>, 'SELECT first_name, last_name, role FROM users WHERE user_id = ?', (625280877,)) completed
2025-07-16 18:09:52,774 [DEBUG] [aiosqlite:104] executing functools.partial(<built-in method fetchone of sqlite3.Cursor object at 0x0000021C049284C0>)
2025-07-16 18:09:52,775 [DEBUG] [aiosqlite:106] operation functools.partial(<built-in method fetchone of sqlite3.Cursor object at 0x0000021C049284C0>) completed
2025-07-16 18:09:52,776 [DEBUG] [aiosqlite:104] executing functools.partial(<built-in method close of sqlite3.Connection object at 0x0000021C04882D40>)
2025-07-16 18:09:52,777 [DEBUG] [aiosqlite:106] operation functools.partial(<built-in method close of sqlite3.Connection object at 0x0000021C04882D40>) completed
2025-07-16 18:09:52,780 [DEBUG] [aiosqlite:104] executing <function connect.<locals>.connector at 0x0000021C00ECA700>
2025-07-16 18:09:52,782 [DEBUG] [aiosqlite:106] operation <function connect.<locals>.connector at 0x0000021C00ECA700> completed
2025-07-16 18:09:52,783 [DEBUG] [aiosqlite:104] executing functools.partial(<built-in method execute of sqlite3.Connection object at 0x0000021C048833D0>, 'SELECT first_name, last_name, role FROM users WHERE user_id = ?', (1765743546,))
2025-07-16 18:09:52,786 [DEBUG] [aiosqlite:106] operation functools.partial(<built-in method execute of sqlite3.Connection object at 0x0000021C048833D0>, 'SELECT first_name, last_name, role FROM users WHERE user_id = ?', (1765743546,)) completed
2025-07-16 18:09:52,787 [DEBUG] [aiosqlite:104] executing functools.partial(<built-in method fetchone of sqlite3.Cursor object at 0x0000021C0491BF40>)
2025-07-16 18:09:52,788 [DEBUG] [aiosqlite:106] operation functools.partial(<built-in method fetchone of sqlite3.Cursor object at 0x0000021C0491BF40>) completed
2025-07-16 18:09:52,789 [DEBUG] [aiosqlite:104] executing functools.partial(<built-in method close of sqlite3.Connection object at 0x0000021C048833D0>)
2025-07-16 18:09:52,790 [DEBUG] [aiosqlite:106] operation functools.partial(<built-in method close of sqlite3.Connection object at 0x0000021C048833D0>) completed
2025-07-16 18:09:55,572 [INFO] [aiogram.event:172] Update id=861001418 is not handled. Duration 2841 ms by bot id=7637424219
2025-07-16 18:09:55,574 [ERROR] [aiogram.event:315] Cause exception while process update id=861001418 by bot id=7637424219
ImportError: cannot import name 'refresh_deal_details' from 'handlers.poll_details' (C:\Users\DELL\Desktop\gpt\Masterbot1\handlers\poll_details.py)
Traceback (most recent call last):
  File "C:\Users\DELL\AppData\Local\Programs\Python\Python313\Lib\site-packages\aiogram\dispatcher\dispatcher.py", line 309, in _process_update
    response = await self.feed_update(bot, update, **kwargs)
               ^^^^^^^^^^^^^^^^^^^^^^^^^^^^^^^^^^^^^^^^^^^^^
  File "C:\Users\DELL\AppData\Local\Programs\Python\Python313\Lib\site-packages\aiogram\dispatcher\dispatcher.py", line 158, in feed_update
    response = await self.update.wrap_outer_middleware(
               ^^^^^^^^^^^^^^^^^^^^^^^^^^^^^^^^^^^^^^^^
    ...<7 lines>...
    )
    ^
  File "C:\Users\DELL\AppData\Local\Programs\Python\Python313\Lib\site-packages\aiogram\dispatcher\middlewares\error.py", line 25, in __call__
    return await handler(event, data)
           ^^^^^^^^^^^^^^^^^^^^^^^^^^
  File "C:\Users\DELL\AppData\Local\Programs\Python\Python313\Lib\site-packages\aiogram\dispatcher\middlewares\user_context.py", line 56, in __call__
    return await handler(event, data)
           ^^^^^^^^^^^^^^^^^^^^^^^^^^
  File "C:\Users\DELL\AppData\Local\Programs\Python\Python313\Lib\site-packages\aiogram\fsm\middleware.py", line 42, in __call__
    return await handler(event, data)
           ^^^^^^^^^^^^^^^^^^^^^^^^^^
  File "C:\Users\DELL\AppData\Local\Programs\Python\Python313\Lib\site-packages\aiogram\dispatcher\event\telegram.py", line 121, in trigger
    return await wrapped_inner(event, kwargs)
           ^^^^^^^^^^^^^^^^^^^^^^^^^^^^^^^^^^
  File "C:\Users\DELL\AppData\Local\Programs\Python\Python313\Lib\site-packages\aiogram\dispatcher\event\handler.py", line 43, in call
    return await wrapped()
           ^^^^^^^^^^^^^^^
  File "C:\Users\DELL\AppData\Local\Programs\Python\Python313\Lib\site-packages\aiogram\dispatcher\dispatcher.py", line 276, in _listen_update
    return await self.propagate_event(update_type=update_type, event=event, **kwargs)
           ^^^^^^^^^^^^^^^^^^^^^^^^^^^^^^^^^^^^^^^^^^^^^^^^^^^^^^^^^^^^^^^^^^^^^^^^^^
  File "C:\Users\DELL\AppData\Local\Programs\Python\Python313\Lib\site-packages\aiogram\dispatcher\router.py", line 146, in propagate_event
    return await observer.wrap_outer_middleware(_wrapped, event=event, data=kwargs)
           ^^^^^^^^^^^^^^^^^^^^^^^^^^^^^^^^^^^^^^^^^^^^^^^^^^^^^^^^^^^^^^^^^^^^^^^^
  File "C:\Users\DELL\AppData\Local\Programs\Python\Python313\Lib\site-packages\aiogram\dispatcher\router.py", line 141, in _wrapped
    return await self._propagate_event(
           ^^^^^^^^^^^^^^^^^^^^^^^^^^^^
        observer=observer, update_type=update_type, event=telegram_event, **data
        ^^^^^^^^^^^^^^^^^^^^^^^^^^^^^^^^^^^^^^^^^^^^^^^^^^^^^^^^^^^^^^^^^^^^^^^^
    )
    ^
  File "C:\Users\DELL\AppData\Local\Programs\Python\Python313\Lib\site-packages\aiogram\dispatcher\router.py", line 174, in _propagate_event
    response = await router.propagate_event(update_type=update_type, event=event, **kwargs)
               ^^^^^^^^^^^^^^^^^^^^^^^^^^^^^^^^^^^^^^^^^^^^^^^^^^^^^^^^^^^^^^^^^^^^^^^^^^^^
  File "C:\Users\DELL\AppData\Local\Programs\Python\Python313\Lib\site-packages\aiogram\dispatcher\router.py", line 146, in propagate_event
    return await observer.wrap_outer_middleware(_wrapped, event=event, data=kwargs)
           ^^^^^^^^^^^^^^^^^^^^^^^^^^^^^^^^^^^^^^^^^^^^^^^^^^^^^^^^^^^^^^^^^^^^^^^^
  File "C:\Users\DELL\AppData\Local\Programs\Python\Python313\Lib\site-packages\aiogram\dispatcher\router.py", line 141, in _wrapped
    return await self._propagate_event(
           ^^^^^^^^^^^^^^^^^^^^^^^^^^^^
        observer=observer, update_type=update_type, event=telegram_event, **data
        ^^^^^^^^^^^^^^^^^^^^^^^^^^^^^^^^^^^^^^^^^^^^^^^^^^^^^^^^^^^^^^^^^^^^^^^^
    )
    ^
  File "C:\Users\DELL\AppData\Local\Programs\Python\Python313\Lib\site-packages\aiogram\dispatcher\router.py", line 166, in _propagate_event
    response = await observer.trigger(event, **kwargs)
               ^^^^^^^^^^^^^^^^^^^^^^^^^^^^^^^^^^^^^^^
  File "C:\Users\DELL\AppData\Local\Programs\Python\Python313\Lib\site-packages\aiogram\dispatcher\event\telegram.py", line 121, in trigger
    return await wrapped_inner(event, kwargs)
           ^^^^^^^^^^^^^^^^^^^^^^^^^^^^^^^^^^
  File "C:\Users\DELL\AppData\Local\Programs\Python\Python313\Lib\site-packages\aiogram\dispatcher\event\handler.py", line 43, in call
    return await wrapped()
           ^^^^^^^^^^^^^^^
  File "C:\Users\DELL\Desktop\gpt\Masterbot1\handlers\polls.py", line 321, in handle_poll_answer
    await _refresh_detail_views(impacted, refresh_all)
  File "C:\Users\DELL\Desktop\gpt\Masterbot1\handlers\polls.py", line 357, in _refresh_detail_views
    from handlers.poll_details import refresh_deal_details
ImportError: cannot import name 'refresh_deal_details' from 'handlers.poll_details' (C:\Users\DELL\Desktop\gpt\Masterbot1\handlers\poll_details.py)
2025-07-16 18:09:55,659 [INFO] [aiogram.event:172] Update id=861001417 is not handled. Duration 18129 ms by bot id=7637424219
2025-07-16 18:09:55,659 [ERROR] [aiogram.event:315] Cause exception while process update id=861001417 by bot id=7637424219
TelegramBadRequest: Telegram server says - Bad Request: query is too old and response timeout expired or query ID is invalid
Traceback (most recent call last):
  File "C:\Users\DELL\AppData\Local\Programs\Python\Python313\Lib\site-packages\aiogram\dispatcher\dispatcher.py", line 309, in _process_update
    response = await self.feed_update(bot, update, **kwargs)
               ^^^^^^^^^^^^^^^^^^^^^^^^^^^^^^^^^^^^^^^^^^^^^
  File "C:\Users\DELL\AppData\Local\Programs\Python\Python313\Lib\site-packages\aiogram\dispatcher\dispatcher.py", line 158, in feed_update
    response = await self.update.wrap_outer_middleware(
               ^^^^^^^^^^^^^^^^^^^^^^^^^^^^^^^^^^^^^^^^
    ...<7 lines>...
    )
    ^
  File "C:\Users\DELL\AppData\Local\Programs\Python\Python313\Lib\site-packages\aiogram\dispatcher\middlewares\error.py", line 25, in __call__
    return await handler(event, data)
           ^^^^^^^^^^^^^^^^^^^^^^^^^^
  File "C:\Users\DELL\AppData\Local\Programs\Python\Python313\Lib\site-packages\aiogram\dispatcher\middlewares\user_context.py", line 56, in __call__
    return await handler(event, data)
           ^^^^^^^^^^^^^^^^^^^^^^^^^^
  File "C:\Users\DELL\AppData\Local\Programs\Python\Python313\Lib\site-packages\aiogram\fsm\middleware.py", line 42, in __call__
    return await handler(event, data)
           ^^^^^^^^^^^^^^^^^^^^^^^^^^
  File "C:\Users\DELL\AppData\Local\Programs\Python\Python313\Lib\site-packages\aiogram\dispatcher\event\telegram.py", line 121, in trigger
    return await wrapped_inner(event, kwargs)
           ^^^^^^^^^^^^^^^^^^^^^^^^^^^^^^^^^^
  File "C:\Users\DELL\AppData\Local\Programs\Python\Python313\Lib\site-packages\aiogram\dispatcher\event\handler.py", line 43, in call
    return await wrapped()
           ^^^^^^^^^^^^^^^
  File "C:\Users\DELL\AppData\Local\Programs\Python\Python313\Lib\site-packages\aiogram\dispatcher\dispatcher.py", line 276, in _listen_update
    return await self.propagate_event(update_type=update_type, event=event, **kwargs)
           ^^^^^^^^^^^^^^^^^^^^^^^^^^^^^^^^^^^^^^^^^^^^^^^^^^^^^^^^^^^^^^^^^^^^^^^^^^
  File "C:\Users\DELL\AppData\Local\Programs\Python\Python313\Lib\site-packages\aiogram\dispatcher\router.py", line 146, in propagate_event
    return await observer.wrap_outer_middleware(_wrapped, event=event, data=kwargs)
           ^^^^^^^^^^^^^^^^^^^^^^^^^^^^^^^^^^^^^^^^^^^^^^^^^^^^^^^^^^^^^^^^^^^^^^^^
  File "C:\Users\DELL\AppData\Local\Programs\Python\Python313\Lib\site-packages\aiogram\dispatcher\router.py", line 141, in _wrapped
    return await self._propagate_event(
           ^^^^^^^^^^^^^^^^^^^^^^^^^^^^
        observer=observer, update_type=update_type, event=telegram_event, **data
        ^^^^^^^^^^^^^^^^^^^^^^^^^^^^^^^^^^^^^^^^^^^^^^^^^^^^^^^^^^^^^^^^^^^^^^^^
    )
    ^
  File "C:\Users\DELL\AppData\Local\Programs\Python\Python313\Lib\site-packages\aiogram\dispatcher\router.py", line 174, in _propagate_event
    response = await router.propagate_event(update_type=update_type, event=event, **kwargs)
               ^^^^^^^^^^^^^^^^^^^^^^^^^^^^^^^^^^^^^^^^^^^^^^^^^^^^^^^^^^^^^^^^^^^^^^^^^^^^
  File "C:\Users\DELL\AppData\Local\Programs\Python\Python313\Lib\site-packages\aiogram\dispatcher\router.py", line 146, in propagate_event
    return await observer.wrap_outer_middleware(_wrapped, event=event, data=kwargs)
           ^^^^^^^^^^^^^^^^^^^^^^^^^^^^^^^^^^^^^^^^^^^^^^^^^^^^^^^^^^^^^^^^^^^^^^^^
  File "C:\Users\DELL\AppData\Local\Programs\Python\Python313\Lib\site-packages\aiogram\dispatcher\router.py", line 141, in _wrapped
    return await self._propagate_event(
           ^^^^^^^^^^^^^^^^^^^^^^^^^^^^
        observer=observer, update_type=update_type, event=telegram_event, **data
        ^^^^^^^^^^^^^^^^^^^^^^^^^^^^^^^^^^^^^^^^^^^^^^^^^^^^^^^^^^^^^^^^^^^^^^^^
    )
    ^
  File "C:\Users\DELL\AppData\Local\Programs\Python\Python313\Lib\site-packages\aiogram\dispatcher\router.py", line 166, in _propagate_event
    response = await observer.trigger(event, **kwargs)
               ^^^^^^^^^^^^^^^^^^^^^^^^^^^^^^^^^^^^^^^
  File "C:\Users\DELL\AppData\Local\Programs\Python\Python313\Lib\site-packages\aiogram\dispatcher\event\telegram.py", line 121, in trigger
    return await wrapped_inner(event, kwargs)
           ^^^^^^^^^^^^^^^^^^^^^^^^^^^^^^^^^^
  File "C:\Users\DELL\AppData\Local\Programs\Python\Python313\Lib\site-packages\aiogram\dispatcher\event\handler.py", line 43, in call
    return await wrapped()
           ^^^^^^^^^^^^^^^
  File "C:\Users\DELL\Desktop\gpt\Masterbot1\handlers\poll_details.py", line 189, in show_deal_callback_handler
    await callback.answer()
  File "C:\Users\DELL\AppData\Local\Programs\Python\Python313\Lib\site-packages\aiogram\methods\base.py", line 84, in emit
    return await bot(self)
           ^^^^^^^^^^^^^^^
  File "C:\Users\DELL\AppData\Local\Programs\Python\Python313\Lib\site-packages\aiogram\client\bot.py", line 478, in __call__
    return await self.session(self, method, timeout=request_timeout)
           ^^^^^^^^^^^^^^^^^^^^^^^^^^^^^^^^^^^^^^^^^^^^^^^^^^^^^^^^^
  File "C:\Users\DELL\AppData\Local\Programs\Python\Python313\Lib\site-packages\aiogram\client\session\base.py", line 254, in __call__
    return cast(TelegramType, await middleware(bot, method))
                              ^^^^^^^^^^^^^^^^^^^^^^^^^^^^^
  File "C:\Users\DELL\AppData\Local\Programs\Python\Python313\Lib\site-packages\aiogram\client\session\aiohttp.py", line 185, in make_request
    response = self.check_response(
        bot=bot, method=method, status_code=resp.status, content=raw_result
    )
  File "C:\Users\DELL\AppData\Local\Programs\Python\Python313\Lib\site-packages\aiogram\client\session\base.py", line 120, in check_response
    raise TelegramBadRequest(method=method, message=description)
aiogram.exceptions.TelegramBadRequest: Telegram server says - Bad Request: query is too old and response timeout expired or query ID is invalid
2025-07-16 18:10:10,332 [ERROR] [handlers.poll_details:58] Не удалось удалить старое сообщение детализации
Traceback (most recent call last):
  File "C:\Users\DELL\Desktop\gpt\Masterbot1\handlers\poll_details.py", line 56, in show_deal_callback_handler
    await callback.message.delete()
  File "C:\Users\DELL\AppData\Local\Programs\Python\Python313\Lib\site-packages\aiogram\methods\base.py", line 84, in emit
    return await bot(self)
           ^^^^^^^^^^^^^^^
  File "C:\Users\DELL\AppData\Local\Programs\Python\Python313\Lib\site-packages\aiogram\client\bot.py", line 478, in __call__
    return await self.session(self, method, timeout=request_timeout)
           ^^^^^^^^^^^^^^^^^^^^^^^^^^^^^^^^^^^^^^^^^^^^^^^^^^^^^^^^^
  File "C:\Users\DELL\AppData\Local\Programs\Python\Python313\Lib\site-packages\aiogram\client\session\base.py", line 254, in __call__
    return cast(TelegramType, await middleware(bot, method))
                              ^^^^^^^^^^^^^^^^^^^^^^^^^^^^^
  File "C:\Users\DELL\AppData\Local\Programs\Python\Python313\Lib\site-packages\aiogram\client\session\aiohttp.py", line 185, in make_request
    response = self.check_response(
        bot=bot, method=method, status_code=resp.status, content=raw_result
    )
  File "C:\Users\DELL\AppData\Local\Programs\Python\Python313\Lib\site-packages\aiogram\client\session\base.py", line 120, in check_response
    raise TelegramBadRequest(method=method, message=description)
aiogram.exceptions.TelegramBadRequest: Telegram server says - Bad Request: message to delete not found
2025-07-16 18:10:12,915 [INFO] [aiogram.event:172] Update id=861001419 is handled. Duration 6338 ms by bot id=7637424219
2025-07-16 18:10:22,403 [DEBUG] [aiosqlite:104] executing <function connect.<locals>.connector at 0x0000021C00D7F420>
2025-07-16 18:10:22,405 [DEBUG] [aiosqlite:106] operation <function connect.<locals>.connector at 0x0000021C00D7F420> completed
2025-07-16 18:10:22,406 [DEBUG] [aiosqlite:104] executing functools.partial(<built-in method execute of sqlite3.Connection object at 0x0000021C04882C50>, 'SELECT first_name, last_name, role FROM users WHERE user_id = ?', (1765743546,))
2025-07-16 18:10:22,408 [DEBUG] [aiosqlite:106] operation functools.partial(<built-in method execute of sqlite3.Connection object at 0x0000021C04882C50>, 'SELECT first_name, last_name, role FROM users WHERE user_id = ?', (1765743546,)) completed
2025-07-16 18:10:22,410 [DEBUG] [aiosqlite:104] executing functools.partial(<built-in method fetchone of sqlite3.Cursor object at 0x0000021C049195C0>)
2025-07-16 18:10:22,412 [DEBUG] [aiosqlite:106] operation functools.partial(<built-in method fetchone of sqlite3.Cursor object at 0x0000021C049195C0>) completed
2025-07-16 18:10:22,413 [DEBUG] [aiosqlite:104] executing functools.partial(<built-in method close of sqlite3.Connection object at 0x0000021C04882C50>)
2025-07-16 18:10:22,415 [DEBUG] [aiosqlite:106] operation functools.partial(<built-in method close of sqlite3.Connection object at 0x0000021C04882C50>) completed
2025-07-16 18:10:23,293 [INFO] [aiogram.event:172] Update id=861001420 is not handled. Duration 896 ms by bot id=7637424219
2025-07-16 18:10:23,293 [ERROR] [aiogram.event:315] Cause exception while process update id=861001420 by bot id=7637424219
RuntimeError: This method is not mounted to a any bot instance, please call it explicilty with bot instance `await bot(method)`
or mount method to a bot instance `method.as_(bot)` and then call it `await method`
Traceback (most recent call last):
  File "C:\Users\DELL\AppData\Local\Programs\Python\Python313\Lib\site-packages\aiogram\dispatcher\dispatcher.py", line 309, in _process_update
    response = await self.feed_update(bot, update, **kwargs)
               ^^^^^^^^^^^^^^^^^^^^^^^^^^^^^^^^^^^^^^^^^^^^^
  File "C:\Users\DELL\AppData\Local\Programs\Python\Python313\Lib\site-packages\aiogram\dispatcher\dispatcher.py", line 158, in feed_update
    response = await self.update.wrap_outer_middleware(
               ^^^^^^^^^^^^^^^^^^^^^^^^^^^^^^^^^^^^^^^^
    ...<7 lines>...
    )
    ^
  File "C:\Users\DELL\AppData\Local\Programs\Python\Python313\Lib\site-packages\aiogram\dispatcher\middlewares\error.py", line 25, in __call__
    return await handler(event, data)
           ^^^^^^^^^^^^^^^^^^^^^^^^^^
  File "C:\Users\DELL\AppData\Local\Programs\Python\Python313\Lib\site-packages\aiogram\dispatcher\middlewares\user_context.py", line 56, in __call__
    return await handler(event, data)
           ^^^^^^^^^^^^^^^^^^^^^^^^^^
  File "C:\Users\DELL\AppData\Local\Programs\Python\Python313\Lib\site-packages\aiogram\fsm\middleware.py", line 42, in __call__
    return await handler(event, data)
           ^^^^^^^^^^^^^^^^^^^^^^^^^^
  File "C:\Users\DELL\AppData\Local\Programs\Python\Python313\Lib\site-packages\aiogram\dispatcher\event\telegram.py", line 121, in trigger
    return await wrapped_inner(event, kwargs)
           ^^^^^^^^^^^^^^^^^^^^^^^^^^^^^^^^^^
  File "C:\Users\DELL\AppData\Local\Programs\Python\Python313\Lib\site-packages\aiogram\dispatcher\event\handler.py", line 43, in call
    return await wrapped()
           ^^^^^^^^^^^^^^^
  File "C:\Users\DELL\AppData\Local\Programs\Python\Python313\Lib\site-packages\aiogram\dispatcher\dispatcher.py", line 276, in _listen_update
    return await self.propagate_event(update_type=update_type, event=event, **kwargs)
           ^^^^^^^^^^^^^^^^^^^^^^^^^^^^^^^^^^^^^^^^^^^^^^^^^^^^^^^^^^^^^^^^^^^^^^^^^^
  File "C:\Users\DELL\AppData\Local\Programs\Python\Python313\Lib\site-packages\aiogram\dispatcher\router.py", line 146, in propagate_event
    return await observer.wrap_outer_middleware(_wrapped, event=event, data=kwargs)
           ^^^^^^^^^^^^^^^^^^^^^^^^^^^^^^^^^^^^^^^^^^^^^^^^^^^^^^^^^^^^^^^^^^^^^^^^
  File "C:\Users\DELL\AppData\Local\Programs\Python\Python313\Lib\site-packages\aiogram\dispatcher\router.py", line 141, in _wrapped
    return await self._propagate_event(
           ^^^^^^^^^^^^^^^^^^^^^^^^^^^^
        observer=observer, update_type=update_type, event=telegram_event, **data
        ^^^^^^^^^^^^^^^^^^^^^^^^^^^^^^^^^^^^^^^^^^^^^^^^^^^^^^^^^^^^^^^^^^^^^^^^
    )
    ^
  File "C:\Users\DELL\AppData\Local\Programs\Python\Python313\Lib\site-packages\aiogram\dispatcher\router.py", line 174, in _propagate_event
    response = await router.propagate_event(update_type=update_type, event=event, **kwargs)
               ^^^^^^^^^^^^^^^^^^^^^^^^^^^^^^^^^^^^^^^^^^^^^^^^^^^^^^^^^^^^^^^^^^^^^^^^^^^^
  File "C:\Users\DELL\AppData\Local\Programs\Python\Python313\Lib\site-packages\aiogram\dispatcher\router.py", line 146, in propagate_event
    return await observer.wrap_outer_middleware(_wrapped, event=event, data=kwargs)
           ^^^^^^^^^^^^^^^^^^^^^^^^^^^^^^^^^^^^^^^^^^^^^^^^^^^^^^^^^^^^^^^^^^^^^^^^
  File "C:\Users\DELL\AppData\Local\Programs\Python\Python313\Lib\site-packages\aiogram\dispatcher\router.py", line 141, in _wrapped
    return await self._propagate_event(
           ^^^^^^^^^^^^^^^^^^^^^^^^^^^^
        observer=observer, update_type=update_type, event=telegram_event, **data
        ^^^^^^^^^^^^^^^^^^^^^^^^^^^^^^^^^^^^^^^^^^^^^^^^^^^^^^^^^^^^^^^^^^^^^^^^
    )
    ^
  File "C:\Users\DELL\AppData\Local\Programs\Python\Python313\Lib\site-packages\aiogram\dispatcher\router.py", line 166, in _propagate_event
    response = await observer.trigger(event, **kwargs)
               ^^^^^^^^^^^^^^^^^^^^^^^^^^^^^^^^^^^^^^^
  File "C:\Users\DELL\AppData\Local\Programs\Python\Python313\Lib\site-packages\aiogram\dispatcher\event\telegram.py", line 121, in trigger
    return await wrapped_inner(event, kwargs)
           ^^^^^^^^^^^^^^^^^^^^^^^^^^^^^^^^^^
  File "C:\Users\DELL\AppData\Local\Programs\Python\Python313\Lib\site-packages\aiogram\dispatcher\event\handler.py", line 43, in call
    return await wrapped()
           ^^^^^^^^^^^^^^^
  File "C:\Users\DELL\Desktop\gpt\Masterbot1\handlers\poll_details.py", line 231, in assign_swap_handler
    await show_deal_callback_handler(
    ...<7 lines>...
    )
  File "C:\Users\DELL\Desktop\gpt\Masterbot1\handlers\poll_details.py", line 189, in show_deal_callback_handler
    await callback.answer()
  File "C:\Users\DELL\AppData\Local\Programs\Python\Python313\Lib\site-packages\aiogram\methods\base.py", line 89, in __await__
    raise RuntimeError(
    ...<4 lines>...
    )
RuntimeError: This method is not mounted to a any bot instance, please call it explicilty with bot instance `await bot(method)`
or mount method to a bot instance `method.as_(bot)` and then call it `await method`
2025-07-16 18:10:46,196 [DEBUG] [aiosqlite:104] executing <function connect.<locals>.connector at 0x0000021C00D7F7E0>
2025-07-16 18:10:46,197 [DEBUG] [aiosqlite:106] operation <function connect.<locals>.connector at 0x0000021C00D7F7E0> completed
2025-07-16 18:10:46,198 [DEBUG] [aiosqlite:104] executing functools.partial(<built-in method execute of sqlite3.Connection object at 0x0000021C00D4FD30>, 'SELECT first_name, last_name, role FROM users WHERE user_id = ?', (1018880781,))
2025-07-16 18:10:46,199 [DEBUG] [aiosqlite:106] operation functools.partial(<built-in method execute of sqlite3.Connection object at 0x0000021C00D4FD30>, 'SELECT first_name, last_name, role FROM users WHERE user_id = ?', (1018880781,)) completed
2025-07-16 18:10:46,199 [DEBUG] [aiosqlite:104] executing functools.partial(<built-in method fetchone of sqlite3.Cursor object at 0x0000021C048EF4C0>)
2025-07-16 18:10:46,200 [DEBUG] [aiosqlite:106] operation functools.partial(<built-in method fetchone of sqlite3.Cursor object at 0x0000021C048EF4C0>) completed
2025-07-16 18:10:46,200 [DEBUG] [aiosqlite:104] executing functools.partial(<built-in method close of sqlite3.Connection object at 0x0000021C00D4FD30>)
2025-07-16 18:10:46,201 [DEBUG] [aiosqlite:106] operation functools.partial(<built-in method close of sqlite3.Connection object at 0x0000021C00D4FD30>) completed
2025-07-16 18:10:51,736 [DEBUG] [aiosqlite:104] executing <function connect.<locals>.connector at 0x0000021C00DD8AE0>
2025-07-16 18:10:51,738 [DEBUG] [aiosqlite:106] operation <function connect.<locals>.connector at 0x0000021C00DD8AE0> completed
2025-07-16 18:10:51,740 [DEBUG] [aiosqlite:104] executing functools.partial(<built-in method execute of sqlite3.Connection object at 0x0000021C00D4FD30>, 'SELECT first_name, last_name, role FROM users WHERE user_id = ?', (1018880781,))
2025-07-16 18:10:51,742 [DEBUG] [aiosqlite:106] operation functools.partial(<built-in method execute of sqlite3.Connection object at 0x0000021C00D4FD30>, 'SELECT first_name, last_name, role FROM users WHERE user_id = ?', (1018880781,)) completed
2025-07-16 18:10:51,743 [DEBUG] [aiosqlite:104] executing functools.partial(<built-in method fetchone of sqlite3.Cursor object at 0x0000021C0485B340>)
2025-07-16 18:10:51,745 [DEBUG] [aiosqlite:106] operation functools.partial(<built-in method fetchone of sqlite3.Cursor object at 0x0000021C0485B340>) completed
2025-07-16 18:10:51,747 [DEBUG] [aiosqlite:104] executing functools.partial(<built-in method close of sqlite3.Connection object at 0x0000021C00D4FD30>)
2025-07-16 18:10:51,748 [DEBUG] [aiosqlite:106] operation functools.partial(<built-in method close of sqlite3.Connection object at 0x0000021C00D4FD30>) completed
2025-07-16 18:10:51,750 [DEBUG] [aiosqlite:104] executing <function connect.<locals>.connector at 0x0000021C00D7EF20>
2025-07-16 18:10:51,754 [DEBUG] [aiosqlite:106] operation <function connect.<locals>.connector at 0x0000021C00D7EF20> completed
2025-07-16 18:10:51,761 [DEBUG] [aiosqlite:104] executing functools.partial(<built-in method execute of sqlite3.Connection object at 0x0000021C00D4F6A0>, 'SELECT first_name, last_name, role FROM users WHERE user_id = ?', (625280877,))
2025-07-16 18:10:51,762 [DEBUG] [aiosqlite:106] operation functools.partial(<built-in method execute of sqlite3.Connection object at 0x0000021C00D4F6A0>, 'SELECT first_name, last_name, role FROM users WHERE user_id = ?', (625280877,)) completed
2025-07-16 18:10:51,763 [DEBUG] [aiosqlite:104] executing functools.partial(<built-in method fetchone of sqlite3.Cursor object at 0x0000021C00DAD440>)
2025-07-16 18:10:51,764 [DEBUG] [aiosqlite:106] operation functools.partial(<built-in method fetchone of sqlite3.Cursor object at 0x0000021C00DAD440>) completed
2025-07-16 18:10:51,765 [DEBUG] [aiosqlite:104] executing functools.partial(<built-in method close of sqlite3.Connection object at 0x0000021C00D4F6A0>)
2025-07-16 18:10:51,766 [DEBUG] [aiosqlite:106] operation functools.partial(<built-in method close of sqlite3.Connection object at 0x0000021C00D4F6A0>) completed
2025-07-16 18:10:51,767 [DEBUG] [aiosqlite:104] executing <function connect.<locals>.connector at 0x0000021C00D7E340>
2025-07-16 18:10:51,768 [DEBUG] [aiosqlite:106] operation <function connect.<locals>.connector at 0x0000021C00D7E340> completed
2025-07-16 18:10:51,769 [DEBUG] [aiosqlite:104] executing functools.partial(<built-in method execute of sqlite3.Connection object at 0x0000021C00D4F5B0>, 'SELECT first_name, last_name, role FROM users WHERE user_id = ?', (1765743546,))
2025-07-16 18:10:51,771 [DEBUG] [aiosqlite:106] operation functools.partial(<built-in method execute of sqlite3.Connection object at 0x0000021C00D4F5B0>, 'SELECT first_name, last_name, role FROM users WHERE user_id = ?', (1765743546,)) completed
2025-07-16 18:10:51,772 [DEBUG] [aiosqlite:104] executing functools.partial(<built-in method fetchone of sqlite3.Cursor object at 0x0000021C0488BCC0>)
2025-07-16 18:10:51,772 [DEBUG] [aiosqlite:106] operation functools.partial(<built-in method fetchone of sqlite3.Cursor object at 0x0000021C0488BCC0>) completed
2025-07-16 18:10:51,774 [DEBUG] [aiosqlite:104] executing functools.partial(<built-in method close of sqlite3.Connection object at 0x0000021C00D4F5B0>)
2025-07-16 18:10:51,774 [DEBUG] [aiosqlite:106] operation functools.partial(<built-in method close of sqlite3.Connection object at 0x0000021C00D4F5B0>) completed
2025-07-16 18:10:51,865 [DEBUG] [aiosqlite:104] executing <function connect.<locals>.connector at 0x0000021C00D7F7E0>
2025-07-16 18:10:51,867 [DEBUG] [aiosqlite:106] operation <function connect.<locals>.connector at 0x0000021C00D7F7E0> completed
2025-07-16 18:10:51,869 [DEBUG] [aiosqlite:104] executing functools.partial(<built-in method execute of sqlite3.Connection object at 0x0000021C00D4CF40>, 'SELECT first_name, last_name, role FROM users WHERE user_id = ?', (1018880781,))
2025-07-16 18:10:51,871 [DEBUG] [aiosqlite:106] operation functools.partial(<built-in method execute of sqlite3.Connection object at 0x0000021C00D4CF40>, 'SELECT first_name, last_name, role FROM users WHERE user_id = ?', (1018880781,)) completed
2025-07-16 18:10:51,872 [DEBUG] [aiosqlite:104] executing functools.partial(<built-in method fetchone of sqlite3.Cursor object at 0x0000021C048EF240>)
2025-07-16 18:10:51,873 [DEBUG] [aiosqlite:106] operation functools.partial(<built-in method fetchone of sqlite3.Cursor object at 0x0000021C048EF240>) completed
2025-07-16 18:10:51,876 [DEBUG] [aiosqlite:104] executing functools.partial(<built-in method close of sqlite3.Connection object at 0x0000021C00D4CF40>)
2025-07-16 18:10:51,877 [DEBUG] [aiosqlite:106] operation functools.partial(<built-in method close of sqlite3.Connection object at 0x0000021C00D4CF40>) completed
2025-07-16 18:10:55,887 [INFO] [aiogram.event:172] Update id=861001421 is handled. Duration 9693 ms by bot id=7637424219
2025-07-16 18:11:06,999 [ERROR] [handlers.poll_details:58] Не удалось удалить старое сообщение детализации
Traceback (most recent call last):
  File "C:\Users\DELL\Desktop\gpt\Masterbot1\handlers\poll_details.py", line 56, in show_deal_callback_handler
    await callback.message.delete()
  File "C:\Users\DELL\AppData\Local\Programs\Python\Python313\Lib\site-packages\aiogram\methods\base.py", line 84, in emit
    return await bot(self)
           ^^^^^^^^^^^^^^^
  File "C:\Users\DELL\AppData\Local\Programs\Python\Python313\Lib\site-packages\aiogram\client\bot.py", line 478, in __call__
    return await self.session(self, method, timeout=request_timeout)
           ^^^^^^^^^^^^^^^^^^^^^^^^^^^^^^^^^^^^^^^^^^^^^^^^^^^^^^^^^
  File "C:\Users\DELL\AppData\Local\Programs\Python\Python313\Lib\site-packages\aiogram\client\session\base.py", line 254, in __call__
    return cast(TelegramType, await middleware(bot, method))
                              ^^^^^^^^^^^^^^^^^^^^^^^^^^^^^
  File "C:\Users\DELL\AppData\Local\Programs\Python\Python313\Lib\site-packages\aiogram\client\session\aiohttp.py", line 185, in make_request
    response = self.check_response(
        bot=bot, method=method, status_code=resp.status, content=raw_result
    )
  File "C:\Users\DELL\AppData\Local\Programs\Python\Python313\Lib\site-packages\aiogram\client\session\base.py", line 120, in check_response
    raise TelegramBadRequest(method=method, message=description)
aiogram.exceptions.TelegramBadRequest: Telegram server says - Bad Request: message to delete not found
2025-07-16 18:11:08,043 [INFO] [aiogram.event:172] Update id=861001422 is handled. Duration 1757 ms by bot id=7637424219
2025-07-16 18:11:33,463 [DEBUG] [aiosqlite:104] executing <function connect.<locals>.connector at 0x0000021C00ECA8E0>
2025-07-16 18:11:33,467 [DEBUG] [aiosqlite:106] operation <function connect.<locals>.connector at 0x0000021C00ECA8E0> completed
2025-07-16 18:11:33,469 [DEBUG] [aiosqlite:104] executing functools.partial(<built-in method execute of sqlite3.Connection object at 0x0000021C00D4CF40>, 'SELECT first_name, last_name, role FROM users WHERE user_id = ?', (625280877,))
2025-07-16 18:11:33,472 [DEBUG] [aiosqlite:106] operation functools.partial(<built-in method execute of sqlite3.Connection object at 0x0000021C00D4CF40>, 'SELECT first_name, last_name, role FROM users WHERE user_id = ?', (625280877,)) completed
2025-07-16 18:11:33,474 [DEBUG] [aiosqlite:104] executing functools.partial(<built-in method fetchone of sqlite3.Cursor object at 0x0000021C0491B140>)
2025-07-16 18:11:33,475 [DEBUG] [aiosqlite:106] operation functools.partial(<built-in method fetchone of sqlite3.Cursor object at 0x0000021C0491B140>) completed
2025-07-16 18:11:33,476 [DEBUG] [aiosqlite:104] executing functools.partial(<built-in method close of sqlite3.Connection object at 0x0000021C00D4CF40>)
2025-07-16 18:11:33,477 [DEBUG] [aiosqlite:106] operation functools.partial(<built-in method close of sqlite3.Connection object at 0x0000021C00D4CF40>) completed
2025-07-16 18:11:36,524 [INFO] [aiogram.event:172] Update id=861001423 is not handled. Duration 3069 ms by bot id=7637424219
2025-07-16 18:11:36,525 [ERROR] [aiogram.event:315] Cause exception while process update id=861001423 by bot id=7637424219
RuntimeError: This method is not mounted to a any bot instance, please call it explicilty with bot instance `await bot(method)`
or mount method to a bot instance `method.as_(bot)` and then call it `await method`
Traceback (most recent call last):
  File "C:\Users\DELL\AppData\Local\Programs\Python\Python313\Lib\site-packages\aiogram\dispatcher\dispatcher.py", line 309, in _process_update
    response = await self.feed_update(bot, update, **kwargs)
               ^^^^^^^^^^^^^^^^^^^^^^^^^^^^^^^^^^^^^^^^^^^^^
  File "C:\Users\DELL\AppData\Local\Programs\Python\Python313\Lib\site-packages\aiogram\dispatcher\dispatcher.py", line 158, in feed_update
    response = await self.update.wrap_outer_middleware(
               ^^^^^^^^^^^^^^^^^^^^^^^^^^^^^^^^^^^^^^^^
    ...<7 lines>...
    )
    ^
  File "C:\Users\DELL\AppData\Local\Programs\Python\Python313\Lib\site-packages\aiogram\dispatcher\middlewares\error.py", line 25, in __call__
    return await handler(event, data)
           ^^^^^^^^^^^^^^^^^^^^^^^^^^
  File "C:\Users\DELL\AppData\Local\Programs\Python\Python313\Lib\site-packages\aiogram\dispatcher\middlewares\user_context.py", line 56, in __call__
    return await handler(event, data)
           ^^^^^^^^^^^^^^^^^^^^^^^^^^
  File "C:\Users\DELL\AppData\Local\Programs\Python\Python313\Lib\site-packages\aiogram\fsm\middleware.py", line 42, in __call__
    return await handler(event, data)
           ^^^^^^^^^^^^^^^^^^^^^^^^^^
  File "C:\Users\DELL\AppData\Local\Programs\Python\Python313\Lib\site-packages\aiogram\dispatcher\event\telegram.py", line 121, in trigger
    return await wrapped_inner(event, kwargs)
           ^^^^^^^^^^^^^^^^^^^^^^^^^^^^^^^^^^
  File "C:\Users\DELL\AppData\Local\Programs\Python\Python313\Lib\site-packages\aiogram\dispatcher\event\handler.py", line 43, in call
    return await wrapped()
           ^^^^^^^^^^^^^^^
  File "C:\Users\DELL\AppData\Local\Programs\Python\Python313\Lib\site-packages\aiogram\dispatcher\dispatcher.py", line 276, in _listen_update
    return await self.propagate_event(update_type=update_type, event=event, **kwargs)
           ^^^^^^^^^^^^^^^^^^^^^^^^^^^^^^^^^^^^^^^^^^^^^^^^^^^^^^^^^^^^^^^^^^^^^^^^^^
  File "C:\Users\DELL\AppData\Local\Programs\Python\Python313\Lib\site-packages\aiogram\dispatcher\router.py", line 146, in propagate_event
    return await observer.wrap_outer_middleware(_wrapped, event=event, data=kwargs)
           ^^^^^^^^^^^^^^^^^^^^^^^^^^^^^^^^^^^^^^^^^^^^^^^^^^^^^^^^^^^^^^^^^^^^^^^^
  File "C:\Users\DELL\AppData\Local\Programs\Python\Python313\Lib\site-packages\aiogram\dispatcher\router.py", line 141, in _wrapped
    return await self._propagate_event(
           ^^^^^^^^^^^^^^^^^^^^^^^^^^^^
        observer=observer, update_type=update_type, event=telegram_event, **data
        ^^^^^^^^^^^^^^^^^^^^^^^^^^^^^^^^^^^^^^^^^^^^^^^^^^^^^^^^^^^^^^^^^^^^^^^^
    )
    ^
  File "C:\Users\DELL\AppData\Local\Programs\Python\Python313\Lib\site-packages\aiogram\dispatcher\router.py", line 174, in _propagate_event
    response = await router.propagate_event(update_type=update_type, event=event, **kwargs)
               ^^^^^^^^^^^^^^^^^^^^^^^^^^^^^^^^^^^^^^^^^^^^^^^^^^^^^^^^^^^^^^^^^^^^^^^^^^^^
  File "C:\Users\DELL\AppData\Local\Programs\Python\Python313\Lib\site-packages\aiogram\dispatcher\router.py", line 146, in propagate_event
    return await observer.wrap_outer_middleware(_wrapped, event=event, data=kwargs)
           ^^^^^^^^^^^^^^^^^^^^^^^^^^^^^^^^^^^^^^^^^^^^^^^^^^^^^^^^^^^^^^^^^^^^^^^^
  File "C:\Users\DELL\AppData\Local\Programs\Python\Python313\Lib\site-packages\aiogram\dispatcher\router.py", line 141, in _wrapped
    return await self._propagate_event(
           ^^^^^^^^^^^^^^^^^^^^^^^^^^^^
        observer=observer, update_type=update_type, event=telegram_event, **data
        ^^^^^^^^^^^^^^^^^^^^^^^^^^^^^^^^^^^^^^^^^^^^^^^^^^^^^^^^^^^^^^^^^^^^^^^^
    )
    ^
  File "C:\Users\DELL\AppData\Local\Programs\Python\Python313\Lib\site-packages\aiogram\dispatcher\router.py", line 166, in _propagate_event
    response = await observer.trigger(event, **kwargs)
               ^^^^^^^^^^^^^^^^^^^^^^^^^^^^^^^^^^^^^^^
  File "C:\Users\DELL\AppData\Local\Programs\Python\Python313\Lib\site-packages\aiogram\dispatcher\event\telegram.py", line 121, in trigger
    return await wrapped_inner(event, kwargs)
           ^^^^^^^^^^^^^^^^^^^^^^^^^^^^^^^^^^
  File "C:\Users\DELL\AppData\Local\Programs\Python\Python313\Lib\site-packages\aiogram\dispatcher\event\handler.py", line 43, in call
    return await wrapped()
           ^^^^^^^^^^^^^^^
  File "C:\Users\DELL\Desktop\gpt\Masterbot1\handlers\poll_details.py", line 231, in assign_swap_handler
    await show_deal_callback_handler(
    ...<7 lines>...
    )
  File "C:\Users\DELL\Desktop\gpt\Masterbot1\handlers\poll_details.py", line 189, in show_deal_callback_handler
    await callback.answer()
  File "C:\Users\DELL\AppData\Local\Programs\Python\Python313\Lib\site-packages\aiogram\methods\base.py", line 89, in __await__
    raise RuntimeError(
    ...<4 lines>...
    )
RuntimeError: This method is not mounted to a any bot instance, please call it explicilty with bot instance `await bot(method)`
or mount method to a bot instance `method.as_(bot)` and then call it `await method`
2025-07-16 18:14:15,982 [ERROR] [aiogram.dispatcher:219] Failed to fetch updates - TelegramNetworkError: HTTP Client says - ClientOSError: [WinError 121] Превышен таймаут семафора
2025-07-16 18:14:15,983 [WARNING] [aiogram.dispatcher:221] Sleep for 1.000000 seconds and try again... (tryings = 0, bot id = 7637424219)
2025-07-16 18:14:36,885 [INFO] [aiogram.dispatcher:233] Connection established (tryings = 1, bot id = 7637424219)
2025-07-16 18:15:52,102 [DEBUG] [aiosqlite:104] executing <function connect.<locals>.connector at 0x0000021C00D7E340>
2025-07-16 18:15:52,105 [DEBUG] [aiosqlite:106] operation <function connect.<locals>.connector at 0x0000021C00D7E340> completed
2025-07-16 18:15:52,107 [DEBUG] [aiosqlite:104] executing functools.partial(<built-in method execute of sqlite3.Connection object at 0x0000021C00D4FB50>, 'SELECT first_name, last_name, role FROM users WHERE user_id = ?', (1018880781,))
2025-07-16 18:15:52,112 [DEBUG] [aiosqlite:106] operation functools.partial(<built-in method execute of sqlite3.Connection object at 0x0000021C00D4FB50>, 'SELECT first_name, last_name, role FROM users WHERE user_id = ?', (1018880781,)) completed
2025-07-16 18:15:52,117 [DEBUG] [aiosqlite:104] executing functools.partial(<built-in method fetchone of sqlite3.Cursor object at 0x0000021C00DADD40>)
2025-07-16 18:15:52,121 [DEBUG] [aiosqlite:106] operation functools.partial(<built-in method fetchone of sqlite3.Cursor object at 0x0000021C00DADD40>) completed
2025-07-16 18:15:52,129 [DEBUG] [aiosqlite:104] executing functools.partial(<built-in method close of sqlite3.Connection object at 0x0000021C00D4FB50>)
2025-07-16 18:15:52,130 [DEBUG] [aiosqlite:106] operation functools.partial(<built-in method close of sqlite3.Connection object at 0x0000021C00D4FB50>) completed
2025-07-16 18:16:21,656 [DEBUG] [aiosqlite:104] executing <function connect.<locals>.connector at 0x0000021C00D7E340>
2025-07-16 18:16:21,657 [DEBUG] [aiosqlite:106] operation <function connect.<locals>.connector at 0x0000021C00D7E340> completed
2025-07-16 18:16:21,658 [DEBUG] [aiosqlite:104] executing functools.partial(<built-in method execute of sqlite3.Connection object at 0x0000021C00D4CE50>, 'SELECT first_name, last_name, role FROM users WHERE user_id = ?', (1018880781,))
2025-07-16 18:16:21,659 [DEBUG] [aiosqlite:106] operation functools.partial(<built-in method execute of sqlite3.Connection object at 0x0000021C00D4CE50>, 'SELECT first_name, last_name, role FROM users WHERE user_id = ?', (1018880781,)) completed
2025-07-16 18:16:21,660 [DEBUG] [aiosqlite:104] executing functools.partial(<built-in method fetchone of sqlite3.Cursor object at 0x0000021C00D6CAC0>)
2025-07-16 18:16:21,661 [DEBUG] [aiosqlite:106] operation functools.partial(<built-in method fetchone of sqlite3.Cursor object at 0x0000021C00D6CAC0>) completed
2025-07-16 18:16:21,661 [DEBUG] [aiosqlite:104] executing functools.partial(<built-in method close of sqlite3.Connection object at 0x0000021C00D4CE50>)
2025-07-16 18:16:21,662 [DEBUG] [aiosqlite:106] operation functools.partial(<built-in method close of sqlite3.Connection object at 0x0000021C00D4CE50>) completed
2025-07-16 18:16:21,663 [DEBUG] [aiosqlite:104] executing <function connect.<locals>.connector at 0x0000021C00D7F7E0>
2025-07-16 18:16:21,665 [DEBUG] [aiosqlite:106] operation <function connect.<locals>.connector at 0x0000021C00D7F7E0> completed
2025-07-16 18:16:21,665 [DEBUG] [aiosqlite:104] executing functools.partial(<built-in method execute of sqlite3.Connection object at 0x0000021C00D4CF40>, 'SELECT first_name, last_name, role FROM users WHERE user_id = ?', (625280877,))
2025-07-16 18:16:21,667 [DEBUG] [aiosqlite:106] operation functools.partial(<built-in method execute of sqlite3.Connection object at 0x0000021C00D4CF40>, 'SELECT first_name, last_name, role FROM users WHERE user_id = ?', (625280877,)) completed
2025-07-16 18:16:21,667 [DEBUG] [aiosqlite:104] executing functools.partial(<built-in method fetchone of sqlite3.Cursor object at 0x0000021C00D6CEC0>)
2025-07-16 18:16:21,668 [DEBUG] [aiosqlite:106] operation functools.partial(<built-in method fetchone of sqlite3.Cursor object at 0x0000021C00D6CEC0>) completed
2025-07-16 18:16:21,669 [DEBUG] [aiosqlite:104] executing functools.partial(<built-in method close of sqlite3.Connection object at 0x0000021C00D4CF40>)
2025-07-16 18:16:21,670 [DEBUG] [aiosqlite:106] operation functools.partial(<built-in method close of sqlite3.Connection object at 0x0000021C00D4CF40>) completed
2025-07-16 18:16:21,672 [DEBUG] [aiosqlite:104] executing <function connect.<locals>.connector at 0x0000021C00ECAF20>
2025-07-16 18:16:21,673 [DEBUG] [aiosqlite:106] operation <function connect.<locals>.connector at 0x0000021C00ECAF20> completed
2025-07-16 18:16:21,674 [DEBUG] [aiosqlite:104] executing functools.partial(<built-in method execute of sqlite3.Connection object at 0x0000021C00D4F5B0>, 'SELECT first_name, last_name, role FROM users WHERE user_id = ?', (1765743546,))
2025-07-16 18:16:21,676 [DEBUG] [aiosqlite:106] operation functools.partial(<built-in method execute of sqlite3.Connection object at 0x0000021C00D4F5B0>, 'SELECT first_name, last_name, role FROM users WHERE user_id = ?', (1765743546,)) completed
2025-07-16 18:16:21,677 [DEBUG] [aiosqlite:104] executing functools.partial(<built-in method fetchone of sqlite3.Cursor object at 0x0000021C00D058C0>)
2025-07-16 18:16:21,678 [DEBUG] [aiosqlite:106] operation functools.partial(<built-in method fetchone of sqlite3.Cursor object at 0x0000021C00D058C0>) completed
2025-07-16 18:16:21,679 [DEBUG] [aiosqlite:104] executing functools.partial(<built-in method close of sqlite3.Connection object at 0x0000021C00D4F5B0>)
2025-07-16 18:16:21,680 [DEBUG] [aiosqlite:106] operation functools.partial(<built-in method close of sqlite3.Connection object at 0x0000021C00D4F5B0>) completed
2025-07-16 18:16:21,960 [DEBUG] [aiosqlite:104] executing <function connect.<locals>.connector at 0x0000021C00D7E340>
2025-07-16 18:16:21,963 [DEBUG] [aiosqlite:106] operation <function connect.<locals>.connector at 0x0000021C00D7E340> completed
2025-07-16 18:16:21,965 [DEBUG] [aiosqlite:104] executing functools.partial(<built-in method execute of sqlite3.Connection object at 0x0000021C00D4DA80>, 'SELECT first_name, last_name, role FROM users WHERE user_id = ?', (1018880781,))
2025-07-16 18:16:21,968 [DEBUG] [aiosqlite:106] operation functools.partial(<built-in method execute of sqlite3.Connection object at 0x0000021C00D4DA80>, 'SELECT first_name, last_name, role FROM users WHERE user_id = ?', (1018880781,)) completed
2025-07-16 18:16:21,972 [DEBUG] [aiosqlite:104] executing functools.partial(<built-in method fetchone of sqlite3.Cursor object at 0x0000021C0488BCC0>)
2025-07-16 18:16:21,972 [DEBUG] [aiosqlite:106] operation functools.partial(<built-in method fetchone of sqlite3.Cursor object at 0x0000021C0488BCC0>) completed
2025-07-16 18:16:21,973 [DEBUG] [aiosqlite:104] executing functools.partial(<built-in method close of sqlite3.Connection object at 0x0000021C00D4DA80>)
2025-07-16 18:16:21,974 [DEBUG] [aiosqlite:106] operation functools.partial(<built-in method close of sqlite3.Connection object at 0x0000021C00D4DA80>) completed
2025-07-16 18:16:22,628 [INFO] [aiogram.event:172] Update id=861001424 is handled. Duration 30532 ms by bot id=7637424219
2025-07-16 18:16:33,797 [ERROR] [handlers.poll_details:58] Не удалось удалить старое сообщение детализации
Traceback (most recent call last):
  File "C:\Users\DELL\Desktop\gpt\Masterbot1\handlers\poll_details.py", line 56, in show_deal_callback_handler
    await callback.message.delete()
  File "C:\Users\DELL\AppData\Local\Programs\Python\Python313\Lib\site-packages\aiogram\methods\base.py", line 84, in emit
    return await bot(self)
           ^^^^^^^^^^^^^^^
  File "C:\Users\DELL\AppData\Local\Programs\Python\Python313\Lib\site-packages\aiogram\client\bot.py", line 478, in __call__
    return await self.session(self, method, timeout=request_timeout)
           ^^^^^^^^^^^^^^^^^^^^^^^^^^^^^^^^^^^^^^^^^^^^^^^^^^^^^^^^^
  File "C:\Users\DELL\AppData\Local\Programs\Python\Python313\Lib\site-packages\aiogram\client\session\base.py", line 254, in __call__
    return cast(TelegramType, await middleware(bot, method))
                              ^^^^^^^^^^^^^^^^^^^^^^^^^^^^^
  File "C:\Users\DELL\AppData\Local\Programs\Python\Python313\Lib\site-packages\aiogram\client\session\aiohttp.py", line 185, in make_request
    response = self.check_response(
        bot=bot, method=method, status_code=resp.status, content=raw_result
    )
  File "C:\Users\DELL\AppData\Local\Programs\Python\Python313\Lib\site-packages\aiogram\client\session\base.py", line 120, in check_response
    raise TelegramBadRequest(method=method, message=description)
aiogram.exceptions.TelegramBadRequest: Telegram server says - Bad Request: message to delete not found
2025-07-16 18:16:58,519 [INFO] [aiogram.event:172] Update id=861001425 is not handled. Duration 29449 ms by bot id=7637424219
2025-07-16 18:16:58,520 [ERROR] [aiogram.event:315] Cause exception while process update id=861001425 by bot id=7637424219
TelegramBadRequest: Telegram server says - Bad Request: query is too old and response timeout expired or query ID is invalid
Traceback (most recent call last):
  File "C:\Users\DELL\AppData\Local\Programs\Python\Python313\Lib\site-packages\aiogram\dispatcher\dispatcher.py", line 309, in _process_update
    response = await self.feed_update(bot, update, **kwargs)
               ^^^^^^^^^^^^^^^^^^^^^^^^^^^^^^^^^^^^^^^^^^^^^
  File "C:\Users\DELL\AppData\Local\Programs\Python\Python313\Lib\site-packages\aiogram\dispatcher\dispatcher.py", line 158, in feed_update
    response = await self.update.wrap_outer_middleware(
               ^^^^^^^^^^^^^^^^^^^^^^^^^^^^^^^^^^^^^^^^
    ...<7 lines>...
    )
    ^
  File "C:\Users\DELL\AppData\Local\Programs\Python\Python313\Lib\site-packages\aiogram\dispatcher\middlewares\error.py", line 25, in __call__
    return await handler(event, data)
           ^^^^^^^^^^^^^^^^^^^^^^^^^^
  File "C:\Users\DELL\AppData\Local\Programs\Python\Python313\Lib\site-packages\aiogram\dispatcher\middlewares\user_context.py", line 56, in __call__
    return await handler(event, data)
           ^^^^^^^^^^^^^^^^^^^^^^^^^^
  File "C:\Users\DELL\AppData\Local\Programs\Python\Python313\Lib\site-packages\aiogram\fsm\middleware.py", line 42, in __call__
    return await handler(event, data)
           ^^^^^^^^^^^^^^^^^^^^^^^^^^
  File "C:\Users\DELL\AppData\Local\Programs\Python\Python313\Lib\site-packages\aiogram\dispatcher\event\telegram.py", line 121, in trigger
    return await wrapped_inner(event, kwargs)
           ^^^^^^^^^^^^^^^^^^^^^^^^^^^^^^^^^^
  File "C:\Users\DELL\AppData\Local\Programs\Python\Python313\Lib\site-packages\aiogram\dispatcher\event\handler.py", line 43, in call
    return await wrapped()
           ^^^^^^^^^^^^^^^
  File "C:\Users\DELL\AppData\Local\Programs\Python\Python313\Lib\site-packages\aiogram\dispatcher\dispatcher.py", line 276, in _listen_update
    return await self.propagate_event(update_type=update_type, event=event, **kwargs)
           ^^^^^^^^^^^^^^^^^^^^^^^^^^^^^^^^^^^^^^^^^^^^^^^^^^^^^^^^^^^^^^^^^^^^^^^^^^
  File "C:\Users\DELL\AppData\Local\Programs\Python\Python313\Lib\site-packages\aiogram\dispatcher\router.py", line 146, in propagate_event
    return await observer.wrap_outer_middleware(_wrapped, event=event, data=kwargs)
           ^^^^^^^^^^^^^^^^^^^^^^^^^^^^^^^^^^^^^^^^^^^^^^^^^^^^^^^^^^^^^^^^^^^^^^^^
  File "C:\Users\DELL\AppData\Local\Programs\Python\Python313\Lib\site-packages\aiogram\dispatcher\router.py", line 141, in _wrapped
    return await self._propagate_event(
           ^^^^^^^^^^^^^^^^^^^^^^^^^^^^
        observer=observer, update_type=update_type, event=telegram_event, **data
        ^^^^^^^^^^^^^^^^^^^^^^^^^^^^^^^^^^^^^^^^^^^^^^^^^^^^^^^^^^^^^^^^^^^^^^^^
    )
    ^
  File "C:\Users\DELL\AppData\Local\Programs\Python\Python313\Lib\site-packages\aiogram\dispatcher\router.py", line 174, in _propagate_event
    response = await router.propagate_event(update_type=update_type, event=event, **kwargs)
               ^^^^^^^^^^^^^^^^^^^^^^^^^^^^^^^^^^^^^^^^^^^^^^^^^^^^^^^^^^^^^^^^^^^^^^^^^^^^
  File "C:\Users\DELL\AppData\Local\Programs\Python\Python313\Lib\site-packages\aiogram\dispatcher\router.py", line 146, in propagate_event
    return await observer.wrap_outer_middleware(_wrapped, event=event, data=kwargs)
           ^^^^^^^^^^^^^^^^^^^^^^^^^^^^^^^^^^^^^^^^^^^^^^^^^^^^^^^^^^^^^^^^^^^^^^^^
  File "C:\Users\DELL\AppData\Local\Programs\Python\Python313\Lib\site-packages\aiogram\dispatcher\router.py", line 141, in _wrapped
    return await self._propagate_event(
           ^^^^^^^^^^^^^^^^^^^^^^^^^^^^
        observer=observer, update_type=update_type, event=telegram_event, **data
        ^^^^^^^^^^^^^^^^^^^^^^^^^^^^^^^^^^^^^^^^^^^^^^^^^^^^^^^^^^^^^^^^^^^^^^^^
    )
    ^
  File "C:\Users\DELL\AppData\Local\Programs\Python\Python313\Lib\site-packages\aiogram\dispatcher\router.py", line 166, in _propagate_event
    response = await observer.trigger(event, **kwargs)
               ^^^^^^^^^^^^^^^^^^^^^^^^^^^^^^^^^^^^^^^
  File "C:\Users\DELL\AppData\Local\Programs\Python\Python313\Lib\site-packages\aiogram\dispatcher\event\telegram.py", line 121, in trigger
    return await wrapped_inner(event, kwargs)
           ^^^^^^^^^^^^^^^^^^^^^^^^^^^^^^^^^^
  File "C:\Users\DELL\AppData\Local\Programs\Python\Python313\Lib\site-packages\aiogram\dispatcher\event\handler.py", line 43, in call
    return await wrapped()
           ^^^^^^^^^^^^^^^
  File "C:\Users\DELL\Desktop\gpt\Masterbot1\handlers\poll_details.py", line 189, in show_deal_callback_handler
    await callback.answer()
  File "C:\Users\DELL\AppData\Local\Programs\Python\Python313\Lib\site-packages\aiogram\methods\base.py", line 84, in emit
    return await bot(self)
           ^^^^^^^^^^^^^^^
  File "C:\Users\DELL\AppData\Local\Programs\Python\Python313\Lib\site-packages\aiogram\client\bot.py", line 478, in __call__
    return await self.session(self, method, timeout=request_timeout)
           ^^^^^^^^^^^^^^^^^^^^^^^^^^^^^^^^^^^^^^^^^^^^^^^^^^^^^^^^^
  File "C:\Users\DELL\AppData\Local\Programs\Python\Python313\Lib\site-packages\aiogram\client\session\base.py", line 254, in __call__
    return cast(TelegramType, await middleware(bot, method))
                              ^^^^^^^^^^^^^^^^^^^^^^^^^^^^^
  File "C:\Users\DELL\AppData\Local\Programs\Python\Python313\Lib\site-packages\aiogram\client\session\aiohttp.py", line 185, in make_request
    response = self.check_response(
        bot=bot, method=method, status_code=resp.status, content=raw_result
    )
  File "C:\Users\DELL\AppData\Local\Programs\Python\Python313\Lib\site-packages\aiogram\client\session\base.py", line 120, in check_response
    raise TelegramBadRequest(method=method, message=description)
aiogram.exceptions.TelegramBadRequest: Telegram server says - Bad Request: query is too old and response timeout expired or query ID is invalid
2025-07-16 19:51:12,436 [DEBUG] [asyncio:631] Using proactor: IocpProactor
2025-07-16 19:51:18,897 [INFO] [apscheduler.scheduler:214] Scheduler started
2025-07-16 19:51:18,952 [INFO] [__main__:125] Bot starting… version MasterBot 12.92-refactor
2025-07-16 19:51:19,178 [INFO] [__main__:65] [startup] admin_chat_id загружен: -4738242986
2025-07-16 19:51:19,270 [DEBUG] [aiosqlite:104] executing <function connect.<locals>.connector at 0x00000238AC976520>
2025-07-16 19:51:19,411 [DEBUG] [apscheduler.scheduler:1151] Looking for jobs to run
2025-07-16 19:51:19,412 [DEBUG] [apscheduler.scheduler:1252] No jobs; waiting until a job is added
2025-07-16 19:51:20,064 [DEBUG] [aiosqlite:106] operation <function connect.<locals>.connector at 0x00000238AC976520> completed
2025-07-16 19:51:20,065 [DEBUG] [aiosqlite:104] executing functools.partial(<built-in method execute of sqlite3.Connection object at 0x00000238AC91CE50>, '\nCREATE TABLE IF NOT EXISTS users (\n    user_id         INTEGER PRIMARY KEY,\n    first_name      TEXT,\n    last_name       TEXT,\n    role            TEXT,\n    scenario_access TEXT,\n    updated_at      TIMESTAMP DEFAULT CURRENT_TIMESTAMP\n);\n', [])
2025-07-16 19:51:20,245 [DEBUG] [aiosqlite:106] operation functools.partial(<built-in method execute of sqlite3.Connection object at 0x00000238AC91CE50>, '\nCREATE TABLE IF NOT EXISTS users (\n    user_id         INTEGER PRIMARY KEY,\n    first_name      TEXT,\n    last_name       TEXT,\n    role            TEXT,\n    scenario_access TEXT,\n    updated_at      TIMESTAMP DEFAULT CURRENT_TIMESTAMP\n);\n', []) completed
2025-07-16 19:51:20,250 [DEBUG] [aiosqlite:104] executing functools.partial(<built-in method execute of sqlite3.Connection object at 0x00000238AC91CE50>, "INSERT OR IGNORE INTO users(user_id, role) VALUES (?, 'руководитель')", (1018880781,))
2025-07-16 19:51:20,253 [DEBUG] [aiosqlite:106] operation functools.partial(<built-in method execute of sqlite3.Connection object at 0x00000238AC91CE50>, "INSERT OR IGNORE INTO users(user_id, role) VALUES (?, 'руководитель')", (1018880781,)) completed
2025-07-16 19:51:20,256 [DEBUG] [aiosqlite:104] executing functools.partial(<built-in method commit of sqlite3.Connection object at 0x00000238AC91CE50>)
2025-07-16 19:51:20,260 [DEBUG] [aiosqlite:106] operation functools.partial(<built-in method commit of sqlite3.Connection object at 0x00000238AC91CE50>) completed
2025-07-16 19:51:20,261 [DEBUG] [aiosqlite:104] executing functools.partial(<built-in method close of sqlite3.Connection object at 0x00000238AC91CE50>)
2025-07-16 19:51:20,262 [DEBUG] [aiosqlite:106] operation functools.partial(<built-in method close of sqlite3.Connection object at 0x00000238AC91CE50>) completed
2025-07-16 19:51:20,263 [INFO] [__main__:73] [startup] Конфиг и БД инициализированы, Leader-ID 1018880781 гарантирован
2025-07-16 19:51:20,263 [INFO] [aiogram.dispatcher:566] Start polling
2025-07-16 19:51:21,377 [INFO] [aiogram.dispatcher:363] Run polling for bot @masbot12_bot id=7637424219 - 'masterbot12'
2025-07-16 19:53:50,190 [DEBUG] [aiosqlite:104] executing <function connect.<locals>.connector at 0x00000238AC977B00>
2025-07-16 19:53:50,192 [DEBUG] [aiosqlite:106] operation <function connect.<locals>.connector at 0x00000238AC977B00> completed
2025-07-16 19:53:50,194 [DEBUG] [aiosqlite:104] executing functools.partial(<built-in method execute of sqlite3.Connection object at 0x00000238AC91D3F0>, 'SELECT first_name, last_name, role FROM users WHERE user_id = ?', (1018880781,))
2025-07-16 19:53:50,225 [DEBUG] [aiosqlite:106] operation functools.partial(<built-in method execute of sqlite3.Connection object at 0x00000238AC91D3F0>, 'SELECT first_name, last_name, role FROM users WHERE user_id = ?', (1018880781,)) completed
2025-07-16 19:53:50,227 [DEBUG] [aiosqlite:104] executing functools.partial(<built-in method fetchone of sqlite3.Cursor object at 0x00000238AC8D58C0>)
2025-07-16 19:53:50,228 [DEBUG] [aiosqlite:106] operation functools.partial(<built-in method fetchone of sqlite3.Cursor object at 0x00000238AC8D58C0>) completed
2025-07-16 19:53:50,306 [DEBUG] [aiosqlite:104] executing functools.partial(<built-in method close of sqlite3.Connection object at 0x00000238AC91D3F0>)
2025-07-16 19:53:50,308 [DEBUG] [aiosqlite:106] operation functools.partial(<built-in method close of sqlite3.Connection object at 0x00000238AC91D3F0>) completed
2025-07-16 19:53:50,805 [INFO] [aiogram.event:172] Update id=861001426 is handled. Duration 716 ms by bot id=7637424219
2025-07-16 19:53:52,902 [DEBUG] [aiosqlite:104] executing <function connect.<locals>.connector at 0x00000238AC9767A0>
2025-07-16 19:53:52,903 [DEBUG] [aiosqlite:106] operation <function connect.<locals>.connector at 0x00000238AC9767A0> completed
2025-07-16 19:53:52,904 [DEBUG] [aiosqlite:104] executing functools.partial(<built-in method execute of sqlite3.Connection object at 0x00000238AC91D300>, 'SELECT first_name, last_name, role FROM users WHERE user_id = ?', (1018880781,))
2025-07-16 19:53:52,905 [DEBUG] [aiosqlite:106] operation functools.partial(<built-in method execute of sqlite3.Connection object at 0x00000238AC91D300>, 'SELECT first_name, last_name, role FROM users WHERE user_id = ?', (1018880781,)) completed
2025-07-16 19:53:52,905 [DEBUG] [aiosqlite:104] executing functools.partial(<built-in method fetchone of sqlite3.Cursor object at 0x00000238AC9798C0>)
2025-07-16 19:53:52,906 [DEBUG] [aiosqlite:106] operation functools.partial(<built-in method fetchone of sqlite3.Cursor object at 0x00000238AC9798C0>) completed
2025-07-16 19:53:52,907 [DEBUG] [aiosqlite:104] executing functools.partial(<built-in method close of sqlite3.Connection object at 0x00000238AC91D300>)
2025-07-16 19:53:52,908 [DEBUG] [aiosqlite:106] operation functools.partial(<built-in method close of sqlite3.Connection object at 0x00000238AC91D300>) completed
2025-07-16 19:53:56,165 [DEBUG] [aiosqlite:104] executing <function connect.<locals>.connector at 0x00000238AC9767A0>
2025-07-16 19:53:56,167 [DEBUG] [aiosqlite:106] operation <function connect.<locals>.connector at 0x00000238AC9767A0> completed
2025-07-16 19:53:56,168 [DEBUG] [aiosqlite:104] executing functools.partial(<built-in method execute of sqlite3.Connection object at 0x00000238AC91D300>, 'SELECT first_name, last_name, role FROM users WHERE user_id = ?', (1018880781,))
2025-07-16 19:53:56,170 [DEBUG] [aiosqlite:106] operation functools.partial(<built-in method execute of sqlite3.Connection object at 0x00000238AC91D300>, 'SELECT first_name, last_name, role FROM users WHERE user_id = ?', (1018880781,)) completed
2025-07-16 19:53:56,171 [DEBUG] [aiosqlite:104] executing functools.partial(<built-in method fetchone of sqlite3.Cursor object at 0x00000238AC97A0C0>)
2025-07-16 19:53:56,172 [DEBUG] [aiosqlite:106] operation functools.partial(<built-in method fetchone of sqlite3.Cursor object at 0x00000238AC97A0C0>) completed
2025-07-16 19:53:56,173 [DEBUG] [aiosqlite:104] executing functools.partial(<built-in method close of sqlite3.Connection object at 0x00000238AC91D300>)
2025-07-16 19:53:56,174 [DEBUG] [aiosqlite:106] operation functools.partial(<built-in method close of sqlite3.Connection object at 0x00000238AC91D300>) completed
2025-07-16 19:53:56,463 [INFO] [aiogram.event:172] Update id=861001427 is handled. Duration 3562 ms by bot id=7637424219
2025-07-16 19:54:13,109 [DEBUG] [aiosqlite:104] executing <function connect.<locals>.connector at 0x00000238AC977B00>
2025-07-16 19:54:13,111 [DEBUG] [aiosqlite:106] operation <function connect.<locals>.connector at 0x00000238AC977B00> completed
2025-07-16 19:54:13,113 [DEBUG] [aiosqlite:104] executing functools.partial(<built-in method execute of sqlite3.Connection object at 0x00000238AC91D5D0>, 'SELECT first_name, last_name, role FROM users WHERE user_id = ?', (1018880781,))
2025-07-16 19:54:13,115 [DEBUG] [aiosqlite:106] operation functools.partial(<built-in method execute of sqlite3.Connection object at 0x00000238AC91D5D0>, 'SELECT first_name, last_name, role FROM users WHERE user_id = ?', (1018880781,)) completed
2025-07-16 19:54:13,117 [DEBUG] [aiosqlite:104] executing functools.partial(<built-in method fetchone of sqlite3.Cursor object at 0x00000238AC97BF40>)
2025-07-16 19:54:13,118 [DEBUG] [aiosqlite:106] operation functools.partial(<built-in method fetchone of sqlite3.Cursor object at 0x00000238AC97BF40>) completed
2025-07-16 19:54:13,121 [DEBUG] [aiosqlite:104] executing functools.partial(<built-in method close of sqlite3.Connection object at 0x00000238AC91D5D0>)
2025-07-16 19:54:13,122 [DEBUG] [aiosqlite:106] operation functools.partial(<built-in method close of sqlite3.Connection object at 0x00000238AC91D5D0>) completed
2025-07-16 19:54:13,125 [DEBUG] [aiosqlite:104] executing <function connect.<locals>.connector at 0x00000238AC9885E0>
2025-07-16 19:54:13,127 [DEBUG] [aiosqlite:106] operation <function connect.<locals>.connector at 0x00000238AC9885E0> completed
2025-07-16 19:54:13,130 [DEBUG] [aiosqlite:104] executing functools.partial(<built-in method execute of sqlite3.Connection object at 0x00000238AC91D8A0>, 'SELECT first_name, last_name, role FROM users WHERE user_id = ?', (1018880781,))
2025-07-16 19:54:13,132 [DEBUG] [aiosqlite:106] operation functools.partial(<built-in method execute of sqlite3.Connection object at 0x00000238AC91D8A0>, 'SELECT first_name, last_name, role FROM users WHERE user_id = ?', (1018880781,)) completed
2025-07-16 19:54:13,134 [DEBUG] [aiosqlite:104] executing functools.partial(<built-in method fetchone of sqlite3.Cursor object at 0x00000238AC97B1C0>)
2025-07-16 19:54:13,135 [DEBUG] [aiosqlite:106] operation functools.partial(<built-in method fetchone of sqlite3.Cursor object at 0x00000238AC97B1C0>) completed
2025-07-16 19:54:13,137 [DEBUG] [aiosqlite:104] executing functools.partial(<built-in method close of sqlite3.Connection object at 0x00000238AC91D8A0>)
2025-07-16 19:54:13,138 [DEBUG] [aiosqlite:106] operation functools.partial(<built-in method close of sqlite3.Connection object at 0x00000238AC91D8A0>) completed
2025-07-16 19:54:13,257 [DEBUG] [urllib3.util.retry:286] Converted retries value: 3 -> Retry(total=3, connect=None, read=None, redirect=None, status=None)
2025-07-16 19:54:13,306 [DEBUG] [google.auth.transport.requests:185] Making request: POST https://oauth2.googleapis.com/token
2025-07-16 19:54:13,323 [DEBUG] [urllib3.connectionpool:1049] Starting new HTTPS connection (1): oauth2.googleapis.com:443
2025-07-16 19:54:13,473 [DEBUG] [urllib3.connectionpool:544] https://oauth2.googleapis.com:443 "POST /token HTTP/1.1" 200 None
2025-07-16 19:54:13,487 [DEBUG] [urllib3.connectionpool:1049] Starting new HTTPS connection (1): sheets.googleapis.com:443
2025-07-16 19:54:14,869 [DEBUG] [urllib3.connectionpool:544] https://sheets.googleapis.com:443 "GET /v4/spreadsheets/11wjq2kXi_FHqx1yzzQ8weqr5PngvJpOVu9VQo--hJMI?includeGridData=false HTTP/1.1" 200 None
2025-07-16 19:54:16,505 [DEBUG] [urllib3.connectionpool:544] https://sheets.googleapis.com:443 "GET /v4/spreadsheets/11wjq2kXi_FHqx1yzzQ8weqr5PngvJpOVu9VQo--hJMI?includeGridData=false HTTP/1.1" 200 None
2025-07-16 19:54:16,571 [INFO] [googleapiclient.discovery_cache:49] file_cache is only supported with oauth2client<4.0.0
2025-07-16 19:54:17,336 [DEBUG] [googleapiclient.discovery:1258] URL being requested: GET https://sheets.googleapis.com/v4/spreadsheets/11wjq2kXi_FHqx1yzzQ8weqr5PngvJpOVu9VQo--hJMI?includeGridData=true&alt=json
2025-07-16 19:54:19,159 [INFO] [aiogram.event:172] Update id=861001428 is handled. Duration 6051 ms by bot id=7637424219
2025-07-16 19:54:35,460 [ERROR] [handlers.poll_details:69] Не удалось удалить старое сообщение детализации
Traceback (most recent call last):
  File "C:\Users\DELL\Desktop\gpt\Masterbot1\handlers\poll_details.py", line 67, in show_deal_callback_handler
    await callback.message.delete()
  File "C:\Users\DELL\AppData\Local\Programs\Python\Python313\Lib\site-packages\aiogram\methods\base.py", line 84, in emit
    return await bot(self)
           ^^^^^^^^^^^^^^^
  File "C:\Users\DELL\AppData\Local\Programs\Python\Python313\Lib\site-packages\aiogram\client\bot.py", line 478, in __call__
    return await self.session(self, method, timeout=request_timeout)
           ^^^^^^^^^^^^^^^^^^^^^^^^^^^^^^^^^^^^^^^^^^^^^^^^^^^^^^^^^
  File "C:\Users\DELL\AppData\Local\Programs\Python\Python313\Lib\site-packages\aiogram\client\session\base.py", line 254, in __call__
    return cast(TelegramType, await middleware(bot, method))
                              ^^^^^^^^^^^^^^^^^^^^^^^^^^^^^
  File "C:\Users\DELL\AppData\Local\Programs\Python\Python313\Lib\site-packages\aiogram\client\session\aiohttp.py", line 185, in make_request
    response = self.check_response(
        bot=bot, method=method, status_code=resp.status, content=raw_result
    )
  File "C:\Users\DELL\AppData\Local\Programs\Python\Python313\Lib\site-packages\aiogram\client\session\base.py", line 120, in check_response
    raise TelegramBadRequest(method=method, message=description)
aiogram.exceptions.TelegramBadRequest: Telegram server says - Bad Request: message to delete not found
2025-07-16 19:54:37,127 [INFO] [aiogram.event:172] Update id=861001429 is handled. Duration 2107 ms by bot id=7637424219
2025-07-16 19:56:31,025 [DEBUG] [aiosqlite:104] executing <function connect.<locals>.connector at 0x00000238AC977E20>
2025-07-16 19:56:31,087 [DEBUG] [aiosqlite:106] operation <function connect.<locals>.connector at 0x00000238AC977E20> completed
2025-07-16 19:56:31,088 [DEBUG] [aiosqlite:104] executing functools.partial(<built-in method execute of sqlite3.Connection object at 0x00000238AEFEA890>, 'SELECT first_name, last_name, role FROM users WHERE user_id = ?', (1018880781,))
2025-07-16 19:56:31,113 [DEBUG] [aiosqlite:106] operation functools.partial(<built-in method execute of sqlite3.Connection object at 0x00000238AEFEA890>, 'SELECT first_name, last_name, role FROM users WHERE user_id = ?', (1018880781,)) completed
2025-07-16 19:56:31,114 [DEBUG] [aiosqlite:104] executing functools.partial(<built-in method fetchone of sqlite3.Cursor object at 0x00000238AF056F40>)
2025-07-16 19:56:31,115 [DEBUG] [aiosqlite:106] operation functools.partial(<built-in method fetchone of sqlite3.Cursor object at 0x00000238AF056F40>) completed
2025-07-16 19:56:31,116 [DEBUG] [aiosqlite:104] executing functools.partial(<built-in method close of sqlite3.Connection object at 0x00000238AEFEA890>)
2025-07-16 19:56:31,117 [DEBUG] [aiosqlite:106] operation functools.partial(<built-in method close of sqlite3.Connection object at 0x00000238AEFEA890>) completed
2025-07-16 19:56:31,831 [DEBUG] [aiosqlite:104] executing <function connect.<locals>.connector at 0x00000238AC98ACA0>
2025-07-16 19:56:31,833 [DEBUG] [aiosqlite:106] operation <function connect.<locals>.connector at 0x00000238AC98ACA0> completed
2025-07-16 19:56:31,835 [DEBUG] [aiosqlite:104] executing functools.partial(<built-in method execute of sqlite3.Connection object at 0x00000238AEFEA890>, 'SELECT first_name, last_name, role FROM users WHERE user_id = ?', (1018880781,))
2025-07-16 19:56:31,838 [DEBUG] [aiosqlite:106] operation functools.partial(<built-in method execute of sqlite3.Connection object at 0x00000238AEFEA890>, 'SELECT first_name, last_name, role FROM users WHERE user_id = ?', (1018880781,)) completed
2025-07-16 19:56:31,840 [DEBUG] [aiosqlite:104] executing functools.partial(<built-in method fetchone of sqlite3.Cursor object at 0x00000238AC71DBC0>)
2025-07-16 19:56:31,841 [DEBUG] [aiosqlite:106] operation functools.partial(<built-in method fetchone of sqlite3.Cursor object at 0x00000238AC71DBC0>) completed
2025-07-16 19:56:31,843 [DEBUG] [aiosqlite:104] executing functools.partial(<built-in method close of sqlite3.Connection object at 0x00000238AEFEA890>)
2025-07-16 19:56:31,844 [DEBUG] [aiosqlite:106] operation functools.partial(<built-in method close of sqlite3.Connection object at 0x00000238AEFEA890>) completed
2025-07-16 19:56:31,947 [DEBUG] [aiosqlite:104] executing <function connect.<locals>.connector at 0x00000238AC9776A0>
2025-07-16 19:56:31,952 [DEBUG] [aiosqlite:106] operation <function connect.<locals>.connector at 0x00000238AC9776A0> completed
2025-07-16 19:56:31,954 [DEBUG] [aiosqlite:104] executing functools.partial(<built-in method execute of sqlite3.Connection object at 0x00000238AEFEA6B0>, 'SELECT first_name, last_name, role FROM users WHERE user_id = ?', (1018880781,))
2025-07-16 19:56:31,957 [DEBUG] [aiosqlite:106] operation functools.partial(<built-in method execute of sqlite3.Connection object at 0x00000238AEFEA6B0>, 'SELECT first_name, last_name, role FROM users WHERE user_id = ?', (1018880781,)) completed
2025-07-16 19:56:31,959 [DEBUG] [aiosqlite:104] executing functools.partial(<built-in method fetchone of sqlite3.Cursor object at 0x00000238AC97ACC0>)
2025-07-16 19:56:31,961 [DEBUG] [aiosqlite:106] operation functools.partial(<built-in method fetchone of sqlite3.Cursor object at 0x00000238AC97ACC0>) completed
2025-07-16 19:56:31,963 [DEBUG] [aiosqlite:104] executing functools.partial(<built-in method close of sqlite3.Connection object at 0x00000238AEFEA6B0>)
2025-07-16 19:56:31,965 [DEBUG] [aiosqlite:106] operation functools.partial(<built-in method close of sqlite3.Connection object at 0x00000238AEFEA6B0>) completed
2025-07-16 19:56:32,189 [INFO] [aiogram.event:172] Update id=861001430 is handled. Duration 1165 ms by bot id=7637424219
2025-07-16 19:56:38,234 [ERROR] [handlers.poll_details:69] Не удалось удалить старое сообщение детализации
Traceback (most recent call last):
  File "C:\Users\DELL\Desktop\gpt\Masterbot1\handlers\poll_details.py", line 67, in show_deal_callback_handler
    await callback.message.delete()
  File "C:\Users\DELL\AppData\Local\Programs\Python\Python313\Lib\site-packages\aiogram\methods\base.py", line 84, in emit
    return await bot(self)
           ^^^^^^^^^^^^^^^
  File "C:\Users\DELL\AppData\Local\Programs\Python\Python313\Lib\site-packages\aiogram\client\bot.py", line 478, in __call__
    return await self.session(self, method, timeout=request_timeout)
           ^^^^^^^^^^^^^^^^^^^^^^^^^^^^^^^^^^^^^^^^^^^^^^^^^^^^^^^^^
  File "C:\Users\DELL\AppData\Local\Programs\Python\Python313\Lib\site-packages\aiogram\client\session\base.py", line 254, in __call__
    return cast(TelegramType, await middleware(bot, method))
                              ^^^^^^^^^^^^^^^^^^^^^^^^^^^^^
  File "C:\Users\DELL\AppData\Local\Programs\Python\Python313\Lib\site-packages\aiogram\client\session\aiohttp.py", line 185, in make_request
    response = self.check_response(
        bot=bot, method=method, status_code=resp.status, content=raw_result
    )
  File "C:\Users\DELL\AppData\Local\Programs\Python\Python313\Lib\site-packages\aiogram\client\session\base.py", line 120, in check_response
    raise TelegramBadRequest(method=method, message=description)
aiogram.exceptions.TelegramBadRequest: Telegram server says - Bad Request: message to delete not found
2025-07-16 19:56:38,745 [INFO] [aiogram.event:172] Update id=861001431 is handled. Duration 791 ms by bot id=7637424219
2025-07-16 19:56:49,077 [DEBUG] [aiosqlite:104] executing <function connect.<locals>.connector at 0x00000238AC977E20>
2025-07-16 19:56:49,079 [DEBUG] [aiosqlite:106] operation <function connect.<locals>.connector at 0x00000238AC977E20> completed
2025-07-16 19:56:49,079 [DEBUG] [aiosqlite:104] executing functools.partial(<built-in method execute of sqlite3.Connection object at 0x00000238AEFEAA70>, 'SELECT first_name, last_name, role FROM users WHERE user_id = ?', (1018880781,))
2025-07-16 19:56:49,080 [DEBUG] [aiosqlite:106] operation functools.partial(<built-in method execute of sqlite3.Connection object at 0x00000238AEFEAA70>, 'SELECT first_name, last_name, role FROM users WHERE user_id = ?', (1018880781,)) completed
2025-07-16 19:56:49,081 [DEBUG] [aiosqlite:104] executing functools.partial(<built-in method fetchone of sqlite3.Cursor object at 0x00000238AF0647C0>)
2025-07-16 19:56:49,081 [DEBUG] [aiosqlite:106] operation functools.partial(<built-in method fetchone of sqlite3.Cursor object at 0x00000238AF0647C0>) completed
2025-07-16 19:56:49,082 [DEBUG] [aiosqlite:104] executing functools.partial(<built-in method close of sqlite3.Connection object at 0x00000238AEFEAA70>)
2025-07-16 19:56:49,082 [DEBUG] [aiosqlite:106] operation functools.partial(<built-in method close of sqlite3.Connection object at 0x00000238AEFEAA70>) completed
2025-07-16 19:56:50,101 [DEBUG] [aiosqlite:104] executing <function connect.<locals>.connector at 0x00000238AC9767A0>
2025-07-16 19:56:50,103 [DEBUG] [aiosqlite:106] operation <function connect.<locals>.connector at 0x00000238AC9767A0> completed
2025-07-16 19:56:50,104 [DEBUG] [aiosqlite:104] executing functools.partial(<built-in method execute of sqlite3.Connection object at 0x00000238AEFEAA70>, 'SELECT first_name, last_name, role FROM users WHERE user_id = ?', (1018880781,))
2025-07-16 19:56:50,109 [DEBUG] [aiosqlite:106] operation functools.partial(<built-in method execute of sqlite3.Connection object at 0x00000238AEFEAA70>, 'SELECT first_name, last_name, role FROM users WHERE user_id = ?', (1018880781,)) completed
2025-07-16 19:56:50,120 [DEBUG] [aiosqlite:104] executing functools.partial(<built-in method fetchone of sqlite3.Cursor object at 0x00000238AC9E7540>)
2025-07-16 19:56:50,124 [DEBUG] [aiosqlite:106] operation functools.partial(<built-in method fetchone of sqlite3.Cursor object at 0x00000238AC9E7540>) completed
2025-07-16 19:56:50,125 [DEBUG] [aiosqlite:104] executing functools.partial(<built-in method close of sqlite3.Connection object at 0x00000238AEFEAA70>)
2025-07-16 19:56:50,127 [DEBUG] [aiosqlite:106] operation functools.partial(<built-in method close of sqlite3.Connection object at 0x00000238AEFEAA70>) completed
2025-07-16 19:56:50,321 [DEBUG] [aiosqlite:104] executing <function connect.<locals>.connector at 0x00000238AC98ADE0>
2025-07-16 19:56:50,323 [DEBUG] [aiosqlite:106] operation <function connect.<locals>.connector at 0x00000238AC98ADE0> completed
2025-07-16 19:56:50,324 [DEBUG] [aiosqlite:104] executing functools.partial(<built-in method execute of sqlite3.Connection object at 0x00000238AEFEA980>, 'SELECT first_name, last_name, role FROM users WHERE user_id = ?', (1018880781,))
2025-07-16 19:56:50,327 [DEBUG] [aiosqlite:106] operation functools.partial(<built-in method execute of sqlite3.Connection object at 0x00000238AEFEA980>, 'SELECT first_name, last_name, role FROM users WHERE user_id = ?', (1018880781,)) completed
2025-07-16 19:56:50,330 [DEBUG] [aiosqlite:104] executing functools.partial(<built-in method fetchone of sqlite3.Cursor object at 0x00000238AC97A7C0>)
2025-07-16 19:56:50,332 [DEBUG] [aiosqlite:106] operation functools.partial(<built-in method fetchone of sqlite3.Cursor object at 0x00000238AC97A7C0>) completed
2025-07-16 19:56:50,334 [DEBUG] [aiosqlite:104] executing functools.partial(<built-in method close of sqlite3.Connection object at 0x00000238AEFEA980>)
2025-07-16 19:56:50,336 [DEBUG] [aiosqlite:106] operation functools.partial(<built-in method close of sqlite3.Connection object at 0x00000238AEFEA980>) completed
2025-07-16 19:56:50,873 [INFO] [aiogram.event:172] Update id=861001432 is handled. Duration 1797 ms by bot id=7637424219
2025-07-16 19:56:54,294 [ERROR] [handlers.poll_details:69] Не удалось удалить старое сообщение детализации
Traceback (most recent call last):
  File "C:\Users\DELL\Desktop\gpt\Masterbot1\handlers\poll_details.py", line 67, in show_deal_callback_handler
    await callback.message.delete()
  File "C:\Users\DELL\AppData\Local\Programs\Python\Python313\Lib\site-packages\aiogram\methods\base.py", line 84, in emit
    return await bot(self)
           ^^^^^^^^^^^^^^^
  File "C:\Users\DELL\AppData\Local\Programs\Python\Python313\Lib\site-packages\aiogram\client\bot.py", line 478, in __call__
    return await self.session(self, method, timeout=request_timeout)
           ^^^^^^^^^^^^^^^^^^^^^^^^^^^^^^^^^^^^^^^^^^^^^^^^^^^^^^^^^
  File "C:\Users\DELL\AppData\Local\Programs\Python\Python313\Lib\site-packages\aiogram\client\session\base.py", line 254, in __call__
    return cast(TelegramType, await middleware(bot, method))
                              ^^^^^^^^^^^^^^^^^^^^^^^^^^^^^
  File "C:\Users\DELL\AppData\Local\Programs\Python\Python313\Lib\site-packages\aiogram\client\session\aiohttp.py", line 185, in make_request
    response = self.check_response(
        bot=bot, method=method, status_code=resp.status, content=raw_result
    )
  File "C:\Users\DELL\AppData\Local\Programs\Python\Python313\Lib\site-packages\aiogram\client\session\base.py", line 120, in check_response
    raise TelegramBadRequest(method=method, message=description)
aiogram.exceptions.TelegramBadRequest: Telegram server says - Bad Request: message to delete not found
2025-07-16 19:56:54,942 [INFO] [aiogram.event:172] Update id=861001433 is handled. Duration 955 ms by bot id=7637424219
2025-07-16 19:58:40,708 [DEBUG] [aiosqlite:104] executing <function connect.<locals>.connector at 0x00000238AC977E20>
2025-07-16 19:58:40,709 [DEBUG] [aiosqlite:106] operation <function connect.<locals>.connector at 0x00000238AC977E20> completed
2025-07-16 19:58:40,710 [DEBUG] [aiosqlite:104] executing functools.partial(<built-in method execute of sqlite3.Connection object at 0x00000238AEFEA890>, 'SELECT first_name, last_name, role FROM users WHERE user_id = ?', (5639896639,))
2025-07-16 19:58:40,711 [DEBUG] [aiosqlite:106] operation functools.partial(<built-in method execute of sqlite3.Connection object at 0x00000238AEFEA890>, 'SELECT first_name, last_name, role FROM users WHERE user_id = ?', (5639896639,)) completed
2025-07-16 19:58:40,712 [DEBUG] [aiosqlite:104] executing functools.partial(<built-in method fetchone of sqlite3.Cursor object at 0x00000238AF057A40>)
2025-07-16 19:58:40,713 [DEBUG] [aiosqlite:106] operation functools.partial(<built-in method fetchone of sqlite3.Cursor object at 0x00000238AF057A40>) completed
2025-07-16 19:58:40,714 [DEBUG] [aiosqlite:104] executing functools.partial(<built-in method close of sqlite3.Connection object at 0x00000238AEFEA890>)
2025-07-16 19:58:40,715 [DEBUG] [aiosqlite:106] operation functools.partial(<built-in method close of sqlite3.Connection object at 0x00000238AEFEA890>) completed
2025-07-16 19:58:40,716 [DEBUG] [aiosqlite:104] executing <function connect.<locals>.connector at 0x00000238AC98ADE0>
2025-07-16 19:58:40,717 [DEBUG] [aiosqlite:106] operation <function connect.<locals>.connector at 0x00000238AC98ADE0> completed
2025-07-16 19:58:40,717 [DEBUG] [aiosqlite:104] executing functools.partial(<built-in method execute of sqlite3.Connection object at 0x00000238AC91DE40>, 'SELECT first_name, last_name, role FROM users WHERE user_id = ?', (1018880781,))
2025-07-16 19:58:40,718 [DEBUG] [aiosqlite:106] operation functools.partial(<built-in method execute of sqlite3.Connection object at 0x00000238AC91DE40>, 'SELECT first_name, last_name, role FROM users WHERE user_id = ?', (1018880781,)) completed
2025-07-16 19:58:40,719 [DEBUG] [aiosqlite:104] executing functools.partial(<built-in method fetchone of sqlite3.Cursor object at 0x00000238AF057940>)
2025-07-16 19:58:40,720 [DEBUG] [aiosqlite:106] operation functools.partial(<built-in method fetchone of sqlite3.Cursor object at 0x00000238AF057940>) completed
2025-07-16 19:58:40,721 [DEBUG] [aiosqlite:104] executing functools.partial(<built-in method close of sqlite3.Connection object at 0x00000238AC91DE40>)
2025-07-16 19:58:40,721 [DEBUG] [aiosqlite:106] operation functools.partial(<built-in method close of sqlite3.Connection object at 0x00000238AC91DE40>) completed
2025-07-16 19:58:40,722 [DEBUG] [aiosqlite:104] executing <function connect.<locals>.connector at 0x00000238AC9776A0>
2025-07-16 19:58:40,723 [DEBUG] [aiosqlite:106] operation <function connect.<locals>.connector at 0x00000238AC9776A0> completed
2025-07-16 19:58:40,724 [DEBUG] [aiosqlite:104] executing functools.partial(<built-in method execute of sqlite3.Connection object at 0x00000238AC91DE40>, 'SELECT first_name, last_name, role FROM users WHERE user_id = ?', (5639896639,))
2025-07-16 19:58:40,725 [DEBUG] [aiosqlite:106] operation functools.partial(<built-in method execute of sqlite3.Connection object at 0x00000238AC91DE40>, 'SELECT first_name, last_name, role FROM users WHERE user_id = ?', (5639896639,)) completed
2025-07-16 19:58:40,727 [DEBUG] [aiosqlite:104] executing functools.partial(<built-in method fetchone of sqlite3.Cursor object at 0x00000238AF057140>)
2025-07-16 19:58:40,727 [DEBUG] [aiosqlite:106] operation functools.partial(<built-in method fetchone of sqlite3.Cursor object at 0x00000238AF057140>) completed
2025-07-16 19:58:40,728 [DEBUG] [aiosqlite:104] executing functools.partial(<built-in method close of sqlite3.Connection object at 0x00000238AC91DE40>)
2025-07-16 19:58:40,729 [DEBUG] [aiosqlite:106] operation functools.partial(<built-in method close of sqlite3.Connection object at 0x00000238AC91DE40>) completed
2025-07-16 19:58:41,592 [INFO] [aiogram.event:172] Update id=861001434 is handled. Duration 885 ms by bot id=7637424219
2025-07-16 20:00:40,012 [INFO] [aiogram.event:172] Update id=861001435 is not handled. Duration 78 ms by bot id=7637424219
2025-07-16 20:00:45,577 [DEBUG] [aiosqlite:104] executing <function connect.<locals>.connector at 0x00000238AC9776A0>
2025-07-16 20:00:45,580 [DEBUG] [aiosqlite:106] operation <function connect.<locals>.connector at 0x00000238AC9776A0> completed
2025-07-16 20:00:45,582 [DEBUG] [aiosqlite:104] executing functools.partial(<built-in method execute of sqlite3.Connection object at 0x00000238AEFEAB60>, 'SELECT first_name, last_name, role FROM users WHERE user_id = ?', (625280877,))
2025-07-16 20:00:45,584 [DEBUG] [aiosqlite:106] operation functools.partial(<built-in method execute of sqlite3.Connection object at 0x00000238AEFEAB60>, 'SELECT first_name, last_name, role FROM users WHERE user_id = ?', (625280877,)) completed
2025-07-16 20:00:45,587 [DEBUG] [aiosqlite:104] executing functools.partial(<built-in method fetchone of sqlite3.Cursor object at 0x00000238AF057C40>)
2025-07-16 20:00:45,588 [DEBUG] [aiosqlite:106] operation functools.partial(<built-in method fetchone of sqlite3.Cursor object at 0x00000238AF057C40>) completed
2025-07-16 20:00:45,590 [DEBUG] [aiosqlite:104] executing functools.partial(<built-in method close of sqlite3.Connection object at 0x00000238AEFEAB60>)
2025-07-16 20:00:45,591 [DEBUG] [aiosqlite:106] operation functools.partial(<built-in method close of sqlite3.Connection object at 0x00000238AEFEAB60>) completed
2025-07-16 20:00:45,601 [DEBUG] [aiosqlite:104] executing <function connect.<locals>.connector at 0x00000238AC98AE80>
2025-07-16 20:00:45,603 [DEBUG] [aiosqlite:106] operation <function connect.<locals>.connector at 0x00000238AC98AE80> completed
2025-07-16 20:00:45,604 [DEBUG] [aiosqlite:104] executing functools.partial(<built-in method execute of sqlite3.Connection object at 0x00000238AEFEA980>, 'SELECT first_name, last_name, role FROM users WHERE user_id = ?', (1018880781,))
2025-07-16 20:00:45,606 [DEBUG] [aiosqlite:106] operation functools.partial(<built-in method execute of sqlite3.Connection object at 0x00000238AEFEA980>, 'SELECT first_name, last_name, role FROM users WHERE user_id = ?', (1018880781,)) completed
2025-07-16 20:00:45,608 [DEBUG] [aiosqlite:104] executing functools.partial(<built-in method fetchone of sqlite3.Cursor object at 0x00000238AF0570C0>)
2025-07-16 20:00:45,613 [DEBUG] [aiosqlite:106] operation functools.partial(<built-in method fetchone of sqlite3.Cursor object at 0x00000238AF0570C0>) completed
2025-07-16 20:00:45,614 [DEBUG] [aiosqlite:104] executing functools.partial(<built-in method close of sqlite3.Connection object at 0x00000238AEFEA980>)
2025-07-16 20:00:45,615 [DEBUG] [aiosqlite:106] operation functools.partial(<built-in method close of sqlite3.Connection object at 0x00000238AEFEA980>) completed
2025-07-16 20:00:45,617 [DEBUG] [aiosqlite:104] executing <function connect.<locals>.connector at 0x00000238AC977BA0>
2025-07-16 20:00:45,619 [DEBUG] [aiosqlite:106] operation <function connect.<locals>.connector at 0x00000238AC977BA0> completed
2025-07-16 20:00:45,620 [DEBUG] [aiosqlite:104] executing functools.partial(<built-in method execute of sqlite3.Connection object at 0x00000238AEFEAC50>, 'SELECT first_name, last_name, role FROM users WHERE user_id = ?', (5639896639,))
2025-07-16 20:00:45,621 [DEBUG] [aiosqlite:106] operation functools.partial(<built-in method execute of sqlite3.Connection object at 0x00000238AEFEAC50>, 'SELECT first_name, last_name, role FROM users WHERE user_id = ?', (5639896639,)) completed
2025-07-16 20:00:45,622 [DEBUG] [aiosqlite:104] executing functools.partial(<built-in method fetchone of sqlite3.Cursor object at 0x00000238AEFFC140>)
2025-07-16 20:00:45,622 [DEBUG] [aiosqlite:106] operation functools.partial(<built-in method fetchone of sqlite3.Cursor object at 0x00000238AEFFC140>) completed
2025-07-16 20:00:45,623 [DEBUG] [aiosqlite:104] executing functools.partial(<built-in method close of sqlite3.Connection object at 0x00000238AEFEAC50>)
2025-07-16 20:00:45,623 [DEBUG] [aiosqlite:106] operation functools.partial(<built-in method close of sqlite3.Connection object at 0x00000238AEFEAC50>) completed
2025-07-16 20:00:45,761 [INFO] [aiogram.event:172] Update id=861001436 is handled. Duration 184 ms by bot id=7637424219
2025-07-16 20:01:44,010 [ERROR] [handlers.poll_details:69] Не удалось удалить старое сообщение детализации
Traceback (most recent call last):
  File "C:\Users\DELL\Desktop\gpt\Masterbot1\handlers\poll_details.py", line 67, in show_deal_callback_handler
    await callback.message.delete()
  File "C:\Users\DELL\AppData\Local\Programs\Python\Python313\Lib\site-packages\aiogram\methods\base.py", line 84, in emit
    return await bot(self)
           ^^^^^^^^^^^^^^^
  File "C:\Users\DELL\AppData\Local\Programs\Python\Python313\Lib\site-packages\aiogram\client\bot.py", line 478, in __call__
    return await self.session(self, method, timeout=request_timeout)
           ^^^^^^^^^^^^^^^^^^^^^^^^^^^^^^^^^^^^^^^^^^^^^^^^^^^^^^^^^
  File "C:\Users\DELL\AppData\Local\Programs\Python\Python313\Lib\site-packages\aiogram\client\session\base.py", line 254, in __call__
    return cast(TelegramType, await middleware(bot, method))
                              ^^^^^^^^^^^^^^^^^^^^^^^^^^^^^
  File "C:\Users\DELL\AppData\Local\Programs\Python\Python313\Lib\site-packages\aiogram\client\session\aiohttp.py", line 185, in make_request
    response = self.check_response(
        bot=bot, method=method, status_code=resp.status, content=raw_result
    )
  File "C:\Users\DELL\AppData\Local\Programs\Python\Python313\Lib\site-packages\aiogram\client\session\base.py", line 120, in check_response
    raise TelegramBadRequest(method=method, message=description)
aiogram.exceptions.TelegramBadRequest: Telegram server says - Bad Request: message to delete not found
2025-07-16 20:01:44,858 [INFO] [aiogram.event:172] Update id=861001437 is handled. Duration 981 ms by bot id=7637424219
2025-07-16 20:02:00,807 [DEBUG] [aiosqlite:104] executing <function connect.<locals>.connector at 0x00000238AC977BA0>
2025-07-16 20:02:00,809 [DEBUG] [aiosqlite:106] operation <function connect.<locals>.connector at 0x00000238AC977BA0> completed
2025-07-16 20:02:00,809 [DEBUG] [aiosqlite:104] executing functools.partial(<built-in method execute of sqlite3.Connection object at 0x00000238AEFEA980>, 'SELECT first_name, last_name, role FROM users WHERE user_id = ?', (625280877,))
2025-07-16 20:02:00,811 [DEBUG] [aiosqlite:106] operation functools.partial(<built-in method execute of sqlite3.Connection object at 0x00000238AEFEA980>, 'SELECT first_name, last_name, role FROM users WHERE user_id = ?', (625280877,)) completed
2025-07-16 20:02:00,812 [DEBUG] [aiosqlite:104] executing functools.partial(<built-in method fetchone of sqlite3.Cursor object at 0x00000238AF066E40>)
2025-07-16 20:02:00,812 [DEBUG] [aiosqlite:106] operation functools.partial(<built-in method fetchone of sqlite3.Cursor object at 0x00000238AF066E40>) completed
2025-07-16 20:02:00,813 [DEBUG] [aiosqlite:104] executing functools.partial(<built-in method close of sqlite3.Connection object at 0x00000238AEFEA980>)
2025-07-16 20:02:00,814 [DEBUG] [aiosqlite:106] operation functools.partial(<built-in method close of sqlite3.Connection object at 0x00000238AEFEA980>) completed
2025-07-16 20:02:01,401 [INFO] [aiogram.event:172] Update id=861001438 is not handled. Duration 595 ms by bot id=7637424219
2025-07-16 20:02:01,402 [ERROR] [aiogram.event:315] Cause exception while process update id=861001438 by bot id=7637424219
ValidationError: 1 validation error for CallbackQuery
bot
  Instance is frozen [type=frozen_instance, input_value=<aiogram.client.bot.Bot o...t at 0x00000238AC910980>, input_type=Bot]
    For further information visit https://errors.pydantic.dev/2.11/v/frozen_instance
Traceback (most recent call last):
  File "C:\Users\DELL\AppData\Local\Programs\Python\Python313\Lib\site-packages\aiogram\dispatcher\dispatcher.py", line 309, in _process_update
    response = await self.feed_update(bot, update, **kwargs)
               ^^^^^^^^^^^^^^^^^^^^^^^^^^^^^^^^^^^^^^^^^^^^^
  File "C:\Users\DELL\AppData\Local\Programs\Python\Python313\Lib\site-packages\aiogram\dispatcher\dispatcher.py", line 158, in feed_update
    response = await self.update.wrap_outer_middleware(
               ^^^^^^^^^^^^^^^^^^^^^^^^^^^^^^^^^^^^^^^^
    ...<7 lines>...
    )
    ^
  File "C:\Users\DELL\AppData\Local\Programs\Python\Python313\Lib\site-packages\aiogram\dispatcher\middlewares\error.py", line 25, in __call__
    return await handler(event, data)
           ^^^^^^^^^^^^^^^^^^^^^^^^^^
  File "C:\Users\DELL\AppData\Local\Programs\Python\Python313\Lib\site-packages\aiogram\dispatcher\middlewares\user_context.py", line 56, in __call__
    return await handler(event, data)
           ^^^^^^^^^^^^^^^^^^^^^^^^^^
  File "C:\Users\DELL\AppData\Local\Programs\Python\Python313\Lib\site-packages\aiogram\fsm\middleware.py", line 42, in __call__
    return await handler(event, data)
           ^^^^^^^^^^^^^^^^^^^^^^^^^^
  File "C:\Users\DELL\AppData\Local\Programs\Python\Python313\Lib\site-packages\aiogram\dispatcher\event\telegram.py", line 121, in trigger
    return await wrapped_inner(event, kwargs)
           ^^^^^^^^^^^^^^^^^^^^^^^^^^^^^^^^^^
  File "C:\Users\DELL\AppData\Local\Programs\Python\Python313\Lib\site-packages\aiogram\dispatcher\event\handler.py", line 43, in call
    return await wrapped()
           ^^^^^^^^^^^^^^^
  File "C:\Users\DELL\AppData\Local\Programs\Python\Python313\Lib\site-packages\aiogram\dispatcher\dispatcher.py", line 276, in _listen_update
    return await self.propagate_event(update_type=update_type, event=event, **kwargs)
           ^^^^^^^^^^^^^^^^^^^^^^^^^^^^^^^^^^^^^^^^^^^^^^^^^^^^^^^^^^^^^^^^^^^^^^^^^^
  File "C:\Users\DELL\AppData\Local\Programs\Python\Python313\Lib\site-packages\aiogram\dispatcher\router.py", line 146, in propagate_event
    return await observer.wrap_outer_middleware(_wrapped, event=event, data=kwargs)
           ^^^^^^^^^^^^^^^^^^^^^^^^^^^^^^^^^^^^^^^^^^^^^^^^^^^^^^^^^^^^^^^^^^^^^^^^
  File "C:\Users\DELL\AppData\Local\Programs\Python\Python313\Lib\site-packages\aiogram\dispatcher\router.py", line 141, in _wrapped
    return await self._propagate_event(
           ^^^^^^^^^^^^^^^^^^^^^^^^^^^^
        observer=observer, update_type=update_type, event=telegram_event, **data
        ^^^^^^^^^^^^^^^^^^^^^^^^^^^^^^^^^^^^^^^^^^^^^^^^^^^^^^^^^^^^^^^^^^^^^^^^
    )
    ^
  File "C:\Users\DELL\AppData\Local\Programs\Python\Python313\Lib\site-packages\aiogram\dispatcher\router.py", line 174, in _propagate_event
    response = await router.propagate_event(update_type=update_type, event=event, **kwargs)
               ^^^^^^^^^^^^^^^^^^^^^^^^^^^^^^^^^^^^^^^^^^^^^^^^^^^^^^^^^^^^^^^^^^^^^^^^^^^^
  File "C:\Users\DELL\AppData\Local\Programs\Python\Python313\Lib\site-packages\aiogram\dispatcher\router.py", line 146, in propagate_event
    return await observer.wrap_outer_middleware(_wrapped, event=event, data=kwargs)
           ^^^^^^^^^^^^^^^^^^^^^^^^^^^^^^^^^^^^^^^^^^^^^^^^^^^^^^^^^^^^^^^^^^^^^^^^
  File "C:\Users\DELL\AppData\Local\Programs\Python\Python313\Lib\site-packages\aiogram\dispatcher\router.py", line 141, in _wrapped
    return await self._propagate_event(
           ^^^^^^^^^^^^^^^^^^^^^^^^^^^^
        observer=observer, update_type=update_type, event=telegram_event, **data
        ^^^^^^^^^^^^^^^^^^^^^^^^^^^^^^^^^^^^^^^^^^^^^^^^^^^^^^^^^^^^^^^^^^^^^^^^
    )
    ^
  File "C:\Users\DELL\AppData\Local\Programs\Python\Python313\Lib\site-packages\aiogram\dispatcher\router.py", line 166, in _propagate_event
    response = await observer.trigger(event, **kwargs)
               ^^^^^^^^^^^^^^^^^^^^^^^^^^^^^^^^^^^^^^^
  File "C:\Users\DELL\AppData\Local\Programs\Python\Python313\Lib\site-packages\aiogram\dispatcher\event\telegram.py", line 121, in trigger
    return await wrapped_inner(event, kwargs)
           ^^^^^^^^^^^^^^^^^^^^^^^^^^^^^^^^^^
  File "C:\Users\DELL\AppData\Local\Programs\Python\Python313\Lib\site-packages\aiogram\dispatcher\event\handler.py", line 43, in call
    return await wrapped()
           ^^^^^^^^^^^^^^^
  File "C:\Users\DELL\Desktop\gpt\Masterbot1\handlers\poll_details.py", line 268, in assign_swap_handler
    await refresh_deal_details(callback.from_user.id, deal_id)
  File "C:\Users\DELL\Desktop\gpt\Masterbot1\handlers\poll_details.py", line 227, in refresh_deal_details
    dummy.bot = bot  # монтируем к боту
    ^^^^^^^^^
  File "C:\Users\DELL\AppData\Local\Programs\Python\Python313\Lib\site-packages\pydantic\main.py", line 997, in __setattr__
    elif (setattr_handler := self._setattr_handler(name, value)) is not None:
                             ~~~~~~~~~~~~~~~~~~~~~^^^^^^^^^^^^^
  File "C:\Users\DELL\AppData\Local\Programs\Python\Python313\Lib\site-packages\pydantic\main.py", line 1033, in _setattr_handler
    _check_frozen(cls, name, value)
    ~~~~~~~~~~~~~^^^^^^^^^^^^^^^^^^
  File "C:\Users\DELL\AppData\Local\Programs\Python\Python313\Lib\site-packages\pydantic\main.py", line 92, in _check_frozen
    raise ValidationError.from_exception_data(
        model_cls.__name__, [{'type': error_type, 'loc': (name,), 'input': value}]
    )
pydantic_core._pydantic_core.ValidationError: 1 validation error for CallbackQuery
bot
  Instance is frozen [type=frozen_instance, input_value=<aiogram.client.bot.Bot o...t at 0x00000238AC910980>, input_type=Bot]
    For further information visit https://errors.pydantic.dev/2.11/v/frozen_instance
2025-07-16 20:02:14,834 [DEBUG] [aiosqlite:104] executing <function connect.<locals>.connector at 0x00000238AC977880>
2025-07-16 20:02:14,835 [DEBUG] [aiosqlite:106] operation <function connect.<locals>.connector at 0x00000238AC977880> completed
2025-07-16 20:02:14,836 [DEBUG] [aiosqlite:104] executing functools.partial(<built-in method execute of sqlite3.Connection object at 0x00000238AEFEA980>, 'SELECT first_name, last_name, role FROM users WHERE user_id = ?', (1018880781,))
2025-07-16 20:02:14,838 [DEBUG] [aiosqlite:106] operation functools.partial(<built-in method execute of sqlite3.Connection object at 0x00000238AEFEA980>, 'SELECT first_name, last_name, role FROM users WHERE user_id = ?', (1018880781,)) completed
2025-07-16 20:02:14,840 [DEBUG] [aiosqlite:104] executing functools.partial(<built-in method fetchone of sqlite3.Cursor object at 0x00000238AF067540>)
2025-07-16 20:02:14,843 [DEBUG] [aiosqlite:106] operation functools.partial(<built-in method fetchone of sqlite3.Cursor object at 0x00000238AF067540>) completed
2025-07-16 20:02:14,846 [DEBUG] [aiosqlite:104] executing functools.partial(<built-in method close of sqlite3.Connection object at 0x00000238AEFEA980>)
2025-07-16 20:02:14,850 [DEBUG] [aiosqlite:106] operation functools.partial(<built-in method close of sqlite3.Connection object at 0x00000238AEFEA980>) completed
2025-07-16 20:02:17,535 [INFO] [aiogram.event:172] Update id=861001439 is handled. Duration 2703 ms by bot id=7637424219
2025-07-16 20:02:19,199 [DEBUG] [aiosqlite:104] executing <function connect.<locals>.connector at 0x00000238AF0AED40>
2025-07-16 20:02:19,201 [DEBUG] [aiosqlite:106] operation <function connect.<locals>.connector at 0x00000238AF0AED40> completed
2025-07-16 20:02:19,202 [DEBUG] [aiosqlite:104] executing functools.partial(<built-in method execute of sqlite3.Connection object at 0x00000238AC91DE40>, 'SELECT first_name, last_name, role FROM users WHERE user_id = ?', (1018880781,))
2025-07-16 20:02:19,204 [DEBUG] [aiosqlite:106] operation functools.partial(<built-in method execute of sqlite3.Connection object at 0x00000238AC91DE40>, 'SELECT first_name, last_name, role FROM users WHERE user_id = ?', (1018880781,)) completed
2025-07-16 20:02:19,204 [DEBUG] [aiosqlite:104] executing functools.partial(<built-in method fetchone of sqlite3.Cursor object at 0x00000238AF065A40>)
2025-07-16 20:02:19,205 [DEBUG] [aiosqlite:106] operation functools.partial(<built-in method fetchone of sqlite3.Cursor object at 0x00000238AF065A40>) completed
2025-07-16 20:02:19,206 [DEBUG] [aiosqlite:104] executing functools.partial(<built-in method close of sqlite3.Connection object at 0x00000238AC91DE40>)
2025-07-16 20:02:19,207 [DEBUG] [aiosqlite:106] operation functools.partial(<built-in method close of sqlite3.Connection object at 0x00000238AC91DE40>) completed
2025-07-16 20:02:19,330 [DEBUG] [aiosqlite:104] executing <function connect.<locals>.connector at 0x00000238AC977880>
2025-07-16 20:02:19,332 [DEBUG] [aiosqlite:106] operation <function connect.<locals>.connector at 0x00000238AC977880> completed
2025-07-16 20:02:19,333 [DEBUG] [aiosqlite:104] executing functools.partial(<built-in method execute of sqlite3.Connection object at 0x00000238AC91D120>, 'SELECT first_name, last_name, role FROM users WHERE user_id = ?', (1018880781,))
2025-07-16 20:02:19,335 [DEBUG] [aiosqlite:106] operation functools.partial(<built-in method execute of sqlite3.Connection object at 0x00000238AC91D120>, 'SELECT first_name, last_name, role FROM users WHERE user_id = ?', (1018880781,)) completed
2025-07-16 20:02:19,336 [DEBUG] [aiosqlite:104] executing functools.partial(<built-in method fetchone of sqlite3.Cursor object at 0x00000238AF067440>)
2025-07-16 20:02:19,337 [DEBUG] [aiosqlite:106] operation functools.partial(<built-in method fetchone of sqlite3.Cursor object at 0x00000238AF067440>) completed
2025-07-16 20:02:19,340 [DEBUG] [aiosqlite:104] executing functools.partial(<built-in method close of sqlite3.Connection object at 0x00000238AC91D120>)
2025-07-16 20:02:19,341 [DEBUG] [aiosqlite:106] operation functools.partial(<built-in method close of sqlite3.Connection object at 0x00000238AC91D120>) completed
2025-07-16 20:02:19,343 [DEBUG] [aiosqlite:104] executing <function connect.<locals>.connector at 0x00000238AF0AF2E0>
2025-07-16 20:02:19,346 [DEBUG] [aiosqlite:106] operation <function connect.<locals>.connector at 0x00000238AF0AF2E0> completed
2025-07-16 20:02:19,352 [DEBUG] [aiosqlite:104] executing functools.partial(<built-in method execute of sqlite3.Connection object at 0x00000238AC91D210>, 'SELECT first_name, last_name, role FROM users WHERE user_id = ?', (5639896639,))
2025-07-16 20:02:19,355 [DEBUG] [aiosqlite:106] operation functools.partial(<built-in method execute of sqlite3.Connection object at 0x00000238AC91D210>, 'SELECT first_name, last_name, role FROM users WHERE user_id = ?', (5639896639,)) completed
2025-07-16 20:02:19,357 [DEBUG] [aiosqlite:104] executing functools.partial(<built-in method fetchone of sqlite3.Cursor object at 0x00000238AF067440>)
2025-07-16 20:02:19,358 [DEBUG] [aiosqlite:106] operation functools.partial(<built-in method fetchone of sqlite3.Cursor object at 0x00000238AF067440>) completed
2025-07-16 20:02:19,360 [DEBUG] [aiosqlite:104] executing functools.partial(<built-in method close of sqlite3.Connection object at 0x00000238AC91D210>)
2025-07-16 20:02:19,363 [DEBUG] [aiosqlite:106] operation functools.partial(<built-in method close of sqlite3.Connection object at 0x00000238AC91D210>) completed
2025-07-16 20:02:19,499 [DEBUG] [aiosqlite:104] executing <function connect.<locals>.connector at 0x00000238AF0AF2E0>
2025-07-16 20:02:19,502 [DEBUG] [aiosqlite:106] operation <function connect.<locals>.connector at 0x00000238AF0AF2E0> completed
2025-07-16 20:02:19,503 [DEBUG] [aiosqlite:104] executing functools.partial(<built-in method execute of sqlite3.Connection object at 0x00000238AC91DE40>, 'SELECT first_name, last_name, role FROM users WHERE user_id = ?', (1018880781,))
2025-07-16 20:02:19,505 [DEBUG] [aiosqlite:106] operation functools.partial(<built-in method execute of sqlite3.Connection object at 0x00000238AC91DE40>, 'SELECT first_name, last_name, role FROM users WHERE user_id = ?', (1018880781,)) completed
2025-07-16 20:02:19,506 [DEBUG] [aiosqlite:104] executing functools.partial(<built-in method fetchone of sqlite3.Cursor object at 0x00000238AF0D8840>)
2025-07-16 20:02:19,509 [DEBUG] [aiosqlite:106] operation functools.partial(<built-in method fetchone of sqlite3.Cursor object at 0x00000238AF0D8840>) completed
2025-07-16 20:02:19,512 [DEBUG] [aiosqlite:104] executing functools.partial(<built-in method close of sqlite3.Connection object at 0x00000238AC91DE40>)
2025-07-16 20:02:19,513 [DEBUG] [aiosqlite:106] operation functools.partial(<built-in method close of sqlite3.Connection object at 0x00000238AC91DE40>) completed
2025-07-16 20:02:20,015 [INFO] [aiogram.event:172] Update id=861001440 is handled. Duration 817 ms by bot id=7637424219
2025-07-16 20:02:23,075 [ERROR] [handlers.poll_details:69] Не удалось удалить старое сообщение детализации
Traceback (most recent call last):
  File "C:\Users\DELL\Desktop\gpt\Masterbot1\handlers\poll_details.py", line 67, in show_deal_callback_handler
    await callback.message.delete()
  File "C:\Users\DELL\AppData\Local\Programs\Python\Python313\Lib\site-packages\aiogram\methods\base.py", line 84, in emit
    return await bot(self)
           ^^^^^^^^^^^^^^^
  File "C:\Users\DELL\AppData\Local\Programs\Python\Python313\Lib\site-packages\aiogram\client\bot.py", line 478, in __call__
    return await self.session(self, method, timeout=request_timeout)
           ^^^^^^^^^^^^^^^^^^^^^^^^^^^^^^^^^^^^^^^^^^^^^^^^^^^^^^^^^
  File "C:\Users\DELL\AppData\Local\Programs\Python\Python313\Lib\site-packages\aiogram\client\session\base.py", line 254, in __call__
    return cast(TelegramType, await middleware(bot, method))
                              ^^^^^^^^^^^^^^^^^^^^^^^^^^^^^
  File "C:\Users\DELL\AppData\Local\Programs\Python\Python313\Lib\site-packages\aiogram\client\session\aiohttp.py", line 185, in make_request
    response = self.check_response(
        bot=bot, method=method, status_code=resp.status, content=raw_result
    )
  File "C:\Users\DELL\AppData\Local\Programs\Python\Python313\Lib\site-packages\aiogram\client\session\base.py", line 120, in check_response
    raise TelegramBadRequest(method=method, message=description)
aiogram.exceptions.TelegramBadRequest: Telegram server says - Bad Request: message to delete not found
2025-07-16 20:02:24,473 [INFO] [aiogram.event:172] Update id=861001441 is handled. Duration 1659 ms by bot id=7637424219
2025-07-16 20:02:39,757 [DEBUG] [aiosqlite:104] executing <function connect.<locals>.connector at 0x00000238ACA968E0>
2025-07-16 20:02:39,758 [DEBUG] [aiosqlite:106] operation <function connect.<locals>.connector at 0x00000238ACA968E0> completed
2025-07-16 20:02:39,759 [DEBUG] [aiosqlite:104] executing functools.partial(<built-in method execute of sqlite3.Connection object at 0x00000238AEFEA980>, 'SELECT first_name, last_name, role FROM users WHERE user_id = ?', (5639896639,))
2025-07-16 20:02:39,760 [DEBUG] [aiosqlite:106] operation functools.partial(<built-in method execute of sqlite3.Connection object at 0x00000238AEFEA980>, 'SELECT first_name, last_name, role FROM users WHERE user_id = ?', (5639896639,)) completed
2025-07-16 20:02:39,761 [DEBUG] [aiosqlite:104] executing functools.partial(<built-in method fetchone of sqlite3.Cursor object at 0x00000238AF0D88C0>)
2025-07-16 20:02:39,762 [DEBUG] [aiosqlite:106] operation functools.partial(<built-in method fetchone of sqlite3.Cursor object at 0x00000238AF0D88C0>) completed
2025-07-16 20:02:39,763 [DEBUG] [aiosqlite:104] executing functools.partial(<built-in method close of sqlite3.Connection object at 0x00000238AEFEA980>)
2025-07-16 20:02:39,764 [DEBUG] [aiosqlite:106] operation functools.partial(<built-in method close of sqlite3.Connection object at 0x00000238AEFEA980>) completed
2025-07-16 20:02:40,614 [INFO] [aiogram.event:172] Update id=861001442 is not handled. Duration 860 ms by bot id=7637424219
2025-07-16 20:02:40,616 [ERROR] [aiogram.event:315] Cause exception while process update id=861001442 by bot id=7637424219
ValidationError: 1 validation error for CallbackQuery
bot
  Instance is frozen [type=frozen_instance, input_value=<aiogram.client.bot.Bot o...t at 0x00000238AC910980>, input_type=Bot]
    For further information visit https://errors.pydantic.dev/2.11/v/frozen_instance
Traceback (most recent call last):
  File "C:\Users\DELL\AppData\Local\Programs\Python\Python313\Lib\site-packages\aiogram\dispatcher\dispatcher.py", line 309, in _process_update
    response = await self.feed_update(bot, update, **kwargs)
               ^^^^^^^^^^^^^^^^^^^^^^^^^^^^^^^^^^^^^^^^^^^^^
  File "C:\Users\DELL\AppData\Local\Programs\Python\Python313\Lib\site-packages\aiogram\dispatcher\dispatcher.py", line 158, in feed_update
    response = await self.update.wrap_outer_middleware(
               ^^^^^^^^^^^^^^^^^^^^^^^^^^^^^^^^^^^^^^^^
    ...<7 lines>...
    )
    ^
  File "C:\Users\DELL\AppData\Local\Programs\Python\Python313\Lib\site-packages\aiogram\dispatcher\middlewares\error.py", line 25, in __call__
    return await handler(event, data)
           ^^^^^^^^^^^^^^^^^^^^^^^^^^
  File "C:\Users\DELL\AppData\Local\Programs\Python\Python313\Lib\site-packages\aiogram\dispatcher\middlewares\user_context.py", line 56, in __call__
    return await handler(event, data)
           ^^^^^^^^^^^^^^^^^^^^^^^^^^
  File "C:\Users\DELL\AppData\Local\Programs\Python\Python313\Lib\site-packages\aiogram\fsm\middleware.py", line 42, in __call__
    return await handler(event, data)
           ^^^^^^^^^^^^^^^^^^^^^^^^^^
  File "C:\Users\DELL\AppData\Local\Programs\Python\Python313\Lib\site-packages\aiogram\dispatcher\event\telegram.py", line 121, in trigger
    return await wrapped_inner(event, kwargs)
           ^^^^^^^^^^^^^^^^^^^^^^^^^^^^^^^^^^
  File "C:\Users\DELL\AppData\Local\Programs\Python\Python313\Lib\site-packages\aiogram\dispatcher\event\handler.py", line 43, in call
    return await wrapped()
           ^^^^^^^^^^^^^^^
  File "C:\Users\DELL\AppData\Local\Programs\Python\Python313\Lib\site-packages\aiogram\dispatcher\dispatcher.py", line 276, in _listen_update
    return await self.propagate_event(update_type=update_type, event=event, **kwargs)
           ^^^^^^^^^^^^^^^^^^^^^^^^^^^^^^^^^^^^^^^^^^^^^^^^^^^^^^^^^^^^^^^^^^^^^^^^^^
  File "C:\Users\DELL\AppData\Local\Programs\Python\Python313\Lib\site-packages\aiogram\dispatcher\router.py", line 146, in propagate_event
    return await observer.wrap_outer_middleware(_wrapped, event=event, data=kwargs)
           ^^^^^^^^^^^^^^^^^^^^^^^^^^^^^^^^^^^^^^^^^^^^^^^^^^^^^^^^^^^^^^^^^^^^^^^^
  File "C:\Users\DELL\AppData\Local\Programs\Python\Python313\Lib\site-packages\aiogram\dispatcher\router.py", line 141, in _wrapped
    return await self._propagate_event(
           ^^^^^^^^^^^^^^^^^^^^^^^^^^^^
        observer=observer, update_type=update_type, event=telegram_event, **data
        ^^^^^^^^^^^^^^^^^^^^^^^^^^^^^^^^^^^^^^^^^^^^^^^^^^^^^^^^^^^^^^^^^^^^^^^^
    )
    ^
  File "C:\Users\DELL\AppData\Local\Programs\Python\Python313\Lib\site-packages\aiogram\dispatcher\router.py", line 174, in _propagate_event
    response = await router.propagate_event(update_type=update_type, event=event, **kwargs)
               ^^^^^^^^^^^^^^^^^^^^^^^^^^^^^^^^^^^^^^^^^^^^^^^^^^^^^^^^^^^^^^^^^^^^^^^^^^^^
  File "C:\Users\DELL\AppData\Local\Programs\Python\Python313\Lib\site-packages\aiogram\dispatcher\router.py", line 146, in propagate_event
    return await observer.wrap_outer_middleware(_wrapped, event=event, data=kwargs)
           ^^^^^^^^^^^^^^^^^^^^^^^^^^^^^^^^^^^^^^^^^^^^^^^^^^^^^^^^^^^^^^^^^^^^^^^^
  File "C:\Users\DELL\AppData\Local\Programs\Python\Python313\Lib\site-packages\aiogram\dispatcher\router.py", line 141, in _wrapped
    return await self._propagate_event(
           ^^^^^^^^^^^^^^^^^^^^^^^^^^^^
        observer=observer, update_type=update_type, event=telegram_event, **data
        ^^^^^^^^^^^^^^^^^^^^^^^^^^^^^^^^^^^^^^^^^^^^^^^^^^^^^^^^^^^^^^^^^^^^^^^^
    )
    ^
  File "C:\Users\DELL\AppData\Local\Programs\Python\Python313\Lib\site-packages\aiogram\dispatcher\router.py", line 166, in _propagate_event
    response = await observer.trigger(event, **kwargs)
               ^^^^^^^^^^^^^^^^^^^^^^^^^^^^^^^^^^^^^^^
  File "C:\Users\DELL\AppData\Local\Programs\Python\Python313\Lib\site-packages\aiogram\dispatcher\event\telegram.py", line 121, in trigger
    return await wrapped_inner(event, kwargs)
           ^^^^^^^^^^^^^^^^^^^^^^^^^^^^^^^^^^
  File "C:\Users\DELL\AppData\Local\Programs\Python\Python313\Lib\site-packages\aiogram\dispatcher\event\handler.py", line 43, in call
    return await wrapped()
           ^^^^^^^^^^^^^^^
  File "C:\Users\DELL\Desktop\gpt\Masterbot1\handlers\poll_details.py", line 268, in assign_swap_handler
    await refresh_deal_details(callback.from_user.id, deal_id)
  File "C:\Users\DELL\Desktop\gpt\Masterbot1\handlers\poll_details.py", line 227, in refresh_deal_details
    dummy.bot = bot  # монтируем к боту
    ^^^^^^^^^
  File "C:\Users\DELL\AppData\Local\Programs\Python\Python313\Lib\site-packages\pydantic\main.py", line 997, in __setattr__
    elif (setattr_handler := self._setattr_handler(name, value)) is not None:
                             ~~~~~~~~~~~~~~~~~~~~~^^^^^^^^^^^^^
  File "C:\Users\DELL\AppData\Local\Programs\Python\Python313\Lib\site-packages\pydantic\main.py", line 1033, in _setattr_handler
    _check_frozen(cls, name, value)
    ~~~~~~~~~~~~~^^^^^^^^^^^^^^^^^^
  File "C:\Users\DELL\AppData\Local\Programs\Python\Python313\Lib\site-packages\pydantic\main.py", line 92, in _check_frozen
    raise ValidationError.from_exception_data(
        model_cls.__name__, [{'type': error_type, 'loc': (name,), 'input': value}]
    )
pydantic_core._pydantic_core.ValidationError: 1 validation error for CallbackQuery
bot
  Instance is frozen [type=frozen_instance, input_value=<aiogram.client.bot.Bot o...t at 0x00000238AC910980>, input_type=Bot]
    For further information visit https://errors.pydantic.dev/2.11/v/frozen_instance
2025-07-16 20:03:33,126 [ERROR] [aiogram.dispatcher:219] Failed to fetch updates - TelegramNetworkError: HTTP Client says - ClientConnectorError: Cannot connect to host api.telegram.org:443 ssl:default [Указанное сетевое имя более недоступно]
2025-07-16 20:03:33,128 [WARNING] [aiogram.dispatcher:221] Sleep for 1.000000 seconds and try again... (tryings = 0, bot id = 7637424219)
2025-07-16 20:03:45,273 [INFO] [aiogram.dispatcher:233] Connection established (tryings = 1, bot id = 7637424219)
2025-07-16 20:17:54,893 [INFO] [aiogram.event:172] Update id=861001443 is handled. Duration 8 ms by bot id=7637424219
2025-07-16 20:18:00,754 [DEBUG] [aiosqlite:104] executing <function connect.<locals>.connector at 0x00000238AF0AF2E0>
2025-07-16 20:18:00,765 [DEBUG] [aiosqlite:106] operation <function connect.<locals>.connector at 0x00000238AF0AF2E0> completed
2025-07-16 20:18:00,767 [DEBUG] [aiosqlite:104] executing functools.partial(<built-in method execute of sqlite3.Connection object at 0x00000238AEFEA6B0>, 'SELECT first_name, last_name, role FROM users WHERE user_id = ?', (1502849374,))
2025-07-16 20:18:00,789 [DEBUG] [aiosqlite:106] operation functools.partial(<built-in method execute of sqlite3.Connection object at 0x00000238AEFEA6B0>, 'SELECT first_name, last_name, role FROM users WHERE user_id = ?', (1502849374,)) completed
2025-07-16 20:18:00,792 [DEBUG] [aiosqlite:104] executing functools.partial(<built-in method fetchone of sqlite3.Cursor object at 0x00000238AF0DACC0>)
2025-07-16 20:18:00,792 [DEBUG] [aiosqlite:106] operation functools.partial(<built-in method fetchone of sqlite3.Cursor object at 0x00000238AF0DACC0>) completed
2025-07-16 20:18:00,794 [DEBUG] [aiosqlite:104] executing functools.partial(<built-in method close of sqlite3.Connection object at 0x00000238AEFEA6B0>)
2025-07-16 20:18:00,795 [DEBUG] [aiosqlite:106] operation functools.partial(<built-in method close of sqlite3.Connection object at 0x00000238AEFEA6B0>) completed
2025-07-16 20:18:00,798 [DEBUG] [aiosqlite:104] executing <function connect.<locals>.connector at 0x00000238AC977E20>
2025-07-16 20:18:00,801 [DEBUG] [aiosqlite:106] operation <function connect.<locals>.connector at 0x00000238AC977E20> completed
2025-07-16 20:18:00,803 [DEBUG] [aiosqlite:104] executing functools.partial(<built-in method execute of sqlite3.Connection object at 0x00000238AC91DE40>, 'SELECT first_name, last_name, role FROM users WHERE user_id = ?', (1018880781,))
2025-07-16 20:18:00,804 [DEBUG] [aiosqlite:106] operation functools.partial(<built-in method execute of sqlite3.Connection object at 0x00000238AC91DE40>, 'SELECT first_name, last_name, role FROM users WHERE user_id = ?', (1018880781,)) completed
2025-07-16 20:18:00,805 [DEBUG] [aiosqlite:104] executing functools.partial(<built-in method fetchone of sqlite3.Cursor object at 0x00000238AF065340>)
2025-07-16 20:18:00,806 [DEBUG] [aiosqlite:106] operation functools.partial(<built-in method fetchone of sqlite3.Cursor object at 0x00000238AF065340>) completed
2025-07-16 20:18:00,807 [DEBUG] [aiosqlite:104] executing functools.partial(<built-in method close of sqlite3.Connection object at 0x00000238AC91DE40>)
2025-07-16 20:18:00,808 [DEBUG] [aiosqlite:106] operation functools.partial(<built-in method close of sqlite3.Connection object at 0x00000238AC91DE40>) completed
2025-07-16 20:18:00,811 [DEBUG] [aiosqlite:104] executing <function connect.<locals>.connector at 0x00000238AF0AF1A0>
2025-07-16 20:18:00,813 [DEBUG] [aiosqlite:106] operation <function connect.<locals>.connector at 0x00000238AF0AF1A0> completed
2025-07-16 20:18:00,814 [DEBUG] [aiosqlite:104] executing functools.partial(<built-in method execute of sqlite3.Connection object at 0x00000238AC91DE40>, 'SELECT first_name, last_name, role FROM users WHERE user_id = ?', (5639896639,))
2025-07-16 20:18:00,815 [DEBUG] [aiosqlite:106] operation functools.partial(<built-in method execute of sqlite3.Connection object at 0x00000238AC91DE40>, 'SELECT first_name, last_name, role FROM users WHERE user_id = ?', (5639896639,)) completed
2025-07-16 20:18:00,817 [DEBUG] [aiosqlite:104] executing functools.partial(<built-in method fetchone of sqlite3.Cursor object at 0x00000238AF0DAF40>)
2025-07-16 20:18:00,817 [DEBUG] [aiosqlite:106] operation functools.partial(<built-in method fetchone of sqlite3.Cursor object at 0x00000238AF0DAF40>) completed
2025-07-16 20:18:00,819 [DEBUG] [aiosqlite:104] executing functools.partial(<built-in method close of sqlite3.Connection object at 0x00000238AC91DE40>)
2025-07-16 20:18:00,819 [DEBUG] [aiosqlite:106] operation functools.partial(<built-in method close of sqlite3.Connection object at 0x00000238AC91DE40>) completed
2025-07-16 20:18:00,822 [DEBUG] [aiosqlite:104] executing <function connect.<locals>.connector at 0x00000238AC977E20>
2025-07-16 20:18:00,824 [DEBUG] [aiosqlite:106] operation <function connect.<locals>.connector at 0x00000238AC977E20> completed
2025-07-16 20:18:00,825 [DEBUG] [aiosqlite:104] executing functools.partial(<built-in method execute of sqlite3.Connection object at 0x00000238AC91DE40>, 'SELECT first_name, last_name, role FROM users WHERE user_id = ?', (1502849374,))
2025-07-16 20:18:00,827 [DEBUG] [aiosqlite:106] operation functools.partial(<built-in method execute of sqlite3.Connection object at 0x00000238AC91DE40>, 'SELECT first_name, last_name, role FROM users WHERE user_id = ?', (1502849374,)) completed
2025-07-16 20:18:00,830 [DEBUG] [aiosqlite:104] executing functools.partial(<built-in method fetchone of sqlite3.Cursor object at 0x00000238AF065340>)
2025-07-16 20:18:00,831 [DEBUG] [aiosqlite:106] operation functools.partial(<built-in method fetchone of sqlite3.Cursor object at 0x00000238AF065340>) completed
2025-07-16 20:18:00,832 [DEBUG] [aiosqlite:104] executing functools.partial(<built-in method close of sqlite3.Connection object at 0x00000238AC91DE40>)
2025-07-16 20:18:00,833 [DEBUG] [aiosqlite:106] operation functools.partial(<built-in method close of sqlite3.Connection object at 0x00000238AC91DE40>) completed
2025-07-16 20:18:01,447 [INFO] [aiogram.event:172] Update id=861001444 is handled. Duration 696 ms by bot id=7637424219
2025-07-16 20:40:13,987 [ERROR] [handlers.poll_details:69] Не удалось удалить старое сообщение детализации
Traceback (most recent call last):
  File "C:\Users\DELL\Desktop\gpt\Masterbot1\handlers\poll_details.py", line 67, in show_deal_callback_handler
    await callback.message.delete()
  File "C:\Users\DELL\AppData\Local\Programs\Python\Python313\Lib\site-packages\aiogram\methods\base.py", line 84, in emit
    return await bot(self)
           ^^^^^^^^^^^^^^^
  File "C:\Users\DELL\AppData\Local\Programs\Python\Python313\Lib\site-packages\aiogram\client\bot.py", line 478, in __call__
    return await self.session(self, method, timeout=request_timeout)
           ^^^^^^^^^^^^^^^^^^^^^^^^^^^^^^^^^^^^^^^^^^^^^^^^^^^^^^^^^
  File "C:\Users\DELL\AppData\Local\Programs\Python\Python313\Lib\site-packages\aiogram\client\session\base.py", line 254, in __call__
    return cast(TelegramType, await middleware(bot, method))
                              ^^^^^^^^^^^^^^^^^^^^^^^^^^^^^
  File "C:\Users\DELL\AppData\Local\Programs\Python\Python313\Lib\site-packages\aiogram\client\session\aiohttp.py", line 185, in make_request
    response = self.check_response(
        bot=bot, method=method, status_code=resp.status, content=raw_result
    )
  File "C:\Users\DELL\AppData\Local\Programs\Python\Python313\Lib\site-packages\aiogram\client\session\base.py", line 120, in check_response
    raise TelegramBadRequest(method=method, message=description)
aiogram.exceptions.TelegramBadRequest: Telegram server says - Bad Request: message to delete not found
2025-07-16 20:40:14,828 [INFO] [aiogram.event:172] Update id=861001445 is handled. Duration 1208 ms by bot id=7637424219
2025-07-16 20:40:22,031 [DEBUG] [aiosqlite:104] executing <function connect.<locals>.connector at 0x00000238AF0AF100>
2025-07-16 20:40:22,047 [DEBUG] [aiosqlite:106] operation <function connect.<locals>.connector at 0x00000238AF0AF100> completed
2025-07-16 20:40:22,078 [DEBUG] [aiosqlite:104] executing functools.partial(<built-in method execute of sqlite3.Connection object at 0x00000238AEFEAE30>, 'SELECT first_name, last_name, role FROM users WHERE user_id = ?', (1018880781,))
2025-07-16 20:40:22,079 [DEBUG] [aiosqlite:106] operation functools.partial(<built-in method execute of sqlite3.Connection object at 0x00000238AEFEAE30>, 'SELECT first_name, last_name, role FROM users WHERE user_id = ?', (1018880781,)) completed
2025-07-16 20:40:22,081 [DEBUG] [aiosqlite:104] executing functools.partial(<built-in method fetchone of sqlite3.Cursor object at 0x00000238ACA56CC0>)
2025-07-16 20:40:22,082 [DEBUG] [aiosqlite:106] operation functools.partial(<built-in method fetchone of sqlite3.Cursor object at 0x00000238ACA56CC0>) completed
2025-07-16 20:40:22,082 [DEBUG] [aiosqlite:104] executing functools.partial(<built-in method close of sqlite3.Connection object at 0x00000238AEFEAE30>)
2025-07-16 20:40:22,083 [DEBUG] [aiosqlite:106] operation functools.partial(<built-in method close of sqlite3.Connection object at 0x00000238AEFEAE30>) completed
2025-07-16 20:40:23,604 [DEBUG] [aiosqlite:104] executing <function connect.<locals>.connector at 0x00000238AF0AF100>
2025-07-16 20:40:23,607 [DEBUG] [aiosqlite:106] operation <function connect.<locals>.connector at 0x00000238AF0AF100> completed
2025-07-16 20:40:23,608 [DEBUG] [aiosqlite:104] executing functools.partial(<built-in method execute of sqlite3.Connection object at 0x00000238AEFEAB60>, 'SELECT first_name, last_name, role FROM users WHERE user_id = ?', (1018880781,))
2025-07-16 20:40:23,610 [DEBUG] [aiosqlite:106] operation functools.partial(<built-in method execute of sqlite3.Connection object at 0x00000238AEFEAB60>, 'SELECT first_name, last_name, role FROM users WHERE user_id = ?', (1018880781,)) completed
2025-07-16 20:40:23,611 [DEBUG] [aiosqlite:104] executing functools.partial(<built-in method fetchone of sqlite3.Cursor object at 0x00000238AF0655C0>)
2025-07-16 20:40:23,612 [DEBUG] [aiosqlite:106] operation functools.partial(<built-in method fetchone of sqlite3.Cursor object at 0x00000238AF0655C0>) completed
2025-07-16 20:40:23,613 [DEBUG] [aiosqlite:104] executing functools.partial(<built-in method close of sqlite3.Connection object at 0x00000238AEFEAB60>)
2025-07-16 20:40:23,614 [DEBUG] [aiosqlite:106] operation functools.partial(<built-in method close of sqlite3.Connection object at 0x00000238AEFEAB60>) completed
2025-07-16 20:40:23,616 [DEBUG] [aiosqlite:104] executing <function connect.<locals>.connector at 0x00000238AF0AF380>
2025-07-16 20:40:23,617 [DEBUG] [aiosqlite:106] operation <function connect.<locals>.connector at 0x00000238AF0AF380> completed
2025-07-16 20:40:23,619 [DEBUG] [aiosqlite:104] executing functools.partial(<built-in method execute of sqlite3.Connection object at 0x00000238AEFEAD40>, 'SELECT first_name, last_name, role FROM users WHERE user_id = ?', (5639896639,))
2025-07-16 20:40:23,620 [DEBUG] [aiosqlite:106] operation functools.partial(<built-in method execute of sqlite3.Connection object at 0x00000238AEFEAD40>, 'SELECT first_name, last_name, role FROM users WHERE user_id = ?', (5639896639,)) completed
2025-07-16 20:40:23,621 [DEBUG] [aiosqlite:104] executing functools.partial(<built-in method fetchone of sqlite3.Cursor object at 0x00000238AF0671C0>)
2025-07-16 20:40:23,622 [DEBUG] [aiosqlite:106] operation functools.partial(<built-in method fetchone of sqlite3.Cursor object at 0x00000238AF0671C0>) completed
2025-07-16 20:40:23,623 [DEBUG] [aiosqlite:104] executing functools.partial(<built-in method close of sqlite3.Connection object at 0x00000238AEFEAD40>)
2025-07-16 20:40:23,624 [DEBUG] [aiosqlite:106] operation functools.partial(<built-in method close of sqlite3.Connection object at 0x00000238AEFEAD40>) completed
2025-07-16 20:40:23,626 [DEBUG] [aiosqlite:104] executing <function connect.<locals>.connector at 0x00000238AF0AF1A0>
2025-07-16 20:40:23,628 [DEBUG] [aiosqlite:106] operation <function connect.<locals>.connector at 0x00000238AF0AF1A0> completed
2025-07-16 20:40:23,629 [DEBUG] [aiosqlite:104] executing functools.partial(<built-in method execute of sqlite3.Connection object at 0x00000238AEFEAE30>, 'SELECT first_name, last_name, role FROM users WHERE user_id = ?', (1502849374,))
2025-07-16 20:40:23,631 [DEBUG] [aiosqlite:106] operation functools.partial(<built-in method execute of sqlite3.Connection object at 0x00000238AEFEAE30>, 'SELECT first_name, last_name, role FROM users WHERE user_id = ?', (1502849374,)) completed
2025-07-16 20:40:23,632 [DEBUG] [aiosqlite:104] executing functools.partial(<built-in method fetchone of sqlite3.Cursor object at 0x00000238AEFFCDC0>)
2025-07-16 20:40:23,633 [DEBUG] [aiosqlite:106] operation functools.partial(<built-in method fetchone of sqlite3.Cursor object at 0x00000238AEFFCDC0>) completed
2025-07-16 20:40:23,635 [DEBUG] [aiosqlite:104] executing functools.partial(<built-in method close of sqlite3.Connection object at 0x00000238AEFEAE30>)
2025-07-16 20:40:23,636 [DEBUG] [aiosqlite:106] operation functools.partial(<built-in method close of sqlite3.Connection object at 0x00000238AEFEAE30>) completed
2025-07-16 20:40:23,761 [DEBUG] [aiosqlite:104] executing <function connect.<locals>.connector at 0x00000238AF0AF1A0>
2025-07-16 20:40:23,764 [DEBUG] [aiosqlite:106] operation <function connect.<locals>.connector at 0x00000238AF0AF1A0> completed
2025-07-16 20:40:23,765 [DEBUG] [aiosqlite:104] executing functools.partial(<built-in method execute of sqlite3.Connection object at 0x00000238AEFEA980>, 'SELECT first_name, last_name, role FROM users WHERE user_id = ?', (1018880781,))
2025-07-16 20:40:23,767 [DEBUG] [aiosqlite:106] operation functools.partial(<built-in method execute of sqlite3.Connection object at 0x00000238AEFEA980>, 'SELECT first_name, last_name, role FROM users WHERE user_id = ?', (1018880781,)) completed
2025-07-16 20:40:23,769 [DEBUG] [aiosqlite:104] executing functools.partial(<built-in method fetchone of sqlite3.Cursor object at 0x00000238AF0DB440>)
2025-07-16 20:40:23,770 [DEBUG] [aiosqlite:106] operation functools.partial(<built-in method fetchone of sqlite3.Cursor object at 0x00000238AF0DB440>) completed
2025-07-16 20:40:23,771 [DEBUG] [aiosqlite:104] executing functools.partial(<built-in method close of sqlite3.Connection object at 0x00000238AEFEA980>)
2025-07-16 20:40:23,773 [DEBUG] [aiosqlite:106] operation functools.partial(<built-in method close of sqlite3.Connection object at 0x00000238AEFEA980>) completed
2025-07-16 20:40:24,216 [INFO] [aiogram.event:172] Update id=861001446 is handled. Duration 2201 ms by bot id=7637424219
2025-07-16 20:40:26,161 [ERROR] [handlers.poll_details:69] Не удалось удалить старое сообщение детализации
Traceback (most recent call last):
  File "C:\Users\DELL\Desktop\gpt\Masterbot1\handlers\poll_details.py", line 67, in show_deal_callback_handler
    await callback.message.delete()
  File "C:\Users\DELL\AppData\Local\Programs\Python\Python313\Lib\site-packages\aiogram\methods\base.py", line 84, in emit
    return await bot(self)
           ^^^^^^^^^^^^^^^
  File "C:\Users\DELL\AppData\Local\Programs\Python\Python313\Lib\site-packages\aiogram\client\bot.py", line 478, in __call__
    return await self.session(self, method, timeout=request_timeout)
           ^^^^^^^^^^^^^^^^^^^^^^^^^^^^^^^^^^^^^^^^^^^^^^^^^^^^^^^^^
  File "C:\Users\DELL\AppData\Local\Programs\Python\Python313\Lib\site-packages\aiogram\client\session\base.py", line 254, in __call__
    return cast(TelegramType, await middleware(bot, method))
                              ^^^^^^^^^^^^^^^^^^^^^^^^^^^^^
  File "C:\Users\DELL\AppData\Local\Programs\Python\Python313\Lib\site-packages\aiogram\client\session\aiohttp.py", line 185, in make_request
    response = self.check_response(
        bot=bot, method=method, status_code=resp.status, content=raw_result
    )
  File "C:\Users\DELL\AppData\Local\Programs\Python\Python313\Lib\site-packages\aiogram\client\session\base.py", line 120, in check_response
    raise TelegramBadRequest(method=method, message=description)
aiogram.exceptions.TelegramBadRequest: Telegram server says - Bad Request: message to delete not found
2025-07-16 20:40:27,117 [INFO] [aiogram.event:172] Update id=861001447 is handled. Duration 1220 ms by bot id=7637424219
2025-07-16 20:41:50,880 [DEBUG] [aiosqlite:104] executing <function connect.<locals>.connector at 0x00000238AF0AF1A0>
2025-07-16 20:41:50,884 [DEBUG] [aiosqlite:106] operation <function connect.<locals>.connector at 0x00000238AF0AF1A0> completed
2025-07-16 20:41:50,886 [DEBUG] [aiosqlite:104] executing functools.partial(<built-in method execute of sqlite3.Connection object at 0x00000238AEFEAF20>, 'SELECT first_name, last_name, role FROM users WHERE user_id = ?', (1018880781,))
2025-07-16 20:41:50,888 [DEBUG] [aiosqlite:106] operation functools.partial(<built-in method execute of sqlite3.Connection object at 0x00000238AEFEAF20>, 'SELECT first_name, last_name, role FROM users WHERE user_id = ?', (1018880781,)) completed
2025-07-16 20:41:50,890 [DEBUG] [aiosqlite:104] executing functools.partial(<built-in method fetchone of sqlite3.Cursor object at 0x00000238AF0D1740>)
2025-07-16 20:41:50,892 [DEBUG] [aiosqlite:106] operation functools.partial(<built-in method fetchone of sqlite3.Cursor object at 0x00000238AF0D1740>) completed
2025-07-16 20:41:50,894 [DEBUG] [aiosqlite:104] executing functools.partial(<built-in method close of sqlite3.Connection object at 0x00000238AEFEAF20>)
2025-07-16 20:41:50,896 [DEBUG] [aiosqlite:106] operation functools.partial(<built-in method close of sqlite3.Connection object at 0x00000238AEFEAF20>) completed
2025-07-16 20:41:51,106 [DEBUG] [aiosqlite:104] executing <function connect.<locals>.connector at 0x00000238AF0AF2E0>
2025-07-16 20:41:51,108 [DEBUG] [aiosqlite:106] operation <function connect.<locals>.connector at 0x00000238AF0AF2E0> completed
2025-07-16 20:41:51,110 [DEBUG] [aiosqlite:104] executing functools.partial(<built-in method execute of sqlite3.Connection object at 0x00000238AEFEAF20>, 'SELECT first_name, last_name, role FROM users WHERE user_id = ?', (1018880781,))
2025-07-16 20:41:51,112 [DEBUG] [aiosqlite:106] operation functools.partial(<built-in method execute of sqlite3.Connection object at 0x00000238AEFEAF20>, 'SELECT first_name, last_name, role FROM users WHERE user_id = ?', (1018880781,)) completed
2025-07-16 20:41:51,113 [DEBUG] [aiosqlite:104] executing functools.partial(<built-in method fetchone of sqlite3.Cursor object at 0x00000238AF0D2BC0>)
2025-07-16 20:41:51,115 [DEBUG] [aiosqlite:106] operation functools.partial(<built-in method fetchone of sqlite3.Cursor object at 0x00000238AF0D2BC0>) completed
2025-07-16 20:41:51,117 [DEBUG] [aiosqlite:104] executing functools.partial(<built-in method close of sqlite3.Connection object at 0x00000238AEFEAF20>)
2025-07-16 20:41:51,118 [DEBUG] [aiosqlite:106] operation functools.partial(<built-in method close of sqlite3.Connection object at 0x00000238AEFEAF20>) completed
2025-07-16 20:41:51,121 [DEBUG] [aiosqlite:104] executing <function connect.<locals>.connector at 0x00000238AF0AEB60>
2025-07-16 20:41:51,123 [DEBUG] [aiosqlite:106] operation <function connect.<locals>.connector at 0x00000238AF0AEB60> completed
2025-07-16 20:41:51,125 [DEBUG] [aiosqlite:104] executing functools.partial(<built-in method execute of sqlite3.Connection object at 0x00000238AEFEAB60>, 'SELECT first_name, last_name, role FROM users WHERE user_id = ?', (1018880781,))
2025-07-16 20:41:51,128 [DEBUG] [aiosqlite:106] operation functools.partial(<built-in method execute of sqlite3.Connection object at 0x00000238AEFEAB60>, 'SELECT first_name, last_name, role FROM users WHERE user_id = ?', (1018880781,)) completed
2025-07-16 20:41:51,130 [DEBUG] [aiosqlite:104] executing functools.partial(<built-in method fetchone of sqlite3.Cursor object at 0x00000238AF0D2A40>)
2025-07-16 20:41:51,131 [DEBUG] [aiosqlite:106] operation functools.partial(<built-in method fetchone of sqlite3.Cursor object at 0x00000238AF0D2A40>) completed
2025-07-16 20:41:51,132 [DEBUG] [aiosqlite:104] executing functools.partial(<built-in method close of sqlite3.Connection object at 0x00000238AEFEAB60>)
2025-07-16 20:41:51,133 [DEBUG] [aiosqlite:106] operation functools.partial(<built-in method close of sqlite3.Connection object at 0x00000238AEFEAB60>) completed
2025-07-16 20:41:51,134 [DEBUG] [aiosqlite:104] executing <function connect.<locals>.connector at 0x00000238AF0AF420>
2025-07-16 20:41:51,136 [DEBUG] [aiosqlite:106] operation <function connect.<locals>.connector at 0x00000238AF0AF420> completed
2025-07-16 20:41:51,137 [DEBUG] [aiosqlite:104] executing functools.partial(<built-in method execute of sqlite3.Connection object at 0x00000238AEFEAD40>, 'SELECT first_name, last_name, role FROM users WHERE user_id = ?', (5639896639,))
2025-07-16 20:41:51,138 [DEBUG] [aiosqlite:106] operation functools.partial(<built-in method execute of sqlite3.Connection object at 0x00000238AEFEAD40>, 'SELECT first_name, last_name, role FROM users WHERE user_id = ?', (5639896639,)) completed
2025-07-16 20:41:51,139 [DEBUG] [aiosqlite:104] executing functools.partial(<built-in method fetchone of sqlite3.Cursor object at 0x00000238AF0D2BC0>)
2025-07-16 20:41:51,140 [DEBUG] [aiosqlite:106] operation functools.partial(<built-in method fetchone of sqlite3.Cursor object at 0x00000238AF0D2BC0>) completed
2025-07-16 20:41:51,141 [DEBUG] [aiosqlite:104] executing functools.partial(<built-in method close of sqlite3.Connection object at 0x00000238AEFEAD40>)
2025-07-16 20:41:51,142 [DEBUG] [aiosqlite:106] operation functools.partial(<built-in method close of sqlite3.Connection object at 0x00000238AEFEAD40>) completed
2025-07-16 20:41:51,144 [DEBUG] [aiosqlite:104] executing <function connect.<locals>.connector at 0x00000238AF0AEC00>
2025-07-16 20:41:51,145 [DEBUG] [aiosqlite:106] operation <function connect.<locals>.connector at 0x00000238AF0AEC00> completed
2025-07-16 20:41:51,146 [DEBUG] [aiosqlite:104] executing functools.partial(<built-in method execute of sqlite3.Connection object at 0x00000238AEFEAF20>, 'SELECT first_name, last_name, role FROM users WHERE user_id = ?', (1502849374,))
2025-07-16 20:41:51,147 [DEBUG] [aiosqlite:106] operation functools.partial(<built-in method execute of sqlite3.Connection object at 0x00000238AEFEAF20>, 'SELECT first_name, last_name, role FROM users WHERE user_id = ?', (1502849374,)) completed
2025-07-16 20:41:51,148 [DEBUG] [aiosqlite:104] executing functools.partial(<built-in method fetchone of sqlite3.Cursor object at 0x00000238AF0D2A40>)
2025-07-16 20:41:51,149 [DEBUG] [aiosqlite:106] operation functools.partial(<built-in method fetchone of sqlite3.Cursor object at 0x00000238AF0D2A40>) completed
2025-07-16 20:41:51,150 [DEBUG] [aiosqlite:104] executing functools.partial(<built-in method close of sqlite3.Connection object at 0x00000238AEFEAF20>)
2025-07-16 20:41:51,151 [DEBUG] [aiosqlite:106] operation functools.partial(<built-in method close of sqlite3.Connection object at 0x00000238AEFEAF20>) completed
2025-07-16 20:41:52,147 [DEBUG] [aiosqlite:104] executing <function connect.<locals>.connector at 0x00000238AF0AEB60>
2025-07-16 20:41:52,210 [DEBUG] [aiosqlite:106] operation <function connect.<locals>.connector at 0x00000238AF0AEB60> completed
2025-07-16 20:41:52,211 [DEBUG] [aiosqlite:104] executing functools.partial(<built-in method execute of sqlite3.Connection object at 0x00000238AEFEA980>, 'SELECT first_name, last_name, role FROM users WHERE user_id = ?', (1018880781,))
2025-07-16 20:41:52,213 [DEBUG] [aiosqlite:106] operation functools.partial(<built-in method execute of sqlite3.Connection object at 0x00000238AEFEA980>, 'SELECT first_name, last_name, role FROM users WHERE user_id = ?', (1018880781,)) completed
2025-07-16 20:41:52,215 [DEBUG] [aiosqlite:104] executing functools.partial(<built-in method fetchone of sqlite3.Cursor object at 0x00000238AF066AC0>)
2025-07-16 20:41:52,217 [DEBUG] [aiosqlite:106] operation functools.partial(<built-in method fetchone of sqlite3.Cursor object at 0x00000238AF066AC0>) completed
2025-07-16 20:41:52,219 [DEBUG] [aiosqlite:104] executing functools.partial(<built-in method close of sqlite3.Connection object at 0x00000238AEFEA980>)
2025-07-16 20:41:52,220 [DEBUG] [aiosqlite:106] operation functools.partial(<built-in method close of sqlite3.Connection object at 0x00000238AEFEA980>) completed
2025-07-16 20:41:52,222 [DEBUG] [aiosqlite:104] executing <function connect.<locals>.connector at 0x00000238AF0AEDE0>
2025-07-16 20:41:52,224 [DEBUG] [aiosqlite:106] operation <function connect.<locals>.connector at 0x00000238AF0AEDE0> completed
2025-07-16 20:41:52,225 [DEBUG] [aiosqlite:104] executing functools.partial(<built-in method execute of sqlite3.Connection object at 0x00000238AEFEA890>, 'SELECT first_name, last_name, role FROM users WHERE user_id = ?', (5639896639,))
2025-07-16 20:41:52,227 [DEBUG] [aiosqlite:106] operation functools.partial(<built-in method execute of sqlite3.Connection object at 0x00000238AEFEA890>, 'SELECT first_name, last_name, role FROM users WHERE user_id = ?', (5639896639,)) completed
2025-07-16 20:41:52,228 [DEBUG] [aiosqlite:104] executing functools.partial(<built-in method fetchone of sqlite3.Cursor object at 0x00000238AF066FC0>)
2025-07-16 20:41:52,229 [DEBUG] [aiosqlite:106] operation functools.partial(<built-in method fetchone of sqlite3.Cursor object at 0x00000238AF066FC0>) completed
2025-07-16 20:41:52,230 [DEBUG] [aiosqlite:104] executing functools.partial(<built-in method close of sqlite3.Connection object at 0x00000238AEFEA890>)
2025-07-16 20:41:52,231 [DEBUG] [aiosqlite:106] operation functools.partial(<built-in method close of sqlite3.Connection object at 0x00000238AEFEA890>) completed
2025-07-16 20:41:52,233 [DEBUG] [aiosqlite:104] executing <function connect.<locals>.connector at 0x00000238AF0AF420>
2025-07-16 20:41:52,235 [DEBUG] [aiosqlite:106] operation <function connect.<locals>.connector at 0x00000238AF0AF420> completed
2025-07-16 20:41:52,236 [DEBUG] [aiosqlite:104] executing functools.partial(<built-in method execute of sqlite3.Connection object at 0x00000238AEFEB1F0>, 'SELECT first_name, last_name, role FROM users WHERE user_id = ?', (1502849374,))
2025-07-16 20:41:52,238 [DEBUG] [aiosqlite:106] operation functools.partial(<built-in method execute of sqlite3.Connection object at 0x00000238AEFEB1F0>, 'SELECT first_name, last_name, role FROM users WHERE user_id = ?', (1502849374,)) completed
2025-07-16 20:41:52,239 [DEBUG] [aiosqlite:104] executing functools.partial(<built-in method fetchone of sqlite3.Cursor object at 0x00000238AF065340>)
2025-07-16 20:41:52,240 [DEBUG] [aiosqlite:106] operation functools.partial(<built-in method fetchone of sqlite3.Cursor object at 0x00000238AF065340>) completed
2025-07-16 20:41:52,241 [DEBUG] [aiosqlite:104] executing functools.partial(<built-in method close of sqlite3.Connection object at 0x00000238AEFEB1F0>)
2025-07-16 20:41:52,242 [DEBUG] [aiosqlite:106] operation functools.partial(<built-in method close of sqlite3.Connection object at 0x00000238AEFEB1F0>) completed
2025-07-16 20:41:52,417 [DEBUG] [aiosqlite:104] executing <function connect.<locals>.connector at 0x00000238A4679B20>
2025-07-16 20:41:52,419 [DEBUG] [aiosqlite:106] operation <function connect.<locals>.connector at 0x00000238A4679B20> completed
2025-07-16 20:41:52,421 [DEBUG] [aiosqlite:104] executing functools.partial(<built-in method execute of sqlite3.Connection object at 0x00000238AEFEAD40>, 'SELECT first_name, last_name, role FROM users WHERE user_id = ?', (1018880781,))
2025-07-16 20:41:52,423 [DEBUG] [aiosqlite:106] operation functools.partial(<built-in method execute of sqlite3.Connection object at 0x00000238AEFEAD40>, 'SELECT first_name, last_name, role FROM users WHERE user_id = ?', (1018880781,)) completed
2025-07-16 20:41:52,425 [DEBUG] [aiosqlite:104] executing functools.partial(<built-in method fetchone of sqlite3.Cursor object at 0x00000238AF0D9440>)
2025-07-16 20:41:52,426 [DEBUG] [aiosqlite:106] operation functools.partial(<built-in method fetchone of sqlite3.Cursor object at 0x00000238AF0D9440>) completed
2025-07-16 20:41:52,427 [DEBUG] [aiosqlite:104] executing functools.partial(<built-in method close of sqlite3.Connection object at 0x00000238AEFEAD40>)
2025-07-16 20:41:52,428 [DEBUG] [aiosqlite:106] operation functools.partial(<built-in method close of sqlite3.Connection object at 0x00000238AEFEAD40>) completed
2025-07-16 20:41:52,979 [INFO] [aiogram.event:172] Update id=861001448 is handled. Duration 2103 ms by bot id=7637424219
2025-07-16 20:41:53,913 [DEBUG] [aiosqlite:104] executing <function connect.<locals>.connector at 0x00000238AC977880>
2025-07-16 20:41:53,915 [DEBUG] [aiosqlite:106] operation <function connect.<locals>.connector at 0x00000238AC977880> completed
2025-07-16 20:41:53,917 [DEBUG] [aiosqlite:104] executing functools.partial(<built-in method execute of sqlite3.Connection object at 0x00000238AEFEAB60>, 'SELECT first_name, last_name, role FROM users WHERE user_id = ?', (1018880781,))
2025-07-16 20:41:53,920 [DEBUG] [aiosqlite:106] operation functools.partial(<built-in method execute of sqlite3.Connection object at 0x00000238AEFEAB60>, 'SELECT first_name, last_name, role FROM users WHERE user_id = ?', (1018880781,)) completed
2025-07-16 20:41:53,921 [DEBUG] [aiosqlite:104] executing functools.partial(<built-in method fetchone of sqlite3.Cursor object at 0x00000238AF0655C0>)
2025-07-16 20:41:53,922 [DEBUG] [aiosqlite:106] operation functools.partial(<built-in method fetchone of sqlite3.Cursor object at 0x00000238AF0655C0>) completed
2025-07-16 20:41:53,924 [DEBUG] [aiosqlite:104] executing functools.partial(<built-in method close of sqlite3.Connection object at 0x00000238AEFEAB60>)
2025-07-16 20:41:53,926 [DEBUG] [aiosqlite:106] operation functools.partial(<built-in method close of sqlite3.Connection object at 0x00000238AEFEAB60>) completed
2025-07-16 20:41:54,467 [INFO] [aiogram.event:172] Update id=861001449 is handled. Duration 3523 ms by bot id=7637424219
2025-07-16 20:41:56,950 [ERROR] [handlers.poll_details:69] Не удалось удалить старое сообщение детализации
Traceback (most recent call last):
  File "C:\Users\DELL\Desktop\gpt\Masterbot1\handlers\poll_details.py", line 67, in show_deal_callback_handler
    await callback.message.delete()
  File "C:\Users\DELL\AppData\Local\Programs\Python\Python313\Lib\site-packages\aiogram\methods\base.py", line 84, in emit
    return await bot(self)
           ^^^^^^^^^^^^^^^
  File "C:\Users\DELL\AppData\Local\Programs\Python\Python313\Lib\site-packages\aiogram\client\bot.py", line 478, in __call__
    return await self.session(self, method, timeout=request_timeout)
           ^^^^^^^^^^^^^^^^^^^^^^^^^^^^^^^^^^^^^^^^^^^^^^^^^^^^^^^^^
  File "C:\Users\DELL\AppData\Local\Programs\Python\Python313\Lib\site-packages\aiogram\client\session\base.py", line 254, in __call__
    return cast(TelegramType, await middleware(bot, method))
                              ^^^^^^^^^^^^^^^^^^^^^^^^^^^^^
  File "C:\Users\DELL\AppData\Local\Programs\Python\Python313\Lib\site-packages\aiogram\client\session\aiohttp.py", line 185, in make_request
    response = self.check_response(
        bot=bot, method=method, status_code=resp.status, content=raw_result
    )
  File "C:\Users\DELL\AppData\Local\Programs\Python\Python313\Lib\site-packages\aiogram\client\session\base.py", line 120, in check_response
    raise TelegramBadRequest(method=method, message=description)
aiogram.exceptions.TelegramBadRequest: Telegram server says - Bad Request: message to delete not found
2025-07-16 20:41:57,904 [INFO] [aiogram.event:172] Update id=861001450 is handled. Duration 1266 ms by bot id=7637424219
2025-07-16 20:42:08,952 [DEBUG] [aiosqlite:104] executing <function connect.<locals>.connector at 0x00000238AF0AEE80>
2025-07-16 20:42:08,954 [DEBUG] [aiosqlite:106] operation <function connect.<locals>.connector at 0x00000238AF0AEE80> completed
2025-07-16 20:42:08,954 [DEBUG] [aiosqlite:104] executing functools.partial(<built-in method execute of sqlite3.Connection object at 0x00000238AEFEB2E0>, 'SELECT first_name, last_name, role FROM users WHERE user_id = ?', (1018880781,))
2025-07-16 20:42:08,956 [DEBUG] [aiosqlite:106] operation functools.partial(<built-in method execute of sqlite3.Connection object at 0x00000238AEFEB2E0>, 'SELECT first_name, last_name, role FROM users WHERE user_id = ?', (1018880781,)) completed
2025-07-16 20:42:08,957 [DEBUG] [aiosqlite:104] executing functools.partial(<built-in method fetchone of sqlite3.Cursor object at 0x00000238AF0D0A40>)
2025-07-16 20:42:08,957 [DEBUG] [aiosqlite:106] operation functools.partial(<built-in method fetchone of sqlite3.Cursor object at 0x00000238AF0D0A40>) completed
2025-07-16 20:42:08,958 [DEBUG] [aiosqlite:104] executing functools.partial(<built-in method close of sqlite3.Connection object at 0x00000238AEFEB2E0>)
2025-07-16 20:42:08,959 [DEBUG] [aiosqlite:106] operation functools.partial(<built-in method close of sqlite3.Connection object at 0x00000238AEFEB2E0>) completed
2025-07-16 20:42:10,350 [DEBUG] [aiosqlite:104] executing <function connect.<locals>.connector at 0x00000238AF0AED40>
2025-07-16 20:42:10,352 [DEBUG] [aiosqlite:106] operation <function connect.<locals>.connector at 0x00000238AF0AED40> completed
2025-07-16 20:42:10,353 [DEBUG] [aiosqlite:104] executing functools.partial(<built-in method execute of sqlite3.Connection object at 0x00000238AEFEAE30>, 'SELECT first_name, last_name, role FROM users WHERE user_id = ?', (1018880781,))
2025-07-16 20:42:10,354 [DEBUG] [aiosqlite:106] operation functools.partial(<built-in method execute of sqlite3.Connection object at 0x00000238AEFEAE30>, 'SELECT first_name, last_name, role FROM users WHERE user_id = ?', (1018880781,)) completed
2025-07-16 20:42:10,355 [DEBUG] [aiosqlite:104] executing functools.partial(<built-in method fetchone of sqlite3.Cursor object at 0x00000238AF0A3940>)
2025-07-16 20:42:10,356 [DEBUG] [aiosqlite:106] operation functools.partial(<built-in method fetchone of sqlite3.Cursor object at 0x00000238AF0A3940>) completed
2025-07-16 20:42:10,357 [DEBUG] [aiosqlite:104] executing functools.partial(<built-in method close of sqlite3.Connection object at 0x00000238AEFEAE30>)
2025-07-16 20:42:10,358 [DEBUG] [aiosqlite:106] operation functools.partial(<built-in method close of sqlite3.Connection object at 0x00000238AEFEAE30>) completed
2025-07-16 20:42:10,359 [DEBUG] [aiosqlite:104] executing <function connect.<locals>.connector at 0x00000238AF0AEC00>
2025-07-16 20:42:10,361 [DEBUG] [aiosqlite:106] operation <function connect.<locals>.connector at 0x00000238AF0AEC00> completed
2025-07-16 20:42:10,363 [DEBUG] [aiosqlite:104] executing functools.partial(<built-in method execute of sqlite3.Connection object at 0x00000238AEFEAB60>, 'SELECT first_name, last_name, role FROM users WHERE user_id = ?', (5639896639,))
2025-07-16 20:42:10,365 [DEBUG] [aiosqlite:106] operation functools.partial(<built-in method execute of sqlite3.Connection object at 0x00000238AEFEAB60>, 'SELECT first_name, last_name, role FROM users WHERE user_id = ?', (5639896639,)) completed
2025-07-16 20:42:10,366 [DEBUG] [aiosqlite:104] executing functools.partial(<built-in method fetchone of sqlite3.Cursor object at 0x00000238AF0655C0>)
2025-07-16 20:42:10,366 [DEBUG] [aiosqlite:106] operation functools.partial(<built-in method fetchone of sqlite3.Cursor object at 0x00000238AF0655C0>) completed
2025-07-16 20:42:10,368 [DEBUG] [aiosqlite:104] executing functools.partial(<built-in method close of sqlite3.Connection object at 0x00000238AEFEAB60>)
2025-07-16 20:42:10,368 [DEBUG] [aiosqlite:106] operation functools.partial(<built-in method close of sqlite3.Connection object at 0x00000238AEFEAB60>) completed
2025-07-16 20:42:10,370 [DEBUG] [aiosqlite:104] executing <function connect.<locals>.connector at 0x00000238ACA968E0>
2025-07-16 20:42:10,371 [DEBUG] [aiosqlite:106] operation <function connect.<locals>.connector at 0x00000238ACA968E0> completed
2025-07-16 20:42:10,372 [DEBUG] [aiosqlite:104] executing functools.partial(<built-in method execute of sqlite3.Connection object at 0x00000238AEFEB2E0>, 'SELECT first_name, last_name, role FROM users WHERE user_id = ?', (1502849374,))
2025-07-16 20:42:10,374 [DEBUG] [aiosqlite:106] operation functools.partial(<built-in method execute of sqlite3.Connection object at 0x00000238AEFEB2E0>, 'SELECT first_name, last_name, role FROM users WHERE user_id = ?', (1502849374,)) completed
2025-07-16 20:42:10,375 [DEBUG] [aiosqlite:104] executing functools.partial(<built-in method fetchone of sqlite3.Cursor object at 0x00000238AF0A3940>)
2025-07-16 20:42:10,376 [DEBUG] [aiosqlite:106] operation functools.partial(<built-in method fetchone of sqlite3.Cursor object at 0x00000238AF0A3940>) completed
2025-07-16 20:42:10,376 [DEBUG] [aiosqlite:104] executing functools.partial(<built-in method close of sqlite3.Connection object at 0x00000238AEFEB2E0>)
2025-07-16 20:42:10,377 [DEBUG] [aiosqlite:106] operation functools.partial(<built-in method close of sqlite3.Connection object at 0x00000238AEFEB2E0>) completed
2025-07-16 20:42:10,582 [DEBUG] [aiosqlite:104] executing <function connect.<locals>.connector at 0x00000238ACA968E0>
2025-07-16 20:42:10,585 [DEBUG] [aiosqlite:106] operation <function connect.<locals>.connector at 0x00000238ACA968E0> completed
2025-07-16 20:42:10,587 [DEBUG] [aiosqlite:104] executing functools.partial(<built-in method execute of sqlite3.Connection object at 0x00000238AEFEB2E0>, 'SELECT first_name, last_name, role FROM users WHERE user_id = ?', (1018880781,))
2025-07-16 20:42:10,589 [DEBUG] [aiosqlite:106] operation functools.partial(<built-in method execute of sqlite3.Connection object at 0x00000238AEFEB2E0>, 'SELECT first_name, last_name, role FROM users WHERE user_id = ?', (1018880781,)) completed
2025-07-16 20:42:10,592 [DEBUG] [aiosqlite:104] executing functools.partial(<built-in method fetchone of sqlite3.Cursor object at 0x00000238AF0662C0>)
2025-07-16 20:42:10,594 [DEBUG] [aiosqlite:106] operation functools.partial(<built-in method fetchone of sqlite3.Cursor object at 0x00000238AF0662C0>) completed
2025-07-16 20:42:10,595 [DEBUG] [aiosqlite:104] executing functools.partial(<built-in method close of sqlite3.Connection object at 0x00000238AEFEB2E0>)
2025-07-16 20:42:10,598 [DEBUG] [aiosqlite:106] operation functools.partial(<built-in method close of sqlite3.Connection object at 0x00000238AEFEB2E0>) completed
2025-07-16 20:42:10,850 [INFO] [aiogram.event:172] Update id=861001451 is handled. Duration 1996 ms by bot id=7637424219
2025-07-16 20:42:13,405 [ERROR] [handlers.poll_details:69] Не удалось удалить старое сообщение детализации
Traceback (most recent call last):
  File "C:\Users\DELL\Desktop\gpt\Masterbot1\handlers\poll_details.py", line 67, in show_deal_callback_handler
    await callback.message.delete()
  File "C:\Users\DELL\AppData\Local\Programs\Python\Python313\Lib\site-packages\aiogram\methods\base.py", line 84, in emit
    return await bot(self)
           ^^^^^^^^^^^^^^^
  File "C:\Users\DELL\AppData\Local\Programs\Python\Python313\Lib\site-packages\aiogram\client\bot.py", line 478, in __call__
    return await self.session(self, method, timeout=request_timeout)
           ^^^^^^^^^^^^^^^^^^^^^^^^^^^^^^^^^^^^^^^^^^^^^^^^^^^^^^^^^
  File "C:\Users\DELL\AppData\Local\Programs\Python\Python313\Lib\site-packages\aiogram\client\session\base.py", line 254, in __call__
    return cast(TelegramType, await middleware(bot, method))
                              ^^^^^^^^^^^^^^^^^^^^^^^^^^^^^
  File "C:\Users\DELL\AppData\Local\Programs\Python\Python313\Lib\site-packages\aiogram\client\session\aiohttp.py", line 185, in make_request
    response = self.check_response(
        bot=bot, method=method, status_code=resp.status, content=raw_result
    )
  File "C:\Users\DELL\AppData\Local\Programs\Python\Python313\Lib\site-packages\aiogram\client\session\base.py", line 120, in check_response
    raise TelegramBadRequest(method=method, message=description)
aiogram.exceptions.TelegramBadRequest: Telegram server says - Bad Request: message to delete not found
2025-07-16 20:42:14,299 [INFO] [aiogram.event:172] Update id=861001452 is handled. Duration 1153 ms by bot id=7637424219
2025-07-16 20:48:36,074 [DEBUG] [asyncio:631] Using proactor: IocpProactor
2025-07-16 20:48:36,696 [INFO] [apscheduler.scheduler:214] Scheduler started
2025-07-16 20:48:36,697 [INFO] [__main__:125] Bot starting… version MasterBot 12.92-refactor
2025-07-16 20:48:36,813 [INFO] [__main__:65] [startup] admin_chat_id загружен: -4738242986
2025-07-16 20:48:36,832 [DEBUG] [aiosqlite:104] executing <function connect.<locals>.connector at 0x00000208CF75E480>
2025-07-16 20:48:36,833 [DEBUG] [apscheduler.scheduler:1151] Looking for jobs to run
2025-07-16 20:48:36,834 [DEBUG] [apscheduler.scheduler:1252] No jobs; waiting until a job is added
2025-07-16 20:48:36,873 [DEBUG] [aiosqlite:106] operation <function connect.<locals>.connector at 0x00000208CF75E480> completed
2025-07-16 20:48:36,874 [DEBUG] [aiosqlite:104] executing functools.partial(<built-in method execute of sqlite3.Connection object at 0x00000208CF72CE50>, '\nCREATE TABLE IF NOT EXISTS users (\n    user_id         INTEGER PRIMARY KEY,\n    first_name      TEXT,\n    last_name       TEXT,\n    role            TEXT,\n    scenario_access TEXT,\n    updated_at      TIMESTAMP DEFAULT CURRENT_TIMESTAMP\n);\n', [])
2025-07-16 20:48:36,900 [DEBUG] [aiosqlite:106] operation functools.partial(<built-in method execute of sqlite3.Connection object at 0x00000208CF72CE50>, '\nCREATE TABLE IF NOT EXISTS users (\n    user_id         INTEGER PRIMARY KEY,\n    first_name      TEXT,\n    last_name       TEXT,\n    role            TEXT,\n    scenario_access TEXT,\n    updated_at      TIMESTAMP DEFAULT CURRENT_TIMESTAMP\n);\n', []) completed
2025-07-16 20:48:36,905 [DEBUG] [aiosqlite:104] executing functools.partial(<built-in method execute of sqlite3.Connection object at 0x00000208CF72CE50>, "INSERT OR IGNORE INTO users(user_id, role) VALUES (?, 'руководитель')", (1018880781,))
2025-07-16 20:48:36,906 [DEBUG] [aiosqlite:106] operation functools.partial(<built-in method execute of sqlite3.Connection object at 0x00000208CF72CE50>, "INSERT OR IGNORE INTO users(user_id, role) VALUES (?, 'руководитель')", (1018880781,)) completed
2025-07-16 20:48:36,908 [DEBUG] [aiosqlite:104] executing functools.partial(<built-in method commit of sqlite3.Connection object at 0x00000208CF72CE50>)
2025-07-16 20:48:36,909 [DEBUG] [aiosqlite:106] operation functools.partial(<built-in method commit of sqlite3.Connection object at 0x00000208CF72CE50>) completed
2025-07-16 20:48:36,910 [DEBUG] [aiosqlite:104] executing functools.partial(<built-in method close of sqlite3.Connection object at 0x00000208CF72CE50>)
2025-07-16 20:48:36,911 [DEBUG] [aiosqlite:106] operation functools.partial(<built-in method close of sqlite3.Connection object at 0x00000208CF72CE50>) completed
2025-07-16 20:48:36,914 [INFO] [__main__:73] [startup] Конфиг и БД инициализированы, Leader-ID 1018880781 гарантирован
2025-07-16 20:48:36,915 [INFO] [aiogram.dispatcher:566] Start polling
2025-07-16 20:48:37,320 [INFO] [aiogram.dispatcher:363] Run polling for bot @masbot12_bot id=7637424219 - 'masterbot12'
2025-07-16 20:48:37,447 [INFO] [aiogram.event:172] Update id=861001453 is handled. Duration 0 ms by bot id=7637424219
2025-07-16 20:48:37,448 [INFO] [aiogram.event:172] Update id=861001454 is handled. Duration 0 ms by bot id=7637424219
2025-07-16 20:48:37,449 [INFO] [aiogram.event:172] Update id=861001455 is handled. Duration 0 ms by bot id=7637424219
2025-07-16 20:48:37,450 [INFO] [aiogram.event:172] Update id=861001456 is handled. Duration 0 ms by bot id=7637424219
2025-07-16 20:48:37,451 [INFO] [aiogram.event:172] Update id=861001457 is handled. Duration 0 ms by bot id=7637424219
2025-07-16 20:48:37,452 [INFO] [aiogram.event:172] Update id=861001458 is handled. Duration 0 ms by bot id=7637424219
2025-07-16 20:48:37,454 [INFO] [aiogram.event:172] Update id=861001459 is handled. Duration 0 ms by bot id=7637424219
2025-07-16 20:49:16,587 [DEBUG] [aiosqlite:104] executing <function connect.<locals>.connector at 0x00000208CF75FB00>
2025-07-16 20:49:16,590 [DEBUG] [aiosqlite:106] operation <function connect.<locals>.connector at 0x00000208CF75FB00> completed
2025-07-16 20:49:16,591 [DEBUG] [aiosqlite:104] executing functools.partial(<built-in method execute of sqlite3.Connection object at 0x00000208CF72D3F0>, 'SELECT first_name, last_name, role FROM users WHERE user_id = ?', (1018880781,))
2025-07-16 20:49:16,614 [DEBUG] [aiosqlite:106] operation functools.partial(<built-in method execute of sqlite3.Connection object at 0x00000208CF72D3F0>, 'SELECT first_name, last_name, role FROM users WHERE user_id = ?', (1018880781,)) completed
2025-07-16 20:49:16,618 [DEBUG] [aiosqlite:104] executing functools.partial(<built-in method fetchone of sqlite3.Cursor object at 0x00000208CF78D8C0>)
2025-07-16 20:49:16,620 [DEBUG] [aiosqlite:106] operation functools.partial(<built-in method fetchone of sqlite3.Cursor object at 0x00000208CF78D8C0>) completed
2025-07-16 20:49:16,623 [DEBUG] [aiosqlite:104] executing functools.partial(<built-in method close of sqlite3.Connection object at 0x00000208CF72D3F0>)
2025-07-16 20:49:16,625 [DEBUG] [aiosqlite:106] operation functools.partial(<built-in method close of sqlite3.Connection object at 0x00000208CF72D3F0>) completed
2025-07-16 20:49:16,940 [INFO] [aiogram.event:172] Update id=861001460 is handled. Duration 379 ms by bot id=7637424219
2025-07-16 20:49:18,780 [DEBUG] [aiosqlite:104] executing <function connect.<locals>.connector at 0x00000208CF75FB00>
2025-07-16 20:49:18,782 [DEBUG] [aiosqlite:106] operation <function connect.<locals>.connector at 0x00000208CF75FB00> completed
2025-07-16 20:49:18,784 [DEBUG] [aiosqlite:104] executing functools.partial(<built-in method execute of sqlite3.Connection object at 0x00000208CF72D300>, 'SELECT first_name, last_name, role FROM users WHERE user_id = ?', (1018880781,))
2025-07-16 20:49:18,786 [DEBUG] [aiosqlite:106] operation functools.partial(<built-in method execute of sqlite3.Connection object at 0x00000208CF72D300>, 'SELECT first_name, last_name, role FROM users WHERE user_id = ?', (1018880781,)) completed
2025-07-16 20:49:18,788 [DEBUG] [aiosqlite:104] executing functools.partial(<built-in method fetchone of sqlite3.Cursor object at 0x00000208CF78ECC0>)
2025-07-16 20:49:18,791 [DEBUG] [aiosqlite:106] operation functools.partial(<built-in method fetchone of sqlite3.Cursor object at 0x00000208CF78ECC0>) completed
2025-07-16 20:49:18,793 [DEBUG] [aiosqlite:104] executing functools.partial(<built-in method close of sqlite3.Connection object at 0x00000208CF72D300>)
2025-07-16 20:49:18,799 [DEBUG] [aiosqlite:106] operation functools.partial(<built-in method close of sqlite3.Connection object at 0x00000208CF72D300>) completed
2025-07-16 20:49:21,389 [DEBUG] [aiosqlite:104] executing <function connect.<locals>.connector at 0x00000208CF75FCE0>
2025-07-16 20:49:21,390 [DEBUG] [aiosqlite:106] operation <function connect.<locals>.connector at 0x00000208CF75FCE0> completed
2025-07-16 20:49:21,391 [DEBUG] [aiosqlite:104] executing functools.partial(<built-in method execute of sqlite3.Connection object at 0x00000208CF72D4E0>, 'SELECT first_name, last_name, role FROM users WHERE user_id = ?', (1018880781,))
2025-07-16 20:49:21,392 [DEBUG] [aiosqlite:106] operation functools.partial(<built-in method execute of sqlite3.Connection object at 0x00000208CF72D4E0>, 'SELECT first_name, last_name, role FROM users WHERE user_id = ?', (1018880781,)) completed
2025-07-16 20:49:21,393 [DEBUG] [aiosqlite:104] executing functools.partial(<built-in method fetchone of sqlite3.Cursor object at 0x00000208CF74A140>)
2025-07-16 20:49:21,393 [DEBUG] [aiosqlite:106] operation functools.partial(<built-in method fetchone of sqlite3.Cursor object at 0x00000208CF74A140>) completed
2025-07-16 20:49:21,394 [DEBUG] [aiosqlite:104] executing functools.partial(<built-in method close of sqlite3.Connection object at 0x00000208CF72D4E0>)
2025-07-16 20:49:21,394 [DEBUG] [aiosqlite:106] operation functools.partial(<built-in method close of sqlite3.Connection object at 0x00000208CF72D4E0>) completed
2025-07-16 20:49:21,570 [INFO] [aiogram.event:172] Update id=861001461 is handled. Duration 2794 ms by bot id=7637424219
2025-07-16 20:49:39,236 [DEBUG] [aiosqlite:104] executing <function connect.<locals>.connector at 0x00000208CF75FB00>
2025-07-16 20:49:39,237 [DEBUG] [aiosqlite:106] operation <function connect.<locals>.connector at 0x00000208CF75FB00> completed
2025-07-16 20:49:39,237 [DEBUG] [aiosqlite:104] executing functools.partial(<built-in method execute of sqlite3.Connection object at 0x00000208CF72D5D0>, 'SELECT first_name, last_name, role FROM users WHERE user_id = ?', (1018880781,))
2025-07-16 20:49:39,238 [DEBUG] [aiosqlite:106] operation functools.partial(<built-in method execute of sqlite3.Connection object at 0x00000208CF72D5D0>, 'SELECT first_name, last_name, role FROM users WHERE user_id = ?', (1018880781,)) completed
2025-07-16 20:49:39,239 [DEBUG] [aiosqlite:104] executing functools.partial(<built-in method fetchone of sqlite3.Cursor object at 0x00000208CF78F940>)
2025-07-16 20:49:39,239 [DEBUG] [aiosqlite:106] operation functools.partial(<built-in method fetchone of sqlite3.Cursor object at 0x00000208CF78F940>) completed
2025-07-16 20:49:39,240 [DEBUG] [aiosqlite:104] executing functools.partial(<built-in method close of sqlite3.Connection object at 0x00000208CF72D5D0>)
2025-07-16 20:49:39,240 [DEBUG] [aiosqlite:106] operation functools.partial(<built-in method close of sqlite3.Connection object at 0x00000208CF72D5D0>) completed
2025-07-16 20:49:39,241 [DEBUG] [aiosqlite:104] executing <function connect.<locals>.connector at 0x00000208CF75FCE0>
2025-07-16 20:49:39,242 [DEBUG] [aiosqlite:106] operation <function connect.<locals>.connector at 0x00000208CF75FCE0> completed
2025-07-16 20:49:39,243 [DEBUG] [aiosqlite:104] executing functools.partial(<built-in method execute of sqlite3.Connection object at 0x00000208CF72D8A0>, 'SELECT first_name, last_name, role FROM users WHERE user_id = ?', (1018880781,))
2025-07-16 20:49:39,244 [DEBUG] [aiosqlite:106] operation functools.partial(<built-in method execute of sqlite3.Connection object at 0x00000208CF72D8A0>, 'SELECT first_name, last_name, role FROM users WHERE user_id = ?', (1018880781,)) completed
2025-07-16 20:49:39,245 [DEBUG] [aiosqlite:104] executing functools.partial(<built-in method fetchone of sqlite3.Cursor object at 0x00000208CF78DCC0>)
2025-07-16 20:49:39,246 [DEBUG] [aiosqlite:106] operation functools.partial(<built-in method fetchone of sqlite3.Cursor object at 0x00000208CF78DCC0>) completed
2025-07-16 20:49:39,246 [DEBUG] [aiosqlite:104] executing functools.partial(<built-in method close of sqlite3.Connection object at 0x00000208CF72D8A0>)
2025-07-16 20:49:39,247 [DEBUG] [aiosqlite:106] operation functools.partial(<built-in method close of sqlite3.Connection object at 0x00000208CF72D8A0>) completed
2025-07-16 20:49:39,273 [DEBUG] [urllib3.util.retry:286] Converted retries value: 3 -> Retry(total=3, connect=None, read=None, redirect=None, status=None)
2025-07-16 20:49:39,308 [DEBUG] [google.auth.transport.requests:185] Making request: POST https://oauth2.googleapis.com/token
2025-07-16 20:49:39,310 [DEBUG] [urllib3.connectionpool:1049] Starting new HTTPS connection (1): oauth2.googleapis.com:443
2025-07-16 20:49:39,435 [DEBUG] [urllib3.connectionpool:544] https://oauth2.googleapis.com:443 "POST /token HTTP/1.1" 200 None
2025-07-16 20:49:39,439 [DEBUG] [urllib3.connectionpool:1049] Starting new HTTPS connection (1): sheets.googleapis.com:443
2025-07-16 20:49:41,065 [DEBUG] [urllib3.connectionpool:544] https://sheets.googleapis.com:443 "GET /v4/spreadsheets/11wjq2kXi_FHqx1yzzQ8weqr5PngvJpOVu9VQo--hJMI?includeGridData=false HTTP/1.1" 200 None
2025-07-16 20:49:41,901 [DEBUG] [urllib3.connectionpool:544] https://sheets.googleapis.com:443 "GET /v4/spreadsheets/11wjq2kXi_FHqx1yzzQ8weqr5PngvJpOVu9VQo--hJMI?includeGridData=false HTTP/1.1" 200 None
2025-07-16 20:49:41,974 [INFO] [googleapiclient.discovery_cache:49] file_cache is only supported with oauth2client<4.0.0
2025-07-16 20:49:42,414 [DEBUG] [googleapiclient.discovery:1258] URL being requested: GET https://sheets.googleapis.com/v4/spreadsheets/11wjq2kXi_FHqx1yzzQ8weqr5PngvJpOVu9VQo--hJMI?includeGridData=true&alt=json
2025-07-16 20:49:44,151 [INFO] [aiogram.event:172] Update id=861001462 is handled. Duration 4915 ms by bot id=7637424219
2025-07-16 20:50:57,706 [ERROR] [handlers.poll_details:80] Не удалось удалить старое сообщение детализации
Traceback (most recent call last):
  File "C:\Users\DELL\Desktop\gpt\Masterbot1\handlers\poll_details.py", line 78, in show_deal_callback_handler
    await callback.message.delete()
  File "C:\Users\DELL\AppData\Local\Programs\Python\Python313\Lib\site-packages\aiogram\methods\base.py", line 84, in emit
    return await bot(self)
           ^^^^^^^^^^^^^^^
  File "C:\Users\DELL\AppData\Local\Programs\Python\Python313\Lib\site-packages\aiogram\client\bot.py", line 478, in __call__
    return await self.session(self, method, timeout=request_timeout)
           ^^^^^^^^^^^^^^^^^^^^^^^^^^^^^^^^^^^^^^^^^^^^^^^^^^^^^^^^^
  File "C:\Users\DELL\AppData\Local\Programs\Python\Python313\Lib\site-packages\aiogram\client\session\base.py", line 254, in __call__
    return cast(TelegramType, await middleware(bot, method))
                              ^^^^^^^^^^^^^^^^^^^^^^^^^^^^^
  File "C:\Users\DELL\AppData\Local\Programs\Python\Python313\Lib\site-packages\aiogram\client\session\aiohttp.py", line 185, in make_request
    response = self.check_response(
        bot=bot, method=method, status_code=resp.status, content=raw_result
    )
  File "C:\Users\DELL\AppData\Local\Programs\Python\Python313\Lib\site-packages\aiogram\client\session\base.py", line 120, in check_response
    raise TelegramBadRequest(method=method, message=description)
aiogram.exceptions.TelegramBadRequest: Telegram server says - Bad Request: message to delete not found
2025-07-16 20:50:58,445 [INFO] [aiogram.event:172] Update id=861001463 is handled. Duration 1244 ms by bot id=7637424219
2025-07-16 20:52:04,973 [DEBUG] [aiosqlite:104] executing <function connect.<locals>.connector at 0x00000208CF7A2FC0>
2025-07-16 20:52:04,984 [DEBUG] [aiosqlite:106] operation <function connect.<locals>.connector at 0x00000208CF7A2FC0> completed
2025-07-16 20:52:04,987 [DEBUG] [aiosqlite:104] executing functools.partial(<built-in method execute of sqlite3.Connection object at 0x00000208D1F66C50>, 'SELECT first_name, last_name, role FROM users WHERE user_id = ?', (1018880781,))
2025-07-16 20:52:04,991 [DEBUG] [aiosqlite:106] operation functools.partial(<built-in method execute of sqlite3.Connection object at 0x00000208D1F66C50>, 'SELECT first_name, last_name, role FROM users WHERE user_id = ?', (1018880781,)) completed
2025-07-16 20:52:04,992 [DEBUG] [aiosqlite:104] executing functools.partial(<built-in method fetchone of sqlite3.Cursor object at 0x00000208D1FCFF40>)
2025-07-16 20:52:04,993 [DEBUG] [aiosqlite:106] operation functools.partial(<built-in method fetchone of sqlite3.Cursor object at 0x00000208D1FCFF40>) completed
2025-07-16 20:52:04,994 [DEBUG] [aiosqlite:104] executing functools.partial(<built-in method close of sqlite3.Connection object at 0x00000208D1F66C50>)
2025-07-16 20:52:04,995 [DEBUG] [aiosqlite:106] operation functools.partial(<built-in method close of sqlite3.Connection object at 0x00000208D1F66C50>) completed
2025-07-16 20:52:06,214 [DEBUG] [aiosqlite:104] executing <function connect.<locals>.connector at 0x00000208CF75FBA0>
2025-07-16 20:52:06,217 [DEBUG] [aiosqlite:106] operation <function connect.<locals>.connector at 0x00000208CF75FBA0> completed
2025-07-16 20:52:06,218 [DEBUG] [aiosqlite:104] executing functools.partial(<built-in method execute of sqlite3.Connection object at 0x00000208D1F66C50>, 'SELECT first_name, last_name, role FROM users WHERE user_id = ?', (1018880781,))
2025-07-16 20:52:06,220 [DEBUG] [aiosqlite:106] operation functools.partial(<built-in method execute of sqlite3.Connection object at 0x00000208D1F66C50>, 'SELECT first_name, last_name, role FROM users WHERE user_id = ?', (1018880781,)) completed
2025-07-16 20:52:06,222 [DEBUG] [aiosqlite:104] executing functools.partial(<built-in method fetchone of sqlite3.Cursor object at 0x00000208CF874440>)
2025-07-16 20:52:06,224 [DEBUG] [aiosqlite:106] operation functools.partial(<built-in method fetchone of sqlite3.Cursor object at 0x00000208CF874440>) completed
2025-07-16 20:52:06,226 [DEBUG] [aiosqlite:104] executing functools.partial(<built-in method close of sqlite3.Connection object at 0x00000208D1F66C50>)
2025-07-16 20:52:06,227 [DEBUG] [aiosqlite:106] operation functools.partial(<built-in method close of sqlite3.Connection object at 0x00000208D1F66C50>) completed
2025-07-16 20:52:06,312 [DEBUG] [aiosqlite:104] executing <function connect.<locals>.connector at 0x00000208CF75FBA0>
2025-07-16 20:52:06,314 [DEBUG] [aiosqlite:106] operation <function connect.<locals>.connector at 0x00000208CF75FBA0> completed
2025-07-16 20:52:06,315 [DEBUG] [aiosqlite:104] executing functools.partial(<built-in method execute of sqlite3.Connection object at 0x00000208D1F66A70>, 'SELECT first_name, last_name, role FROM users WHERE user_id = ?', (1018880781,))
2025-07-16 20:52:06,317 [DEBUG] [aiosqlite:106] operation functools.partial(<built-in method execute of sqlite3.Connection object at 0x00000208D1F66A70>, 'SELECT first_name, last_name, role FROM users WHERE user_id = ?', (1018880781,)) completed
2025-07-16 20:52:06,319 [DEBUG] [aiosqlite:104] executing functools.partial(<built-in method fetchone of sqlite3.Cursor object at 0x00000208CF78D440>)
2025-07-16 20:52:06,320 [DEBUG] [aiosqlite:106] operation functools.partial(<built-in method fetchone of sqlite3.Cursor object at 0x00000208CF78D440>) completed
2025-07-16 20:52:06,323 [DEBUG] [aiosqlite:104] executing functools.partial(<built-in method close of sqlite3.Connection object at 0x00000208D1F66A70>)
2025-07-16 20:52:06,324 [DEBUG] [aiosqlite:106] operation functools.partial(<built-in method close of sqlite3.Connection object at 0x00000208D1F66A70>) completed
2025-07-16 20:52:06,577 [INFO] [aiogram.event:172] Update id=861001464 is handled. Duration 1608 ms by bot id=7637424219
2025-07-16 20:52:10,729 [ERROR] [handlers.poll_details:80] Не удалось удалить старое сообщение детализации
Traceback (most recent call last):
  File "C:\Users\DELL\Desktop\gpt\Masterbot1\handlers\poll_details.py", line 78, in show_deal_callback_handler
    await callback.message.delete()
  File "C:\Users\DELL\AppData\Local\Programs\Python\Python313\Lib\site-packages\aiogram\methods\base.py", line 84, in emit
    return await bot(self)
           ^^^^^^^^^^^^^^^
  File "C:\Users\DELL\AppData\Local\Programs\Python\Python313\Lib\site-packages\aiogram\client\bot.py", line 478, in __call__
    return await self.session(self, method, timeout=request_timeout)
           ^^^^^^^^^^^^^^^^^^^^^^^^^^^^^^^^^^^^^^^^^^^^^^^^^^^^^^^^^
  File "C:\Users\DELL\AppData\Local\Programs\Python\Python313\Lib\site-packages\aiogram\client\session\base.py", line 254, in __call__
    return cast(TelegramType, await middleware(bot, method))
                              ^^^^^^^^^^^^^^^^^^^^^^^^^^^^^
  File "C:\Users\DELL\AppData\Local\Programs\Python\Python313\Lib\site-packages\aiogram\client\session\aiohttp.py", line 185, in make_request
    response = self.check_response(
        bot=bot, method=method, status_code=resp.status, content=raw_result
    )
  File "C:\Users\DELL\AppData\Local\Programs\Python\Python313\Lib\site-packages\aiogram\client\session\base.py", line 120, in check_response
    raise TelegramBadRequest(method=method, message=description)
aiogram.exceptions.TelegramBadRequest: Telegram server says - Bad Request: message to delete not found
2025-07-16 20:52:11,327 [INFO] [aiogram.event:172] Update id=861001465 is handled. Duration 839 ms by bot id=7637424219
2025-07-16 20:52:18,602 [INFO] [aiogram.event:172] Update id=861001466 is handled. Duration 1038 ms by bot id=7637424219
2025-07-16 20:52:23,573 [DEBUG] [aiosqlite:104] executing <function connect.<locals>.connector at 0x00000208CF8AE980>
2025-07-16 20:52:23,575 [DEBUG] [aiosqlite:106] operation <function connect.<locals>.connector at 0x00000208CF8AE980> completed
2025-07-16 20:52:23,578 [DEBUG] [aiosqlite:104] executing functools.partial(<built-in method execute of sqlite3.Connection object at 0x00000208CF72D120>, 'SELECT first_name, last_name, role FROM users WHERE user_id = ?', (1018880781,))
2025-07-16 20:52:23,592 [DEBUG] [aiosqlite:106] operation functools.partial(<built-in method execute of sqlite3.Connection object at 0x00000208CF72D120>, 'SELECT first_name, last_name, role FROM users WHERE user_id = ?', (1018880781,)) completed
2025-07-16 20:52:23,598 [DEBUG] [aiosqlite:104] executing functools.partial(<built-in method fetchone of sqlite3.Cursor object at 0x00000208D1FCF440>)
2025-07-16 20:52:23,625 [DEBUG] [aiosqlite:106] operation functools.partial(<built-in method fetchone of sqlite3.Cursor object at 0x00000208D1FCF440>) completed
2025-07-16 20:52:23,632 [DEBUG] [aiosqlite:104] executing functools.partial(<built-in method close of sqlite3.Connection object at 0x00000208CF72D120>)
2025-07-16 20:52:23,644 [DEBUG] [aiosqlite:106] operation functools.partial(<built-in method close of sqlite3.Connection object at 0x00000208CF72D120>) completed
2025-07-16 20:52:23,648 [DEBUG] [aiosqlite:104] executing <function connect.<locals>.connector at 0x00000208CF75FF60>
2025-07-16 20:52:23,657 [DEBUG] [aiosqlite:106] operation <function connect.<locals>.connector at 0x00000208CF75FF60> completed
2025-07-16 20:52:23,660 [DEBUG] [aiosqlite:104] executing functools.partial(<built-in method execute of sqlite3.Connection object at 0x00000208CF72FB50>, 'SELECT first_name, last_name, role FROM users WHERE user_id = ?', (1018880781,))
2025-07-16 20:52:23,663 [DEBUG] [aiosqlite:106] operation functools.partial(<built-in method execute of sqlite3.Connection object at 0x00000208CF72FB50>, 'SELECT first_name, last_name, role FROM users WHERE user_id = ?', (1018880781,)) completed
2025-07-16 20:52:23,669 [DEBUG] [aiosqlite:104] executing functools.partial(<built-in method fetchone of sqlite3.Cursor object at 0x00000208D1FCFDC0>)
2025-07-16 20:52:23,674 [DEBUG] [aiosqlite:106] operation functools.partial(<built-in method fetchone of sqlite3.Cursor object at 0x00000208D1FCFDC0>) completed
2025-07-16 20:52:23,676 [DEBUG] [aiosqlite:104] executing functools.partial(<built-in method close of sqlite3.Connection object at 0x00000208CF72FB50>)
2025-07-16 20:52:23,677 [DEBUG] [aiosqlite:106] operation functools.partial(<built-in method close of sqlite3.Connection object at 0x00000208CF72FB50>) completed
2025-07-16 20:52:24,232 [DEBUG] [aiosqlite:104] executing <function connect.<locals>.connector at 0x00000208CF75FF60>
2025-07-16 20:52:24,235 [DEBUG] [aiosqlite:106] operation <function connect.<locals>.connector at 0x00000208CF75FF60> completed
2025-07-16 20:52:24,237 [DEBUG] [aiosqlite:104] executing functools.partial(<built-in method execute of sqlite3.Connection object at 0x00000208CF72FB50>, 'SELECT first_name, last_name, role FROM users WHERE user_id = ?', (1018880781,))
2025-07-16 20:52:24,239 [DEBUG] [aiosqlite:106] operation functools.partial(<built-in method execute of sqlite3.Connection object at 0x00000208CF72FB50>, 'SELECT first_name, last_name, role FROM users WHERE user_id = ?', (1018880781,)) completed
2025-07-16 20:52:24,241 [DEBUG] [aiosqlite:104] executing functools.partial(<built-in method fetchone of sqlite3.Cursor object at 0x00000208D1FCF440>)
2025-07-16 20:52:24,242 [DEBUG] [aiosqlite:106] operation functools.partial(<built-in method fetchone of sqlite3.Cursor object at 0x00000208D1FCF440>) completed
2025-07-16 20:52:24,244 [DEBUG] [aiosqlite:104] executing functools.partial(<built-in method close of sqlite3.Connection object at 0x00000208CF72FB50>)
2025-07-16 20:52:24,245 [DEBUG] [aiosqlite:106] operation functools.partial(<built-in method close of sqlite3.Connection object at 0x00000208CF72FB50>) completed
2025-07-16 20:52:24,464 [INFO] [aiogram.event:172] Update id=861001467 is handled. Duration 894 ms by bot id=7637424219
2025-07-16 21:23:33,670 [DEBUG] [aiosqlite:104] executing <function connect.<locals>.connector at 0x00000208CF75E700>
2025-07-16 21:23:33,692 [DEBUG] [aiosqlite:106] operation <function connect.<locals>.connector at 0x00000208CF75E700> completed
2025-07-16 21:23:33,694 [DEBUG] [aiosqlite:104] executing functools.partial(<built-in method execute of sqlite3.Connection object at 0x00000208CF72D7B0>, 'SELECT first_name, last_name, role FROM users WHERE user_id = ?', (1765743546,))
2025-07-16 21:23:33,699 [DEBUG] [aiosqlite:106] operation functools.partial(<built-in method execute of sqlite3.Connection object at 0x00000208CF72D7B0>, 'SELECT first_name, last_name, role FROM users WHERE user_id = ?', (1765743546,)) completed
2025-07-16 21:23:33,702 [DEBUG] [aiosqlite:104] executing functools.partial(<built-in method fetchone of sqlite3.Cursor object at 0x00000208D1F80EC0>)
2025-07-16 21:23:33,702 [DEBUG] [aiosqlite:106] operation functools.partial(<built-in method fetchone of sqlite3.Cursor object at 0x00000208D1F80EC0>) completed
2025-07-16 21:23:33,703 [DEBUG] [aiosqlite:104] executing functools.partial(<built-in method close of sqlite3.Connection object at 0x00000208CF72D7B0>)
2025-07-16 21:23:33,704 [DEBUG] [aiosqlite:106] operation functools.partial(<built-in method close of sqlite3.Connection object at 0x00000208CF72D7B0>) completed
2025-07-16 21:23:33,737 [DEBUG] [aiosqlite:104] executing <function connect.<locals>.connector at 0x00000208CF75E700>
2025-07-16 21:23:33,738 [DEBUG] [aiosqlite:106] operation <function connect.<locals>.connector at 0x00000208CF75E700> completed
2025-07-16 21:23:33,739 [DEBUG] [aiosqlite:104] executing functools.partial(<built-in method execute of sqlite3.Connection object at 0x00000208CF72D7B0>, 'SELECT first_name, last_name, role FROM users WHERE user_id = ?', (1018880781,))
2025-07-16 21:23:33,741 [DEBUG] [aiosqlite:106] operation functools.partial(<built-in method execute of sqlite3.Connection object at 0x00000208CF72D7B0>, 'SELECT first_name, last_name, role FROM users WHERE user_id = ?', (1018880781,)) completed
2025-07-16 21:23:33,741 [DEBUG] [aiosqlite:104] executing functools.partial(<built-in method fetchone of sqlite3.Cursor object at 0x00000208D1CFFC40>)
2025-07-16 21:23:33,742 [DEBUG] [aiosqlite:106] operation functools.partial(<built-in method fetchone of sqlite3.Cursor object at 0x00000208D1CFFC40>) completed
2025-07-16 21:23:33,743 [DEBUG] [aiosqlite:104] executing functools.partial(<built-in method close of sqlite3.Connection object at 0x00000208CF72D7B0>)
2025-07-16 21:23:33,743 [DEBUG] [aiosqlite:106] operation functools.partial(<built-in method close of sqlite3.Connection object at 0x00000208CF72D7B0>) completed
2025-07-16 21:23:33,746 [DEBUG] [aiosqlite:104] executing <function connect.<locals>.connector at 0x00000208CF8AE980>
2025-07-16 21:23:33,747 [DEBUG] [aiosqlite:106] operation <function connect.<locals>.connector at 0x00000208CF8AE980> completed
2025-07-16 21:23:33,748 [DEBUG] [aiosqlite:104] executing functools.partial(<built-in method execute of sqlite3.Connection object at 0x00000208CF72CF40>, 'SELECT first_name, last_name, role FROM users WHERE user_id = ?', (1765743546,))
2025-07-16 21:23:33,748 [DEBUG] [aiosqlite:106] operation functools.partial(<built-in method execute of sqlite3.Connection object at 0x00000208CF72CF40>, 'SELECT first_name, last_name, role FROM users WHERE user_id = ?', (1765743546,)) completed
2025-07-16 21:23:33,749 [DEBUG] [aiosqlite:104] executing functools.partial(<built-in method fetchone of sqlite3.Cursor object at 0x00000208D1FCFA40>)
2025-07-16 21:23:33,750 [DEBUG] [aiosqlite:106] operation functools.partial(<built-in method fetchone of sqlite3.Cursor object at 0x00000208D1FCFA40>) completed
2025-07-16 21:23:33,751 [DEBUG] [aiosqlite:104] executing functools.partial(<built-in method close of sqlite3.Connection object at 0x00000208CF72CF40>)
2025-07-16 21:23:33,751 [DEBUG] [aiosqlite:106] operation functools.partial(<built-in method close of sqlite3.Connection object at 0x00000208CF72CF40>) completed
2025-07-16 21:23:34,106 [INFO] [aiogram.event:172] Update id=861001468 is handled. Duration 438 ms by bot id=7637424219
2025-07-16 21:23:49,296 [DEBUG] [aiosqlite:104] executing <function connect.<locals>.connector at 0x00000208CF75E700>
2025-07-16 21:23:49,298 [DEBUG] [aiosqlite:106] operation <function connect.<locals>.connector at 0x00000208CF75E700> completed
2025-07-16 21:23:49,299 [DEBUG] [aiosqlite:104] executing functools.partial(<built-in method execute of sqlite3.Connection object at 0x00000208CF72D120>, 'SELECT first_name, last_name, role FROM users WHERE user_id = ?', (5639896639,))
2025-07-16 21:23:49,300 [DEBUG] [aiosqlite:106] operation functools.partial(<built-in method execute of sqlite3.Connection object at 0x00000208CF72D120>, 'SELECT first_name, last_name, role FROM users WHERE user_id = ?', (5639896639,)) completed
2025-07-16 21:23:49,301 [DEBUG] [aiosqlite:104] executing functools.partial(<built-in method fetchone of sqlite3.Cursor object at 0x00000208D1FE5D40>)
2025-07-16 21:23:49,301 [DEBUG] [aiosqlite:106] operation functools.partial(<built-in method fetchone of sqlite3.Cursor object at 0x00000208D1FE5D40>) completed
2025-07-16 21:23:49,302 [DEBUG] [aiosqlite:104] executing functools.partial(<built-in method close of sqlite3.Connection object at 0x00000208CF72D120>)
2025-07-16 21:23:49,304 [DEBUG] [aiosqlite:106] operation functools.partial(<built-in method close of sqlite3.Connection object at 0x00000208CF72D120>) completed
2025-07-16 21:23:49,309 [DEBUG] [aiosqlite:104] executing <function connect.<locals>.connector at 0x00000208CF7A2DE0>
2025-07-16 21:23:49,312 [DEBUG] [aiosqlite:106] operation <function connect.<locals>.connector at 0x00000208CF7A2DE0> completed
2025-07-16 21:23:49,313 [DEBUG] [aiosqlite:104] executing functools.partial(<built-in method execute of sqlite3.Connection object at 0x00000208CF72F6A0>, 'SELECT first_name, last_name, role FROM users WHERE user_id = ?', (1018880781,))
2025-07-16 21:23:49,315 [DEBUG] [aiosqlite:106] operation functools.partial(<built-in method execute of sqlite3.Connection object at 0x00000208CF72F6A0>, 'SELECT first_name, last_name, role FROM users WHERE user_id = ?', (1018880781,)) completed
2025-07-16 21:23:49,316 [DEBUG] [aiosqlite:104] executing functools.partial(<built-in method fetchone of sqlite3.Cursor object at 0x00000208D1FE5740>)
2025-07-16 21:23:49,316 [DEBUG] [aiosqlite:106] operation functools.partial(<built-in method fetchone of sqlite3.Cursor object at 0x00000208D1FE5740>) completed
2025-07-16 21:23:49,317 [DEBUG] [aiosqlite:104] executing functools.partial(<built-in method close of sqlite3.Connection object at 0x00000208CF72F6A0>)
2025-07-16 21:23:49,318 [DEBUG] [aiosqlite:106] operation functools.partial(<built-in method close of sqlite3.Connection object at 0x00000208CF72F6A0>) completed
2025-07-16 21:23:49,321 [DEBUG] [aiosqlite:104] executing <function connect.<locals>.connector at 0x00000208CF75E700>
2025-07-16 21:23:49,322 [DEBUG] [aiosqlite:106] operation <function connect.<locals>.connector at 0x00000208CF75E700> completed
2025-07-16 21:23:49,325 [DEBUG] [aiosqlite:104] executing functools.partial(<built-in method execute of sqlite3.Connection object at 0x00000208CF72FC40>, 'SELECT first_name, last_name, role FROM users WHERE user_id = ?', (1765743546,))
2025-07-16 21:23:49,329 [DEBUG] [aiosqlite:106] operation functools.partial(<built-in method execute of sqlite3.Connection object at 0x00000208CF72FC40>, 'SELECT first_name, last_name, role FROM users WHERE user_id = ?', (1765743546,)) completed
2025-07-16 21:23:49,334 [DEBUG] [aiosqlite:104] executing functools.partial(<built-in method fetchone of sqlite3.Cursor object at 0x00000208D1FE50C0>)
2025-07-16 21:23:49,336 [DEBUG] [aiosqlite:106] operation functools.partial(<built-in method fetchone of sqlite3.Cursor object at 0x00000208D1FE50C0>) completed
2025-07-16 21:23:49,337 [DEBUG] [aiosqlite:104] executing functools.partial(<built-in method close of sqlite3.Connection object at 0x00000208CF72FC40>)
2025-07-16 21:23:49,338 [DEBUG] [aiosqlite:106] operation functools.partial(<built-in method close of sqlite3.Connection object at 0x00000208CF72FC40>) completed
2025-07-16 21:23:49,344 [DEBUG] [aiosqlite:104] executing <function connect.<locals>.connector at 0x00000208CF8AE7A0>
2025-07-16 21:23:49,346 [DEBUG] [aiosqlite:106] operation <function connect.<locals>.connector at 0x00000208CF8AE7A0> completed
2025-07-16 21:23:49,347 [DEBUG] [aiosqlite:104] executing functools.partial(<built-in method execute of sqlite3.Connection object at 0x00000208CF72D120>, 'SELECT first_name, last_name, role FROM users WHERE user_id = ?', (5639896639,))
2025-07-16 21:23:49,349 [DEBUG] [aiosqlite:106] operation functools.partial(<built-in method execute of sqlite3.Connection object at 0x00000208CF72D120>, 'SELECT first_name, last_name, role FROM users WHERE user_id = ?', (5639896639,)) completed
2025-07-16 21:23:49,349 [DEBUG] [aiosqlite:104] executing functools.partial(<built-in method fetchone of sqlite3.Cursor object at 0x00000208D1FE5740>)
2025-07-16 21:23:49,350 [DEBUG] [aiosqlite:106] operation functools.partial(<built-in method fetchone of sqlite3.Cursor object at 0x00000208D1FE5740>) completed
2025-07-16 21:23:49,350 [DEBUG] [aiosqlite:104] executing functools.partial(<built-in method close of sqlite3.Connection object at 0x00000208CF72D120>)
2025-07-16 21:23:49,351 [DEBUG] [aiosqlite:106] operation functools.partial(<built-in method close of sqlite3.Connection object at 0x00000208CF72D120>) completed
2025-07-16 21:23:49,509 [INFO] [aiogram.event:172] Update id=861001469 is handled. Duration 213 ms by bot id=7637424219
2025-07-16 21:24:08,550 [INFO] [aiogram.event:172] Update id=861001470 is handled. Duration 0 ms by bot id=7637424219
2025-07-16 21:27:23,033 [DEBUG] [aiosqlite:104] executing <function connect.<locals>.connector at 0x00000208CF7A2DE0>
2025-07-16 21:27:23,034 [DEBUG] [aiosqlite:106] operation <function connect.<locals>.connector at 0x00000208CF7A2DE0> completed
2025-07-16 21:27:23,035 [DEBUG] [aiosqlite:104] executing functools.partial(<built-in method execute of sqlite3.Connection object at 0x00000208CF72FC40>, 'SELECT first_name, last_name, role FROM users WHERE user_id = ?', (625280877,))
2025-07-16 21:27:23,036 [DEBUG] [aiosqlite:106] operation functools.partial(<built-in method execute of sqlite3.Connection object at 0x00000208CF72FC40>, 'SELECT first_name, last_name, role FROM users WHERE user_id = ?', (625280877,)) completed
2025-07-16 21:27:23,037 [DEBUG] [aiosqlite:104] executing functools.partial(<built-in method fetchone of sqlite3.Cursor object at 0x00000208D1FE4440>)
2025-07-16 21:27:23,038 [DEBUG] [aiosqlite:106] operation functools.partial(<built-in method fetchone of sqlite3.Cursor object at 0x00000208D1FE4440>) completed
2025-07-16 21:27:23,039 [DEBUG] [aiosqlite:104] executing functools.partial(<built-in method close of sqlite3.Connection object at 0x00000208CF72FC40>)
2025-07-16 21:27:23,039 [DEBUG] [aiosqlite:106] operation functools.partial(<built-in method close of sqlite3.Connection object at 0x00000208CF72FC40>) completed
2025-07-16 21:27:23,041 [DEBUG] [aiosqlite:104] executing <function connect.<locals>.connector at 0x00000208CF75E7A0>
2025-07-16 21:27:23,043 [DEBUG] [aiosqlite:106] operation <function connect.<locals>.connector at 0x00000208CF75E7A0> completed
2025-07-16 21:27:23,046 [DEBUG] [aiosqlite:104] executing functools.partial(<built-in method execute of sqlite3.Connection object at 0x00000208CF72F880>, 'SELECT first_name, last_name, role FROM users WHERE user_id = ?', (1018880781,))
2025-07-16 21:27:23,053 [DEBUG] [aiosqlite:106] operation functools.partial(<built-in method execute of sqlite3.Connection object at 0x00000208CF72F880>, 'SELECT first_name, last_name, role FROM users WHERE user_id = ?', (1018880781,)) completed
2025-07-16 21:27:23,057 [DEBUG] [aiosqlite:104] executing functools.partial(<built-in method fetchone of sqlite3.Cursor object at 0x00000208D1FE51C0>)
2025-07-16 21:27:23,059 [DEBUG] [aiosqlite:106] operation functools.partial(<built-in method fetchone of sqlite3.Cursor object at 0x00000208D1FE51C0>) completed
2025-07-16 21:27:23,060 [DEBUG] [aiosqlite:104] executing functools.partial(<built-in method close of sqlite3.Connection object at 0x00000208CF72F880>)
2025-07-16 21:27:23,061 [DEBUG] [aiosqlite:106] operation functools.partial(<built-in method close of sqlite3.Connection object at 0x00000208CF72F880>) completed
2025-07-16 21:27:23,063 [DEBUG] [aiosqlite:104] executing <function connect.<locals>.connector at 0x00000208CF8AEA20>
2025-07-16 21:27:23,064 [DEBUG] [aiosqlite:106] operation <function connect.<locals>.connector at 0x00000208CF8AEA20> completed
2025-07-16 21:27:23,064 [DEBUG] [aiosqlite:104] executing functools.partial(<built-in method execute of sqlite3.Connection object at 0x00000208CF72F970>, 'SELECT first_name, last_name, role FROM users WHERE user_id = ?', (1765743546,))
2025-07-16 21:27:23,066 [DEBUG] [aiosqlite:106] operation functools.partial(<built-in method execute of sqlite3.Connection object at 0x00000208CF72F970>, 'SELECT first_name, last_name, role FROM users WHERE user_id = ?', (1765743546,)) completed
2025-07-16 21:27:23,067 [DEBUG] [aiosqlite:104] executing functools.partial(<built-in method fetchone of sqlite3.Cursor object at 0x00000208D1FE54C0>)
2025-07-16 21:27:23,067 [DEBUG] [aiosqlite:106] operation functools.partial(<built-in method fetchone of sqlite3.Cursor object at 0x00000208D1FE54C0>) completed
2025-07-16 21:27:23,068 [DEBUG] [aiosqlite:104] executing functools.partial(<built-in method close of sqlite3.Connection object at 0x00000208CF72F970>)
2025-07-16 21:27:23,068 [DEBUG] [aiosqlite:106] operation functools.partial(<built-in method close of sqlite3.Connection object at 0x00000208CF72F970>) completed
2025-07-16 21:27:23,070 [DEBUG] [aiosqlite:104] executing <function connect.<locals>.connector at 0x00000208CF75E7A0>
2025-07-16 21:27:23,071 [DEBUG] [aiosqlite:106] operation <function connect.<locals>.connector at 0x00000208CF75E7A0> completed
2025-07-16 21:27:23,072 [DEBUG] [aiosqlite:104] executing functools.partial(<built-in method execute of sqlite3.Connection object at 0x00000208CF72FC40>, 'SELECT first_name, last_name, role FROM users WHERE user_id = ?', (5639896639,))
2025-07-16 21:27:23,073 [DEBUG] [aiosqlite:106] operation functools.partial(<built-in method execute of sqlite3.Connection object at 0x00000208CF72FC40>, 'SELECT first_name, last_name, role FROM users WHERE user_id = ?', (5639896639,)) completed
2025-07-16 21:27:23,074 [DEBUG] [aiosqlite:104] executing functools.partial(<built-in method fetchone of sqlite3.Cursor object at 0x00000208D1FE51C0>)
2025-07-16 21:27:23,075 [DEBUG] [aiosqlite:106] operation functools.partial(<built-in method fetchone of sqlite3.Cursor object at 0x00000208D1FE51C0>) completed
2025-07-16 21:27:23,076 [DEBUG] [aiosqlite:104] executing functools.partial(<built-in method close of sqlite3.Connection object at 0x00000208CF72FC40>)
2025-07-16 21:27:23,076 [DEBUG] [aiosqlite:106] operation functools.partial(<built-in method close of sqlite3.Connection object at 0x00000208CF72FC40>) completed
2025-07-16 21:27:23,190 [INFO] [aiogram.event:172] Update id=861001471 is handled. Duration 157 ms by bot id=7637424219
2025-07-16 21:28:27,667 [ERROR] [handlers.poll_details:80] Не удалось удалить старое сообщение детализации
Traceback (most recent call last):
  File "C:\Users\DELL\Desktop\gpt\Masterbot1\handlers\poll_details.py", line 78, in show_deal_callback_handler
    await callback.message.delete()
  File "C:\Users\DELL\AppData\Local\Programs\Python\Python313\Lib\site-packages\aiogram\methods\base.py", line 84, in emit
    return await bot(self)
           ^^^^^^^^^^^^^^^
  File "C:\Users\DELL\AppData\Local\Programs\Python\Python313\Lib\site-packages\aiogram\client\bot.py", line 478, in __call__
    return await self.session(self, method, timeout=request_timeout)
           ^^^^^^^^^^^^^^^^^^^^^^^^^^^^^^^^^^^^^^^^^^^^^^^^^^^^^^^^^
  File "C:\Users\DELL\AppData\Local\Programs\Python\Python313\Lib\site-packages\aiogram\client\session\base.py", line 254, in __call__
    return cast(TelegramType, await middleware(bot, method))
                              ^^^^^^^^^^^^^^^^^^^^^^^^^^^^^
  File "C:\Users\DELL\AppData\Local\Programs\Python\Python313\Lib\site-packages\aiogram\client\session\aiohttp.py", line 185, in make_request
    response = self.check_response(
        bot=bot, method=method, status_code=resp.status, content=raw_result
    )
  File "C:\Users\DELL\AppData\Local\Programs\Python\Python313\Lib\site-packages\aiogram\client\session\base.py", line 120, in check_response
    raise TelegramBadRequest(method=method, message=description)
aiogram.exceptions.TelegramBadRequest: Telegram server says - Bad Request: message to delete not found
2025-07-16 21:28:33,148 [DEBUG] [aiosqlite:104] executing <function connect.<locals>.connector at 0x00000208CF8AF240>
2025-07-16 21:28:33,150 [DEBUG] [aiosqlite:106] operation <function connect.<locals>.connector at 0x00000208CF8AF240> completed
2025-07-16 21:28:33,152 [DEBUG] [aiosqlite:104] executing functools.partial(<built-in method execute of sqlite3.Connection object at 0x00000208CF72FB50>, 'SELECT first_name, last_name, role FROM users WHERE user_id = ?', (625280877,))
2025-07-16 21:28:33,154 [DEBUG] [aiosqlite:106] operation functools.partial(<built-in method execute of sqlite3.Connection object at 0x00000208CF72FB50>, 'SELECT first_name, last_name, role FROM users WHERE user_id = ?', (625280877,)) completed
2025-07-16 21:28:33,156 [DEBUG] [aiosqlite:104] executing functools.partial(<built-in method fetchone of sqlite3.Cursor object at 0x00000208D1FE7740>)
2025-07-16 21:28:33,157 [DEBUG] [aiosqlite:106] operation functools.partial(<built-in method fetchone of sqlite3.Cursor object at 0x00000208D1FE7740>) completed
2025-07-16 21:28:33,159 [DEBUG] [aiosqlite:104] executing functools.partial(<built-in method close of sqlite3.Connection object at 0x00000208CF72FB50>)
2025-07-16 21:28:33,161 [DEBUG] [aiosqlite:106] operation functools.partial(<built-in method close of sqlite3.Connection object at 0x00000208CF72FB50>) completed
2025-07-16 21:28:36,915 [INFO] [aiogram.event:172] Update id=861001473 is not handled. Duration 3791 ms by bot id=7637424219
2025-07-16 21:28:36,916 [ERROR] [aiogram.event:315] Cause exception while process update id=861001473 by bot id=7637424219
ValidationError: 1 validation error for CallbackQuery
bot
  Instance is frozen [type=frozen_instance, input_value=<aiogram.client.bot.Bot o...t at 0x00000208CF724980>, input_type=Bot]
    For further information visit https://errors.pydantic.dev/2.11/v/frozen_instance
Traceback (most recent call last):
  File "C:\Users\DELL\AppData\Local\Programs\Python\Python313\Lib\site-packages\aiogram\dispatcher\dispatcher.py", line 309, in _process_update
    response = await self.feed_update(bot, update, **kwargs)
               ^^^^^^^^^^^^^^^^^^^^^^^^^^^^^^^^^^^^^^^^^^^^^
  File "C:\Users\DELL\AppData\Local\Programs\Python\Python313\Lib\site-packages\aiogram\dispatcher\dispatcher.py", line 158, in feed_update
    response = await self.update.wrap_outer_middleware(
               ^^^^^^^^^^^^^^^^^^^^^^^^^^^^^^^^^^^^^^^^
    ...<7 lines>...
    )
    ^
  File "C:\Users\DELL\AppData\Local\Programs\Python\Python313\Lib\site-packages\aiogram\dispatcher\middlewares\error.py", line 25, in __call__
    return await handler(event, data)
           ^^^^^^^^^^^^^^^^^^^^^^^^^^
  File "C:\Users\DELL\AppData\Local\Programs\Python\Python313\Lib\site-packages\aiogram\dispatcher\middlewares\user_context.py", line 56, in __call__
    return await handler(event, data)
           ^^^^^^^^^^^^^^^^^^^^^^^^^^
  File "C:\Users\DELL\AppData\Local\Programs\Python\Python313\Lib\site-packages\aiogram\fsm\middleware.py", line 42, in __call__
    return await handler(event, data)
           ^^^^^^^^^^^^^^^^^^^^^^^^^^
  File "C:\Users\DELL\AppData\Local\Programs\Python\Python313\Lib\site-packages\aiogram\dispatcher\event\telegram.py", line 121, in trigger
    return await wrapped_inner(event, kwargs)
           ^^^^^^^^^^^^^^^^^^^^^^^^^^^^^^^^^^
  File "C:\Users\DELL\AppData\Local\Programs\Python\Python313\Lib\site-packages\aiogram\dispatcher\event\handler.py", line 43, in call
    return await wrapped()
           ^^^^^^^^^^^^^^^
  File "C:\Users\DELL\AppData\Local\Programs\Python\Python313\Lib\site-packages\aiogram\dispatcher\dispatcher.py", line 276, in _listen_update
    return await self.propagate_event(update_type=update_type, event=event, **kwargs)
           ^^^^^^^^^^^^^^^^^^^^^^^^^^^^^^^^^^^^^^^^^^^^^^^^^^^^^^^^^^^^^^^^^^^^^^^^^^
  File "C:\Users\DELL\AppData\Local\Programs\Python\Python313\Lib\site-packages\aiogram\dispatcher\router.py", line 146, in propagate_event
    return await observer.wrap_outer_middleware(_wrapped, event=event, data=kwargs)
           ^^^^^^^^^^^^^^^^^^^^^^^^^^^^^^^^^^^^^^^^^^^^^^^^^^^^^^^^^^^^^^^^^^^^^^^^
  File "C:\Users\DELL\AppData\Local\Programs\Python\Python313\Lib\site-packages\aiogram\dispatcher\router.py", line 141, in _wrapped
    return await self._propagate_event(
           ^^^^^^^^^^^^^^^^^^^^^^^^^^^^
        observer=observer, update_type=update_type, event=telegram_event, **data
        ^^^^^^^^^^^^^^^^^^^^^^^^^^^^^^^^^^^^^^^^^^^^^^^^^^^^^^^^^^^^^^^^^^^^^^^^
    )
    ^
  File "C:\Users\DELL\AppData\Local\Programs\Python\Python313\Lib\site-packages\aiogram\dispatcher\router.py", line 174, in _propagate_event
    response = await router.propagate_event(update_type=update_type, event=event, **kwargs)
               ^^^^^^^^^^^^^^^^^^^^^^^^^^^^^^^^^^^^^^^^^^^^^^^^^^^^^^^^^^^^^^^^^^^^^^^^^^^^
  File "C:\Users\DELL\AppData\Local\Programs\Python\Python313\Lib\site-packages\aiogram\dispatcher\router.py", line 146, in propagate_event
    return await observer.wrap_outer_middleware(_wrapped, event=event, data=kwargs)
           ^^^^^^^^^^^^^^^^^^^^^^^^^^^^^^^^^^^^^^^^^^^^^^^^^^^^^^^^^^^^^^^^^^^^^^^^
  File "C:\Users\DELL\AppData\Local\Programs\Python\Python313\Lib\site-packages\aiogram\dispatcher\router.py", line 141, in _wrapped
    return await self._propagate_event(
           ^^^^^^^^^^^^^^^^^^^^^^^^^^^^
        observer=observer, update_type=update_type, event=telegram_event, **data
        ^^^^^^^^^^^^^^^^^^^^^^^^^^^^^^^^^^^^^^^^^^^^^^^^^^^^^^^^^^^^^^^^^^^^^^^^
    )
    ^
  File "C:\Users\DELL\AppData\Local\Programs\Python\Python313\Lib\site-packages\aiogram\dispatcher\router.py", line 166, in _propagate_event
    response = await observer.trigger(event, **kwargs)
               ^^^^^^^^^^^^^^^^^^^^^^^^^^^^^^^^^^^^^^^
  File "C:\Users\DELL\AppData\Local\Programs\Python\Python313\Lib\site-packages\aiogram\dispatcher\event\telegram.py", line 121, in trigger
    return await wrapped_inner(event, kwargs)
           ^^^^^^^^^^^^^^^^^^^^^^^^^^^^^^^^^^
  File "C:\Users\DELL\AppData\Local\Programs\Python\Python313\Lib\site-packages\aiogram\dispatcher\event\handler.py", line 43, in call
    return await wrapped()
           ^^^^^^^^^^^^^^^
  File "C:\Users\DELL\Desktop\gpt\Masterbot1\handlers\poll_details.py", line 279, in assign_swap_handler
    await refresh_deal_details(callback.from_user.id, deal_id)
  File "C:\Users\DELL\Desktop\gpt\Masterbot1\handlers\poll_details.py", line 238, in refresh_deal_details
    dummy.bot = bot
    ^^^^^^^^^
  File "C:\Users\DELL\AppData\Local\Programs\Python\Python313\Lib\site-packages\pydantic\main.py", line 997, in __setattr__
    elif (setattr_handler := self._setattr_handler(name, value)) is not None:
                             ~~~~~~~~~~~~~~~~~~~~~^^^^^^^^^^^^^
  File "C:\Users\DELL\AppData\Local\Programs\Python\Python313\Lib\site-packages\pydantic\main.py", line 1033, in _setattr_handler
    _check_frozen(cls, name, value)
    ~~~~~~~~~~~~~^^^^^^^^^^^^^^^^^^
  File "C:\Users\DELL\AppData\Local\Programs\Python\Python313\Lib\site-packages\pydantic\main.py", line 92, in _check_frozen
    raise ValidationError.from_exception_data(
        model_cls.__name__, [{'type': error_type, 'loc': (name,), 'input': value}]
    )
pydantic_core._pydantic_core.ValidationError: 1 validation error for CallbackQuery
bot
  Instance is frozen [type=frozen_instance, input_value=<aiogram.client.bot.Bot o...t at 0x00000208CF724980>, input_type=Bot]
    For further information visit https://errors.pydantic.dev/2.11/v/frozen_instance
2025-07-16 21:28:37,515 [INFO] [aiogram.event:172] Update id=861001472 is handled. Duration 10139 ms by bot id=7637424219
2025-07-16 21:28:40,052 [DEBUG] [aiosqlite:104] executing <function connect.<locals>.connector at 0x00000208CF75FF60>
2025-07-16 21:28:40,054 [DEBUG] [aiosqlite:106] operation <function connect.<locals>.connector at 0x00000208CF75FF60> completed
2025-07-16 21:28:40,055 [DEBUG] [aiosqlite:104] executing functools.partial(<built-in method execute of sqlite3.Connection object at 0x00000208CF72F6A0>, 'SELECT first_name, last_name, role FROM users WHERE user_id = ?', (625280877,))
2025-07-16 21:28:40,057 [DEBUG] [aiosqlite:106] operation functools.partial(<built-in method execute of sqlite3.Connection object at 0x00000208CF72F6A0>, 'SELECT first_name, last_name, role FROM users WHERE user_id = ?', (625280877,)) completed
2025-07-16 21:28:40,059 [DEBUG] [aiosqlite:104] executing functools.partial(<built-in method fetchone of sqlite3.Cursor object at 0x00000208D20042C0>)
2025-07-16 21:28:40,060 [DEBUG] [aiosqlite:106] operation functools.partial(<built-in method fetchone of sqlite3.Cursor object at 0x00000208D20042C0>) completed
2025-07-16 21:28:40,062 [DEBUG] [aiosqlite:104] executing functools.partial(<built-in method close of sqlite3.Connection object at 0x00000208CF72F6A0>)
2025-07-16 21:28:40,063 [DEBUG] [aiosqlite:106] operation functools.partial(<built-in method close of sqlite3.Connection object at 0x00000208CF72F6A0>) completed
2025-07-16 21:28:40,765 [INFO] [aiogram.event:172] Update id=861001474 is not handled. Duration 717 ms by bot id=7637424219
2025-07-16 21:28:40,765 [ERROR] [aiogram.event:315] Cause exception while process update id=861001474 by bot id=7637424219
ValidationError: 1 validation error for CallbackQuery
bot
  Instance is frozen [type=frozen_instance, input_value=<aiogram.client.bot.Bot o...t at 0x00000208CF724980>, input_type=Bot]
    For further information visit https://errors.pydantic.dev/2.11/v/frozen_instance
Traceback (most recent call last):
  File "C:\Users\DELL\AppData\Local\Programs\Python\Python313\Lib\site-packages\aiogram\dispatcher\dispatcher.py", line 309, in _process_update
    response = await self.feed_update(bot, update, **kwargs)
               ^^^^^^^^^^^^^^^^^^^^^^^^^^^^^^^^^^^^^^^^^^^^^
  File "C:\Users\DELL\AppData\Local\Programs\Python\Python313\Lib\site-packages\aiogram\dispatcher\dispatcher.py", line 158, in feed_update
    response = await self.update.wrap_outer_middleware(
               ^^^^^^^^^^^^^^^^^^^^^^^^^^^^^^^^^^^^^^^^
    ...<7 lines>...
    )
    ^
  File "C:\Users\DELL\AppData\Local\Programs\Python\Python313\Lib\site-packages\aiogram\dispatcher\middlewares\error.py", line 25, in __call__
    return await handler(event, data)
           ^^^^^^^^^^^^^^^^^^^^^^^^^^
  File "C:\Users\DELL\AppData\Local\Programs\Python\Python313\Lib\site-packages\aiogram\dispatcher\middlewares\user_context.py", line 56, in __call__
    return await handler(event, data)
           ^^^^^^^^^^^^^^^^^^^^^^^^^^
  File "C:\Users\DELL\AppData\Local\Programs\Python\Python313\Lib\site-packages\aiogram\fsm\middleware.py", line 42, in __call__
    return await handler(event, data)
           ^^^^^^^^^^^^^^^^^^^^^^^^^^
  File "C:\Users\DELL\AppData\Local\Programs\Python\Python313\Lib\site-packages\aiogram\dispatcher\event\telegram.py", line 121, in trigger
    return await wrapped_inner(event, kwargs)
           ^^^^^^^^^^^^^^^^^^^^^^^^^^^^^^^^^^
  File "C:\Users\DELL\AppData\Local\Programs\Python\Python313\Lib\site-packages\aiogram\dispatcher\event\handler.py", line 43, in call
    return await wrapped()
           ^^^^^^^^^^^^^^^
  File "C:\Users\DELL\AppData\Local\Programs\Python\Python313\Lib\site-packages\aiogram\dispatcher\dispatcher.py", line 276, in _listen_update
    return await self.propagate_event(update_type=update_type, event=event, **kwargs)
           ^^^^^^^^^^^^^^^^^^^^^^^^^^^^^^^^^^^^^^^^^^^^^^^^^^^^^^^^^^^^^^^^^^^^^^^^^^
  File "C:\Users\DELL\AppData\Local\Programs\Python\Python313\Lib\site-packages\aiogram\dispatcher\router.py", line 146, in propagate_event
    return await observer.wrap_outer_middleware(_wrapped, event=event, data=kwargs)
           ^^^^^^^^^^^^^^^^^^^^^^^^^^^^^^^^^^^^^^^^^^^^^^^^^^^^^^^^^^^^^^^^^^^^^^^^
  File "C:\Users\DELL\AppData\Local\Programs\Python\Python313\Lib\site-packages\aiogram\dispatcher\router.py", line 141, in _wrapped
    return await self._propagate_event(
           ^^^^^^^^^^^^^^^^^^^^^^^^^^^^
        observer=observer, update_type=update_type, event=telegram_event, **data
        ^^^^^^^^^^^^^^^^^^^^^^^^^^^^^^^^^^^^^^^^^^^^^^^^^^^^^^^^^^^^^^^^^^^^^^^^
    )
    ^
  File "C:\Users\DELL\AppData\Local\Programs\Python\Python313\Lib\site-packages\aiogram\dispatcher\router.py", line 174, in _propagate_event
    response = await router.propagate_event(update_type=update_type, event=event, **kwargs)
               ^^^^^^^^^^^^^^^^^^^^^^^^^^^^^^^^^^^^^^^^^^^^^^^^^^^^^^^^^^^^^^^^^^^^^^^^^^^^
  File "C:\Users\DELL\AppData\Local\Programs\Python\Python313\Lib\site-packages\aiogram\dispatcher\router.py", line 146, in propagate_event
    return await observer.wrap_outer_middleware(_wrapped, event=event, data=kwargs)
           ^^^^^^^^^^^^^^^^^^^^^^^^^^^^^^^^^^^^^^^^^^^^^^^^^^^^^^^^^^^^^^^^^^^^^^^^
  File "C:\Users\DELL\AppData\Local\Programs\Python\Python313\Lib\site-packages\aiogram\dispatcher\router.py", line 141, in _wrapped
    return await self._propagate_event(
           ^^^^^^^^^^^^^^^^^^^^^^^^^^^^
        observer=observer, update_type=update_type, event=telegram_event, **data
        ^^^^^^^^^^^^^^^^^^^^^^^^^^^^^^^^^^^^^^^^^^^^^^^^^^^^^^^^^^^^^^^^^^^^^^^^
    )
    ^
  File "C:\Users\DELL\AppData\Local\Programs\Python\Python313\Lib\site-packages\aiogram\dispatcher\router.py", line 166, in _propagate_event
    response = await observer.trigger(event, **kwargs)
               ^^^^^^^^^^^^^^^^^^^^^^^^^^^^^^^^^^^^^^^
  File "C:\Users\DELL\AppData\Local\Programs\Python\Python313\Lib\site-packages\aiogram\dispatcher\event\telegram.py", line 121, in trigger
    return await wrapped_inner(event, kwargs)
           ^^^^^^^^^^^^^^^^^^^^^^^^^^^^^^^^^^
  File "C:\Users\DELL\AppData\Local\Programs\Python\Python313\Lib\site-packages\aiogram\dispatcher\event\handler.py", line 43, in call
    return await wrapped()
           ^^^^^^^^^^^^^^^
  File "C:\Users\DELL\Desktop\gpt\Masterbot1\handlers\poll_details.py", line 279, in assign_swap_handler
    await refresh_deal_details(callback.from_user.id, deal_id)
  File "C:\Users\DELL\Desktop\gpt\Masterbot1\handlers\poll_details.py", line 238, in refresh_deal_details
    dummy.bot = bot
    ^^^^^^^^^
  File "C:\Users\DELL\AppData\Local\Programs\Python\Python313\Lib\site-packages\pydantic\main.py", line 997, in __setattr__
    elif (setattr_handler := self._setattr_handler(name, value)) is not None:
                             ~~~~~~~~~~~~~~~~~~~~~^^^^^^^^^^^^^
  File "C:\Users\DELL\AppData\Local\Programs\Python\Python313\Lib\site-packages\pydantic\main.py", line 1033, in _setattr_handler
    _check_frozen(cls, name, value)
    ~~~~~~~~~~~~~^^^^^^^^^^^^^^^^^^
  File "C:\Users\DELL\AppData\Local\Programs\Python\Python313\Lib\site-packages\pydantic\main.py", line 92, in _check_frozen
    raise ValidationError.from_exception_data(
        model_cls.__name__, [{'type': error_type, 'loc': (name,), 'input': value}]
    )
pydantic_core._pydantic_core.ValidationError: 1 validation error for CallbackQuery
bot
  Instance is frozen [type=frozen_instance, input_value=<aiogram.client.bot.Bot o...t at 0x00000208CF724980>, input_type=Bot]
    For further information visit https://errors.pydantic.dev/2.11/v/frozen_instance
2025-07-16 21:28:52,967 [DEBUG] [aiosqlite:104] executing <function connect.<locals>.connector at 0x00000208CF8AF240>
2025-07-16 21:28:52,969 [DEBUG] [aiosqlite:106] operation <function connect.<locals>.connector at 0x00000208CF8AF240> completed
2025-07-16 21:28:52,971 [DEBUG] [aiosqlite:104] executing functools.partial(<built-in method execute of sqlite3.Connection object at 0x00000208CF72F880>, 'SELECT first_name, last_name, role FROM users WHERE user_id = ?', (1018880781,))
2025-07-16 21:28:52,975 [DEBUG] [aiosqlite:106] operation functools.partial(<built-in method execute of sqlite3.Connection object at 0x00000208CF72F880>, 'SELECT first_name, last_name, role FROM users WHERE user_id = ?', (1018880781,)) completed
2025-07-16 21:28:52,995 [DEBUG] [aiosqlite:104] executing functools.partial(<built-in method fetchone of sqlite3.Cursor object at 0x00000208D1FE5CC0>)
2025-07-16 21:28:53,004 [DEBUG] [aiosqlite:106] operation functools.partial(<built-in method fetchone of sqlite3.Cursor object at 0x00000208D1FE5CC0>) completed
2025-07-16 21:28:53,006 [DEBUG] [aiosqlite:104] executing functools.partial(<built-in method close of sqlite3.Connection object at 0x00000208CF72F880>)
2025-07-16 21:28:53,007 [DEBUG] [aiosqlite:106] operation functools.partial(<built-in method close of sqlite3.Connection object at 0x00000208CF72F880>) completed
2025-07-16 21:28:53,019 [DEBUG] [aiosqlite:104] executing <function connect.<locals>.connector at 0x00000208CF75FF60>
2025-07-16 21:28:53,024 [DEBUG] [aiosqlite:106] operation <function connect.<locals>.connector at 0x00000208CF75FF60> completed
2025-07-16 21:28:53,030 [DEBUG] [aiosqlite:104] executing functools.partial(<built-in method execute of sqlite3.Connection object at 0x00000208CF72F6A0>, 'SELECT first_name, last_name, role FROM users WHERE user_id = ?', (1018880781,))
2025-07-16 21:28:53,037 [DEBUG] [aiosqlite:106] operation functools.partial(<built-in method execute of sqlite3.Connection object at 0x00000208CF72F6A0>, 'SELECT first_name, last_name, role FROM users WHERE user_id = ?', (1018880781,)) completed
2025-07-16 21:28:53,052 [DEBUG] [aiosqlite:104] executing functools.partial(<built-in method fetchone of sqlite3.Cursor object at 0x00000208D1FE7C40>)
2025-07-16 21:28:53,055 [DEBUG] [aiosqlite:106] operation functools.partial(<built-in method fetchone of sqlite3.Cursor object at 0x00000208D1FE7C40>) completed
2025-07-16 21:28:53,058 [DEBUG] [aiosqlite:104] executing functools.partial(<built-in method close of sqlite3.Connection object at 0x00000208CF72F6A0>)
2025-07-16 21:28:53,066 [DEBUG] [aiosqlite:106] operation functools.partial(<built-in method close of sqlite3.Connection object at 0x00000208CF72F6A0>) completed
2025-07-16 21:28:53,072 [DEBUG] [aiosqlite:104] executing <function connect.<locals>.connector at 0x00000208CF75FBA0>
2025-07-16 21:28:53,075 [DEBUG] [aiosqlite:106] operation <function connect.<locals>.connector at 0x00000208CF75FBA0> completed
2025-07-16 21:28:53,090 [DEBUG] [aiosqlite:104] executing functools.partial(<built-in method execute of sqlite3.Connection object at 0x00000208CF72F790>, 'SELECT first_name, last_name, role FROM users WHERE user_id = ?', (1765743546,))
2025-07-16 21:28:53,102 [DEBUG] [aiosqlite:106] operation functools.partial(<built-in method execute of sqlite3.Connection object at 0x00000208CF72F790>, 'SELECT first_name, last_name, role FROM users WHERE user_id = ?', (1765743546,)) completed
2025-07-16 21:28:53,116 [DEBUG] [aiosqlite:104] executing functools.partial(<built-in method fetchone of sqlite3.Cursor object at 0x00000208D1FE5CC0>)
2025-07-16 21:28:53,130 [DEBUG] [aiosqlite:106] operation functools.partial(<built-in method fetchone of sqlite3.Cursor object at 0x00000208D1FE5CC0>) completed
2025-07-16 21:28:53,136 [DEBUG] [aiosqlite:104] executing functools.partial(<built-in method close of sqlite3.Connection object at 0x00000208CF72F790>)
2025-07-16 21:28:53,138 [DEBUG] [aiosqlite:106] operation functools.partial(<built-in method close of sqlite3.Connection object at 0x00000208CF72F790>) completed
2025-07-16 21:28:53,139 [DEBUG] [aiosqlite:104] executing <function connect.<locals>.connector at 0x00000208CF75FF60>
2025-07-16 21:28:53,140 [DEBUG] [aiosqlite:106] operation <function connect.<locals>.connector at 0x00000208CF75FF60> completed
2025-07-16 21:28:53,149 [DEBUG] [aiosqlite:104] executing functools.partial(<built-in method execute of sqlite3.Connection object at 0x00000208CF72F880>, 'SELECT first_name, last_name, role FROM users WHERE user_id = ?', (5639896639,))
2025-07-16 21:28:53,150 [DEBUG] [aiosqlite:106] operation functools.partial(<built-in method execute of sqlite3.Connection object at 0x00000208CF72F880>, 'SELECT first_name, last_name, role FROM users WHERE user_id = ?', (5639896639,)) completed
2025-07-16 21:28:53,151 [DEBUG] [aiosqlite:104] executing functools.partial(<built-in method fetchone of sqlite3.Cursor object at 0x00000208D1FE7C40>)
2025-07-16 21:28:53,152 [DEBUG] [aiosqlite:106] operation functools.partial(<built-in method fetchone of sqlite3.Cursor object at 0x00000208D1FE7C40>) completed
2025-07-16 21:28:53,153 [DEBUG] [aiosqlite:104] executing functools.partial(<built-in method close of sqlite3.Connection object at 0x00000208CF72F880>)
2025-07-16 21:28:53,154 [DEBUG] [aiosqlite:106] operation functools.partial(<built-in method close of sqlite3.Connection object at 0x00000208CF72F880>) completed
2025-07-16 21:28:53,366 [DEBUG] [aiosqlite:104] executing <function connect.<locals>.connector at 0x00000208CF75FC40>
2025-07-16 21:28:53,368 [DEBUG] [aiosqlite:106] operation <function connect.<locals>.connector at 0x00000208CF75FC40> completed
2025-07-16 21:28:53,371 [DEBUG] [aiosqlite:104] executing functools.partial(<built-in method execute of sqlite3.Connection object at 0x00000208CF72D3F0>, 'SELECT first_name, last_name, role FROM users WHERE user_id = ?', (1018880781,))
2025-07-16 21:28:53,374 [DEBUG] [aiosqlite:106] operation functools.partial(<built-in method execute of sqlite3.Connection object at 0x00000208CF72D3F0>, 'SELECT first_name, last_name, role FROM users WHERE user_id = ?', (1018880781,)) completed
2025-07-16 21:28:53,377 [DEBUG] [aiosqlite:104] executing functools.partial(<built-in method fetchone of sqlite3.Cursor object at 0x00000208D1FCF440>)
2025-07-16 21:28:53,378 [DEBUG] [aiosqlite:106] operation functools.partial(<built-in method fetchone of sqlite3.Cursor object at 0x00000208D1FCF440>) completed
2025-07-16 21:28:53,380 [DEBUG] [aiosqlite:104] executing functools.partial(<built-in method close of sqlite3.Connection object at 0x00000208CF72D3F0>)
2025-07-16 21:28:53,381 [DEBUG] [aiosqlite:106] operation functools.partial(<built-in method close of sqlite3.Connection object at 0x00000208CF72D3F0>) completed
2025-07-16 21:28:53,731 [INFO] [aiogram.event:172] Update id=861001475 is handled. Duration 772 ms by bot id=7637424219
2025-07-16 21:28:56,612 [ERROR] [handlers.poll_details:80] Не удалось удалить старое сообщение детализации
Traceback (most recent call last):
  File "C:\Users\DELL\Desktop\gpt\Masterbot1\handlers\poll_details.py", line 78, in show_deal_callback_handler
    await callback.message.delete()
  File "C:\Users\DELL\AppData\Local\Programs\Python\Python313\Lib\site-packages\aiogram\methods\base.py", line 84, in emit
    return await bot(self)
           ^^^^^^^^^^^^^^^
  File "C:\Users\DELL\AppData\Local\Programs\Python\Python313\Lib\site-packages\aiogram\client\bot.py", line 478, in __call__
    return await self.session(self, method, timeout=request_timeout)
           ^^^^^^^^^^^^^^^^^^^^^^^^^^^^^^^^^^^^^^^^^^^^^^^^^^^^^^^^^
  File "C:\Users\DELL\AppData\Local\Programs\Python\Python313\Lib\site-packages\aiogram\client\session\base.py", line 254, in __call__
    return cast(TelegramType, await middleware(bot, method))
                              ^^^^^^^^^^^^^^^^^^^^^^^^^^^^^
  File "C:\Users\DELL\AppData\Local\Programs\Python\Python313\Lib\site-packages\aiogram\client\session\aiohttp.py", line 185, in make_request
    response = self.check_response(
        bot=bot, method=method, status_code=resp.status, content=raw_result
    )
  File "C:\Users\DELL\AppData\Local\Programs\Python\Python313\Lib\site-packages\aiogram\client\session\base.py", line 120, in check_response
    raise TelegramBadRequest(method=method, message=description)
aiogram.exceptions.TelegramBadRequest: Telegram server says - Bad Request: message to delete not found
2025-07-16 21:28:57,908 [INFO] [aiogram.event:172] Update id=861001476 is handled. Duration 1666 ms by bot id=7637424219
2025-07-16 21:29:04,821 [DEBUG] [aiosqlite:104] executing <function connect.<locals>.connector at 0x00000208CF75FC40>
2025-07-16 21:29:04,823 [DEBUG] [aiosqlite:106] operation <function connect.<locals>.connector at 0x00000208CF75FC40> completed
2025-07-16 21:29:04,825 [DEBUG] [aiosqlite:104] executing functools.partial(<built-in method execute of sqlite3.Connection object at 0x00000208CF72F970>, 'SELECT first_name, last_name, role FROM users WHERE user_id = ?', (1018880781,))
2025-07-16 21:29:04,827 [DEBUG] [aiosqlite:106] operation functools.partial(<built-in method execute of sqlite3.Connection object at 0x00000208CF72F970>, 'SELECT first_name, last_name, role FROM users WHERE user_id = ?', (1018880781,)) completed
2025-07-16 21:29:04,828 [DEBUG] [aiosqlite:104] executing functools.partial(<built-in method fetchone of sqlite3.Cursor object at 0x00000208D2004BC0>)
2025-07-16 21:29:04,829 [DEBUG] [aiosqlite:106] operation functools.partial(<built-in method fetchone of sqlite3.Cursor object at 0x00000208D2004BC0>) completed
2025-07-16 21:29:04,831 [DEBUG] [aiosqlite:104] executing functools.partial(<built-in method close of sqlite3.Connection object at 0x00000208CF72F970>)
2025-07-16 21:29:04,832 [DEBUG] [aiosqlite:106] operation functools.partial(<built-in method close of sqlite3.Connection object at 0x00000208CF72F970>) completed
2025-07-16 21:29:05,566 [INFO] [aiogram.event:172] Update id=861001477 is not handled. Duration 749 ms by bot id=7637424219
2025-07-16 21:29:05,567 [ERROR] [aiogram.event:315] Cause exception while process update id=861001477 by bot id=7637424219
ValidationError: 1 validation error for CallbackQuery
bot
  Instance is frozen [type=frozen_instance, input_value=<aiogram.client.bot.Bot o...t at 0x00000208CF724980>, input_type=Bot]
    For further information visit https://errors.pydantic.dev/2.11/v/frozen_instance
Traceback (most recent call last):
  File "C:\Users\DELL\AppData\Local\Programs\Python\Python313\Lib\site-packages\aiogram\dispatcher\dispatcher.py", line 309, in _process_update
    response = await self.feed_update(bot, update, **kwargs)
               ^^^^^^^^^^^^^^^^^^^^^^^^^^^^^^^^^^^^^^^^^^^^^
  File "C:\Users\DELL\AppData\Local\Programs\Python\Python313\Lib\site-packages\aiogram\dispatcher\dispatcher.py", line 158, in feed_update
    response = await self.update.wrap_outer_middleware(
               ^^^^^^^^^^^^^^^^^^^^^^^^^^^^^^^^^^^^^^^^
    ...<7 lines>...
    )
    ^
  File "C:\Users\DELL\AppData\Local\Programs\Python\Python313\Lib\site-packages\aiogram\dispatcher\middlewares\error.py", line 25, in __call__
    return await handler(event, data)
           ^^^^^^^^^^^^^^^^^^^^^^^^^^
  File "C:\Users\DELL\AppData\Local\Programs\Python\Python313\Lib\site-packages\aiogram\dispatcher\middlewares\user_context.py", line 56, in __call__
    return await handler(event, data)
           ^^^^^^^^^^^^^^^^^^^^^^^^^^
  File "C:\Users\DELL\AppData\Local\Programs\Python\Python313\Lib\site-packages\aiogram\fsm\middleware.py", line 42, in __call__
    return await handler(event, data)
           ^^^^^^^^^^^^^^^^^^^^^^^^^^
  File "C:\Users\DELL\AppData\Local\Programs\Python\Python313\Lib\site-packages\aiogram\dispatcher\event\telegram.py", line 121, in trigger
    return await wrapped_inner(event, kwargs)
           ^^^^^^^^^^^^^^^^^^^^^^^^^^^^^^^^^^
  File "C:\Users\DELL\AppData\Local\Programs\Python\Python313\Lib\site-packages\aiogram\dispatcher\event\handler.py", line 43, in call
    return await wrapped()
           ^^^^^^^^^^^^^^^
  File "C:\Users\DELL\AppData\Local\Programs\Python\Python313\Lib\site-packages\aiogram\dispatcher\dispatcher.py", line 276, in _listen_update
    return await self.propagate_event(update_type=update_type, event=event, **kwargs)
           ^^^^^^^^^^^^^^^^^^^^^^^^^^^^^^^^^^^^^^^^^^^^^^^^^^^^^^^^^^^^^^^^^^^^^^^^^^
  File "C:\Users\DELL\AppData\Local\Programs\Python\Python313\Lib\site-packages\aiogram\dispatcher\router.py", line 146, in propagate_event
    return await observer.wrap_outer_middleware(_wrapped, event=event, data=kwargs)
           ^^^^^^^^^^^^^^^^^^^^^^^^^^^^^^^^^^^^^^^^^^^^^^^^^^^^^^^^^^^^^^^^^^^^^^^^
  File "C:\Users\DELL\AppData\Local\Programs\Python\Python313\Lib\site-packages\aiogram\dispatcher\router.py", line 141, in _wrapped
    return await self._propagate_event(
           ^^^^^^^^^^^^^^^^^^^^^^^^^^^^
        observer=observer, update_type=update_type, event=telegram_event, **data
        ^^^^^^^^^^^^^^^^^^^^^^^^^^^^^^^^^^^^^^^^^^^^^^^^^^^^^^^^^^^^^^^^^^^^^^^^
    )
    ^
  File "C:\Users\DELL\AppData\Local\Programs\Python\Python313\Lib\site-packages\aiogram\dispatcher\router.py", line 174, in _propagate_event
    response = await router.propagate_event(update_type=update_type, event=event, **kwargs)
               ^^^^^^^^^^^^^^^^^^^^^^^^^^^^^^^^^^^^^^^^^^^^^^^^^^^^^^^^^^^^^^^^^^^^^^^^^^^^
  File "C:\Users\DELL\AppData\Local\Programs\Python\Python313\Lib\site-packages\aiogram\dispatcher\router.py", line 146, in propagate_event
    return await observer.wrap_outer_middleware(_wrapped, event=event, data=kwargs)
           ^^^^^^^^^^^^^^^^^^^^^^^^^^^^^^^^^^^^^^^^^^^^^^^^^^^^^^^^^^^^^^^^^^^^^^^^
  File "C:\Users\DELL\AppData\Local\Programs\Python\Python313\Lib\site-packages\aiogram\dispatcher\router.py", line 141, in _wrapped
    return await self._propagate_event(
           ^^^^^^^^^^^^^^^^^^^^^^^^^^^^
        observer=observer, update_type=update_type, event=telegram_event, **data
        ^^^^^^^^^^^^^^^^^^^^^^^^^^^^^^^^^^^^^^^^^^^^^^^^^^^^^^^^^^^^^^^^^^^^^^^^
    )
    ^
  File "C:\Users\DELL\AppData\Local\Programs\Python\Python313\Lib\site-packages\aiogram\dispatcher\router.py", line 166, in _propagate_event
    response = await observer.trigger(event, **kwargs)
               ^^^^^^^^^^^^^^^^^^^^^^^^^^^^^^^^^^^^^^^
  File "C:\Users\DELL\AppData\Local\Programs\Python\Python313\Lib\site-packages\aiogram\dispatcher\event\telegram.py", line 121, in trigger
    return await wrapped_inner(event, kwargs)
           ^^^^^^^^^^^^^^^^^^^^^^^^^^^^^^^^^^
  File "C:\Users\DELL\AppData\Local\Programs\Python\Python313\Lib\site-packages\aiogram\dispatcher\event\handler.py", line 43, in call
    return await wrapped()
           ^^^^^^^^^^^^^^^
  File "C:\Users\DELL\Desktop\gpt\Masterbot1\handlers\poll_details.py", line 279, in assign_swap_handler
    await refresh_deal_details(callback.from_user.id, deal_id)
  File "C:\Users\DELL\Desktop\gpt\Masterbot1\handlers\poll_details.py", line 238, in refresh_deal_details
    dummy.bot = bot
    ^^^^^^^^^
  File "C:\Users\DELL\AppData\Local\Programs\Python\Python313\Lib\site-packages\pydantic\main.py", line 997, in __setattr__
    elif (setattr_handler := self._setattr_handler(name, value)) is not None:
                             ~~~~~~~~~~~~~~~~~~~~~^^^^^^^^^^^^^
  File "C:\Users\DELL\AppData\Local\Programs\Python\Python313\Lib\site-packages\pydantic\main.py", line 1033, in _setattr_handler
    _check_frozen(cls, name, value)
    ~~~~~~~~~~~~~^^^^^^^^^^^^^^^^^^
  File "C:\Users\DELL\AppData\Local\Programs\Python\Python313\Lib\site-packages\pydantic\main.py", line 92, in _check_frozen
    raise ValidationError.from_exception_data(
        model_cls.__name__, [{'type': error_type, 'loc': (name,), 'input': value}]
    )
pydantic_core._pydantic_core.ValidationError: 1 validation error for CallbackQuery
bot
  Instance is frozen [type=frozen_instance, input_value=<aiogram.client.bot.Bot o...t at 0x00000208CF724980>, input_type=Bot]
    For further information visit https://errors.pydantic.dev/2.11/v/frozen_instance
